scheme_id,pair_id,outcome,candidate_id,candidate_lsoa21nm,candidate_street,candidate_hardware_names,candidate_countline_ids,candidate_countlines,candidate_local_authority,treated_imd_score,candidate_imd_score,absolute_imd_score_difference,treated_imd_decile,candidate_imd_decile,absolute_imd_decile_difference,treated_routes,candidate_routes,context_gate,common_pre_days,pre_date_coverage,minimum_month_coverage,treated_countline_coverage,candidate_countline_coverage,treated_mean,candidate_mean,level_ratio,treated_window_log_change,candidate_window_log_change,trend_log_change_distance,monthly_percentage_log_rmse,weekday_percentage_log_rmse,weekly_percentage_log_correlation,hard_gate,trajectory_score,total_match_score,rank_within_outcome,selected_control,trajectory_scale,trajectory_log_definition,road_type_used_for_selection
12d,12d | Liverpool 052A,cyclist,Liverpool 042C | fir ln,Liverpool 042C,fir ln,Fir Ln near Prince Alfred Rd,23780;23781,2,Liverpool,26.67,34.15,7.48,3,2,1,Path/cycle facility;Road,Path/cycle facility;Road,TRUE,85,0.80952380952381,0.642857142857143,0.872941176470588,1,37.4964705882353,38.7470588235294,1.03248578937718,0.386009232690292,0.441570247177605,0.0555610144873137,0.221666953911214,0.200088536223512,0.829861986556392,TRUE,0.138570977661182,0.263370977661182,1,TRUE,Pre-installation percentage index (mean = 100),log(percentage index / 100),FALSE
12d,12d | Liverpool 052A,cyclist,Liverpool 042C | prince alfred rd,Liverpool 042C,prince alfred rd,Prince Alfred Rd near Fir Ln,22877;22878;22879,3,Liverpool,26.67,34.15,7.48,3,2,1,Path/cycle facility;Road,Path/cycle facility;Road,TRUE,103,0.980952380952381,0.964285714285714,0.858252427184466,1,38.1097087378641,20.7022653721683,0.554907363734909,0.331997791326907,0.44817078420484,0.116172992877934,0.0499213054385919,0.0931013113770183,0.8254801218239,TRUE,0.252301329548319,0.377101329548319,2,FALSE,Pre-installation percentage index (mean = 100),log(percentage index / 100),FALSE
12d,12d | Liverpool 052A,cyclist,Knowsley 002B | kirkby row,Knowsley 002B,kirkby row,Kirkby Row near Whitefield Dr,23789;23790;23791,3,Knowsley,26.67,33.737,7.067,3,2,1,Path/cycle facility;Road,Path/cycle facility;Road,TRUE,86,0.819047619047619,0.5,0.846511627906977,1,38.4108527131783,31.6356589147287,0.828088119590873,0.238966187019585,0.315787857247201,0.0768216702276161,0.0173106078537884,0.113467662486946,0.929127384091991,FALSE,0.139414316309303,0.260084316309303,3,FALSE,Pre-installation percentage index (mean = 100),log(percentage index / 100),FALSE
12d,12d | Liverpool 052A,cyclist,Sefton 003D | park cres,Sefton 003D,park cres,Park Cres,40720;40721;40722,3,Sefton,26.67,18.584,8.086,3,5,2,Path/cycle facility;Road,Path/cycle facility;Road,FALSE,96,0.914285714285714,0.875,0.858333333333333,1,38.6173611111111,31.96875,0.832179354589914,0.346128095201657,0.410573084611071,0.064444989409414,0.0243479016615991,0.108350513812113,0.850690765537797,FALSE,0.119478037422849,0.30033803742285,4,FALSE,Pre-installation percentage index (mean = 100),log(percentage index / 100),FALSE
12d,12d | Liverpool 052A,cyclist,Sefton 003B | marshside rd,Sefton 003B,marshside rd,Marshside Rd near Fylde Rd,22884;22885;22886,3,Sefton,26.67,40.465,13.795,3,2,1,Path/cycle facility;Road,Path/cycle facility;Road,FALSE,104,0.990476190476191,0.964285714285714,0.861538461538462,1,38.2391025641026,31.698717948718,0.833319719667391,0.336214680855907,0.131731430078133,0.204483250777774,0.0948142415003242,0.250720628269632,0.791512149825766,FALSE,0.179890858521834,0.367840858521834,5,FALSE,Pre-installation percentage index (mean = 100),log(percentage index / 100),FALSE
12d,12d | Liverpool 052A,cyclist,Sefton 011D | liverpool rd,Sefton 011D,liverpool rd,Liverpool Rd near Saint Thomas More Dr,22871;26532;40723;40724,4,Sefton,26.67,15.515,11.155,3,6,3,Path/cycle facility;Road,Other / crossing;Path/cycle facility;Road,FALSE,104,0.990476190476191,0.964285714285714,0.861538461538462,0.980769230769231,38.2391025641026,34.5673076923077,0.906425105778185,0.336214680855907,0.46975551520604,0.133540834350133,0.0819892984264995,0.140485675839712,0.942768232745243,FALSE,0.107252317198373,0.368802317198373,6,FALSE,Pre-installation percentage index (mean = 100),log(percentage index / 100),FALSE
12d,12d | Liverpool 052A,cyclist,Wirral 009B | fender ln,Wirral 009B,fender ln,Fender Ln near Hoylake Rd,16367;16368;16390;16391;52615,5,Wirral,26.67,25.557,1.113,3,4,1,Path/cycle facility;Road,Path/cycle facility;Road,TRUE,103,0.980952380952381,0.964285714285714,0.864077669902913,0.994174757281553,38.3482200647249,18.0378640776699,0.483830375207672,0.338228254971722,0.545539517396518,0.207311262424796,0.0718671063767058,0.0830979081998547,0.867688487003443,FALSE,0.314791398050053,0.375921398050053,7,FALSE,Pre-installation percentage index (mean = 100),log(percentage index / 100),FALSE
12d,12d | Liverpool 052A,cyclist,St. Helens 020F | clock face rd,St. Helens 020F,clock face rd,Clock Face Rd near Gartons Ln,22898;22899;22900,3,St. Helens,26.67,25.825,0.845000000000002,3,4,1,Path/cycle facility;Road,Path/cycle facility;Road,TRUE,101,0.961904761904762,0.928571428571429,0.865346534653465,1,38.4171617161716,17.4554455445545,0.468208382872549,0.324717235619177,0.53512215935375,0.210404923734573,0.0601286083378303,0.0964008152580767,0.882148150370263,FALSE,0.325913628718386,0.384363628718386,8,FALSE,Pre-installation percentage index (mean = 100),log(percentage index / 100),FALSE
12d,12d | Liverpool 052A,cyclist,Halton 006B | cycle ln,Halton 006B,cycle ln,Cycle Ln near Liverpool Rd / Prescott Rd,16366,1,Halton,26.67,38.588,11.918,3,2,1,Path/cycle facility;Road,Path/cycle facility,FALSE,103,0.980952380952381,0.964285714285714,0.860194174757282,1,38.3831715210356,26.252427184466,0.691981527437672,0.336447984929737,0.172379564649005,0.164068420280732,0.0462302000736394,0.116614266731277,0.621376091276881,FALSE,0.219974154583083,0.389154154583082,9,FALSE,Pre-installation percentage index (mean = 100),log(percentage index / 100),FALSE
12d,12d | Liverpool 052A,cyclist,Sefton 004A | queen's rd,Sefton 004A,queen's rd,Queen's Rd near Hawkshead St,43346;43347,2,Sefton,26.67,40.356,13.686,3,2,1,Path/cycle facility;Road,Road,FALSE,103,0.980952380952381,0.928571428571429,0.864077669902913,1,38.1766990291262,66.2281553398058,1.7160239888977,0.340503431710084,0.265028370548677,0.075475061161407,0.0644384033621759,0.143195531035499,0.88665951853969,FALSE,0.230732967394683,0.417592967394683,10,FALSE,Pre-installation percentage index (mean = 100),log(percentage index / 100),FALSE
12d,12d | Liverpool 052A,cyclist,Wirral 019B | upton rd,Wirral 019B,upton rd,Upton Rd near Westwood Rd,41136;41137,2,Wirral,26.67,21.574,5.096,3,4,1,Path/cycle facility;Road,Path/cycle facility;Road,TRUE,102,0.971428571428571,0.928571428571429,0.862745098039216,1,38.243137254902,17.8872549019608,0.481288098331168,0.332052529387651,0.515000935254616,0.182948405866964,0.0763688961047485,0.109421838058862,0.816949683590629,FALSE,0.32150761057758,0.42246761057758,11,FALSE,Pre-installation percentage index (mean = 100),log(percentage index / 100),FALSE
12d,12d | Liverpool 052A,cyclist,Sefton 004G | hoghton st,Sefton 004G,hoghton st,Hoghton St near Hoghton Grove; Hoghton St near Queen's Rd,43340;43342;43343;43493;43494;43495,6,Sefton,26.67,45.56,18.89,3,1,2,Path/cycle facility;Road,Path/cycle facility;Road,FALSE,105,1,1,0.857142857142857,0.957142857142857,38.1749206349206,30.8619047619048,0.813324041134188,0.328426284914773,0.185311720302199,0.143114564612574,0.0784380035617186,0.129509216969484,0.86765053966448,FALSE,0.144639811874971,0.433539811874971,12,FALSE,Pre-installation percentage index (mean = 100),log(percentage index / 100),FALSE
12d,12d | Liverpool 052A,cyclist,Sefton 004D | hall st,Sefton 004D,hall st,Hall St near East St,40737;40738;40739,3,Sefton,26.67,33.442,6.772,3,2,1,Path/cycle facility;Road,Other / crossing;Path/cycle facility;Road,TRUE,103,0.980952380952381,0.964285714285714,0.860194174757282,1,38.3831715210356,17.3430420711974,0.465758377569971,0.336447984929737,0.141090501515999,0.195357483413738,0.081101312989463,0.0850194617807522,0.86008031301922,FALSE,0.326508419546039,0.444228419546039,13,FALSE,Pre-installation percentage index (mean = 100),log(percentage index / 100),FALSE
12d,12d | Liverpool 052A,cyclist,Liverpool 057D | saint mary's rd,Liverpool 057D,saint mary's rd,Saint Mary's Rd near Sidwell St,16375;16376;16395,3,Liverpool,26.67,45.859,19.189,3,1,2,Path/cycle facility;Road,Path/cycle facility;Road,FALSE,104,0.990476190476191,0.964285714285714,0.861538461538462,0.923076923076923,38.2391025641026,53.1442307692308,1.37985395259177,0.336214680855907,0.41689169194852,0.0806770110926126,0.0684025341158464,0.161395277399887,0.820204761051987,FALSE,0.169900937703939,0.461790937703939,14,FALSE,Pre-installation percentage index (mean = 100),log(percentage index / 100),FALSE
12d,12d | Liverpool 052A,cyclist,St. Helens 024E | peasley cross ln,St. Helens 024E,peasley cross ln,Peasley Cross Ln near McManus Dr,22882;22883,2,St. Helens,26.67,40.867,14.197,3,2,1,Path/cycle facility;Road,Path/cycle facility;Road,FALSE,101,0.961904761904762,0.928571428571429,0.861386138613861,1,38.0871287128713,17.7128712871287,0.478747656922843,0.344975937392532,0.273063456400831,0.0719124809917007,0.0493189529149136,0.0947360049005487,0.805995772737971,FALSE,0.290097307389223,0.482067307389223,15,FALSE,Pre-installation percentage index (mean = 100),log(percentage index / 100),FALSE
12d,12d | Liverpool 052A,cyclist,Sefton 026B | maghull ln,Sefton 026B,maghull ln,Maghull Ln near Maghull Ln Interchange,40745;40746,2,Sefton,26.67,26.451,0.219000000000001,3,4,1,Path/cycle facility;Road,Other / crossing;Path/cycle facility,TRUE,102,0.971428571428571,0.928571428571429,0.862745098039216,1,38.321568627451,9.6421568627451,0.270644260496659,0.340736735783913,0.336189295564985,0.00454744021892822,0.0431865787764964,0.115305752292308,0.861836840260543,FALSE,0.439068815810674,0.491258815810674,16,FALSE,Pre-installation percentage index (mean = 100),log(percentage index / 100),FALSE
12d,12d | Liverpool 052A,cyclist,Sefton 004D | hawkshead st,Sefton 004D,hawkshead st,Hawkshead St near Kestrel Ct,40734;40735;40736,3,Sefton,26.67,33.442,6.772,3,2,1,Path/cycle facility;Road,Path/cycle facility;Road,TRUE,101,0.961904761904762,0.892857142857143,0.869306930693069,1,38.2356435643564,12.3531353135314,0.340331751959894,0.327680375009669,0.201694327918756,0.125986047090913,0.0561080528871509,0.0822914458285525,0.926446110480169,FALSE,0.395449532924036,0.513169532924036,17,FALSE,Pre-installation percentage index (mean = 100),log(percentage index / 100),FALSE
12d,12d | Liverpool 052A,cyclist,Halton 015B | crown gate,Halton 015B,crown gate,Crown Gate,16363,1,Halton,26.67,58.811,32.141,3,1,2,Path/cycle facility;Road,Road,FALSE,103,0.980952380952381,0.928571428571429,0.864077669902913,1,38.1766990291262,31.8349514563107,0.838124504361618,0.340503431710084,0.215949961727063,0.124553469983021,0.0587269352428429,0.0904898012389121,0.882838287676957,FALSE,0.127945416822806,0.549355416822806,18,FALSE,Pre-installation percentage index (mean = 100),log(percentage index / 100),FALSE
12d,12d | Liverpool 052A,cyclist,Wirral 034B | arrowe park rd,Wirral 034B,arrowe park rd,Arrowe Park Rd,23796;23797;23798,3,Wirral,26.67,18.837,7.833,3,5,2,Path/cycle facility;Road,Path/cycle facility,FALSE,100,0.952380952380952,0.9,0.868,1,37.948,15.4133333333333,0.421416589640889,0.336985232495421,0.560888711809526,0.223903479314105,0.0875865166453514,0.169836232335198,0.909973594706157,FALSE,0.372700412441963,0.551030412441963,19,FALSE,Pre-installation percentage index (mean = 100),log(percentage index / 100),FALSE
12d,12d | Liverpool 052A,cyclist,Liverpool 024D | west derby rd,Liverpool 024D,west derby rd,"West Derby Rd - Eastbound, near Sheil Rd; West Derby Rd - Westbound, near Sheil Rd",15104;15106;15160;15161;15162,5,Liverpool,26.67,64.417,37.747,3,1,2,Path/cycle facility;Road,Path/cycle facility;Road,FALSE,101,0.961904761904762,0.935483870967742,0.873267326732673,0.944554455445545,38.1353135313531,39.6782178217822,1.03942486085343,0.334374614730578,0.429589385546838,0.0952147708162608,0.0303806990452881,0.0714371144327885,0.810784652247178,FALSE,0.076240266055314,0.553710266055314,20,FALSE,Pre-installation percentage index (mean = 100),log(percentage index / 100),FALSE
12d,12d | Liverpool 052A,cyclist,Sefton 004I | talbot st,Sefton 004I,talbot st,Talbot St near Portland St,16370;16371;16372,3,Sefton,26.67,55.692,29.022,3,1,2,Path/cycle facility;Road,Other / crossing;Road,FALSE,102,0.971428571428571,0.9375,0.858823529411765,1,38.4261437908497,25.5751633986928,0.674049268923444,0.31951295477206,0.376174502273279,0.0566615475012182,0.0391982524582919,0.0586086978508525,0.939356668662747,FALSE,0.163878256678309,0.554098256678309,21,FALSE,Pre-installation percentage index (mean = 100),log(percentage index / 100),FALSE
12d,12d | Liverpool 052A,cyclist,Wirral 031C | new chester rd,Wirral 031C,new chester rd,New Chester Rd near Sefton Rd,16381;16382;16383,3,Wirral,26.67,44.541,17.871,3,1,2,Path/cycle facility;Road,Other / crossing;Road,FALSE,102,0.971428571428571,0.9375,0.862745098039216,1,38.4457516339869,80.3986928104575,2.06356044538706,0.321924255850952,0.416853471334411,0.0949292154834591,0.0485609890667919,0.0786709912636025,0.887223587136957,FALSE,0.281335417353492,0.560045417353492,22,FALSE,Pre-installation percentage index (mean = 100),log(percentage index / 100),FALSE
12d,12d | Liverpool 052A,cyclist,Sefton 037D | merton rd,Sefton 037D,merton rd,Merton Rd near Washington Parade,16353;16392,2,Sefton,26.67,66.265,39.595,3,1,2,Path/cycle facility;Road,Path/cycle facility;Road,FALSE,104,0.990476190476191,0.964285714285714,0.861538461538462,0.980769230769231,38.2391025641026,40.2067307692308,1.05014457713231,0.336214680855907,0.400249070477507,0.0640343896215993,0.0211373781177011,0.148313048117417,0.858854656247191,FALSE,0.0720837095987006,0.568033709598701,23,FALSE,Pre-installation percentage index (mean = 100),log(percentage index / 100),FALSE
12d,12d | Liverpool 052A,cyclist,Wirral 027D | new chester rd,Wirral 027D,new chester rd,New Chester Rd near Bedford Rd; New Chester Rd near St Paul's Rd,16350;16351;16352;16356;16357;16358,6,Wirral,26.67,59.878,33.208,3,1,2,Path/cycle facility;Road,Path/cycle facility;Road,FALSE,105,1,1,0.857142857142857,0.995238095238095,38.1749206349206,45.9952380952381,1.19962561081353,0.328426284914773,0.499910265597326,0.171483980682554,0.0587966043047538,0.085379514850577,0.886857582044625,FALSE,0.13599012635472,0.56807012635472,24,FALSE,Pre-installation percentage index (mean = 100),log(percentage index / 100),FALSE
12d,12d | Liverpool 052A,cyclist,Liverpool 027A | prescot rd,Liverpool 027A,prescot rd,Prescot Rd near Barrymore Rd; Prescot Rd near Dunmore Rd,22890;22891;22892;22893,4,Liverpool,26.67,60.219,33.549,3,1,2,Path/cycle facility;Road,Path/cycle facility;Road,FALSE,104,0.990476190476191,0.964285714285714,0.861538461538462,0.985576923076923,38.2391025641026,49.6995192307692,1.29206622776208,0.336214680855907,0.46882948146541,0.132614800609503,0.0279053601646398,0.0634729705540132,0.918671183569266,FALSE,0.138551577899937,0.574041577899937,25,FALSE,Pre-installation percentage index (mean = 100),log(percentage index / 100),FALSE
12d,12d | Liverpool 052A,cyclist,Halton 012F | queensway,Halton 012F,queensway,Queensway near New Rbt,40834;40835,2,Halton,26.67,36.719,10.049,3,2,1,Path/cycle facility;Road,Path/cycle facility;Road,FALSE,100,0.952380952380952,0.875,0.862,1,38.177,137.7,3.54034254792353,0.324628116191801,0.345650329686776,0.0210222134949751,0.0825931406194053,0.12581766822589,0.91077608542323,FALSE,0.438076338383165,0.588566338383165,26,FALSE,Pre-installation percentage index (mean = 100),log(percentage index / 100),FALSE
12d,12d | Liverpool 052A,cyclist,Liverpool 059F | western ave,Liverpool 059F,western ave,Western Ave near of Bray Rd,16361;16386;16387,3,Liverpool,26.67,58.134,31.464,3,1,2,Path/cycle facility;Road,Path/cycle facility;Road,FALSE,102,0.971428571428571,0.928571428571429,0.866666666666667,0.993464052287582,38.2862745098039,31.516339869281,0.827676848339655,0.342517005825898,0.528860146127673,0.186343140301775,0.0739333740699419,0.0846513547220964,0.62847447182887,FALSE,0.175069761627464,0.589709761627464,27,FALSE,Pre-installation percentage index (mean = 100),log(percentage index / 100),FALSE
12d,12d | Liverpool 052A,cyclist,Liverpool 023B | breck rd,Liverpool 023B,breck rd,Breck Rd near Spindle Close,22872;22873;22874,3,Liverpool,26.67,46.712,20.042,3,1,2,Path/cycle facility;Road,Other / crossing;Path/cycle facility,FALSE,100,0.952380952380952,0.857142857142857,0.876,1,37.924,28.9566666666667,0.769619429315247,0.341418010946965,0.862828863297299,0.521410852350335,0.185125121058,0.104386004855679,0.802619634262332,FALSE,0.291835924069599,0.592255924069599,28,FALSE,Pre-installation percentage index (mean = 100),log(percentage index / 100),FALSE
12d,12d | Liverpool 052A,cyclist,Liverpool 047D | woolton rd,Liverpool 047D,woolton rd,Woolton Rd near Hope Park,22868;22869,2,Liverpool,26.67,7.072,19.598,3,9,6,Path/cycle facility;Road,Other / crossing;Path/cycle facility,FALSE,104,0.990476190476191,0.964285714285714,0.861538461538462,1,38.2391025641026,43.0528846153846,1.12267818927352,0.336214680855907,0.383772583867857,0.0475579030119499,0.124046603072349,0.136181308525256,0.892928807948991,FALSE,0.104924149489259,0.600904149489259,29,FALSE,Pre-installation percentage index (mean = 100),log(percentage index / 100),FALSE
12d,12d | Liverpool 052A,cyclist,St. Helens 022A | warrington rd,St. Helens 022A,warrington rd,Warrington Rd near Clock Face Rd,22894;22895;22896,3,St. Helens,26.67,40.354,13.684,3,2,1,Path/cycle facility;Road,Other / crossing;Path/cycle facility,FALSE,103,0.980952380952381,0.928571428571429,0.864077669902913,1,38.1766990291262,13.4077669902913,0.36776367961935,0.340503431710084,0.679220986217467,0.338717554507383,0.110770025798206,0.180187782574001,0.91143662344901,FALSE,0.445122852340632,0.631962852340632,30,FALSE,Pre-installation percentage index (mean = 100),log(percentage index / 100),FALSE
12d,12d | Liverpool 052A,cyclist,Liverpool 011C | utting ave east,Liverpool 011C,utting ave east,Utting Ave East near Parthenon Dr,22889,1,Liverpool,26.67,57.15,30.48,3,1,2,Path/cycle facility;Road,Road,FALSE,105,1,1,0.857142857142857,1,38.1749206349206,25.6095238095238,0.679248952601681,0.328426284914773,0.0894535576215995,0.238972727293173,0.0885198552737099,0.0840750855594456,0.736000383634605,FALSE,0.235427752014149,0.640227752014149,31,FALSE,Pre-installation percentage index (mean = 100),log(percentage index / 100),FALSE
12d,12d | Liverpool 052A,cyclist,Liverpool 060C | london rd,Liverpool 060C,london rd,"London Rd - Eastbound, near Norton St; London Rd - Westbound, near Norton St",23807;23808,2,Liverpool,26.67,24.01,2.66,3,4,1,Path/cycle facility;Road,Road,TRUE,104,0.990476190476191,0.964285714285714,0.861538461538462,0.990384615384615,38.2391025641026,217.490384615385,5.56817996177283,0.336214680855907,0.410518655885019,0.0743039750291111,0.0363970999162264,0.0764070785330665,0.908203883533003,FALSE,0.566500418663895,0.643100418663895,32,FALSE,Pre-installation percentage index (mean = 100),log(percentage index / 100),FALSE
12d,12d | Liverpool 052A,cyclist,Liverpool 061C | liver st,Liverpool 061C,liver st,Liver St near Park Ln,16364;16365;16388;16389,4,Liverpool,26.67,15.028,11.642,3,6,3,Path/cycle facility;Road,Path/cycle facility;Road,FALSE,105,1,1,0.857142857142857,0.947619047619048,38.1749206349206,109.95,2.83216910721955,0.328426284914773,0.493359531433222,0.164933246518449,0.0704302135355891,0.0844961221294863,0.853195041347824,FALSE,0.395286138053699,0.661706138053699,33,FALSE,Pre-installation percentage index (mean = 100),log(percentage index / 100),FALSE
12d,12d | Liverpool 052A,cyclist,Liverpool 060G | leece st,Liverpool 060G,leece st,"Leece St - Eastbound, near Roscoe St; Leece St near Roscoe St",22880;22881;22887;22888,4,Liverpool,26.67,24.323,2.347,3,4,1,Path/cycle facility;Road,Path/cycle facility;Road,TRUE,103,0.980952380952381,0.9375,0.860194174757282,0.980582524271845,38.2045307443366,248.138349514563,6.35483564742204,0.340254668233666,0.322135792530953,0.0181188757027129,0.0108828497633351,0.0964541052414387,0.923735062986001,FALSE,0.588839804244491,0.662309804244491,34,FALSE,Pre-installation percentage index (mean = 100),log(percentage index / 100),FALSE
12d,12d | Liverpool 052A,cyclist,Halton 015B | busway,Halton 015B,busway,"Busway near Palacefields Ave; Busway, near Palacefields Ave",16369;22875,2,Halton,26.67,58.811,32.141,3,1,2,Path/cycle facility;Road,Other / crossing;Road,FALSE,96,0.914285714285714,0.833333333333333,0.875,0.536458333333333,37.2423611111111,28.9947916666667,0.78433419891409,0.308888970407888,0.0152463163831283,0.29364265402476,0.146527568390917,0.0679984097749935,0.649994043539718,FALSE,0.246938767360967,0.668348767360968,35,FALSE,Pre-installation percentage index (mean = 100),log(percentage index / 100),FALSE
12d,12d | Liverpool 052A,cyclist,Knowsley 003D | cherryfield dr,Knowsley 003D,cherryfield dr,Cherryfield Dr near Cherryfield Cres,16347;16348;16349,3,Knowsley,26.67,60.307,33.637,3,1,2,Path/cycle facility;Road,Path/cycle facility;Road,FALSE,104,0.990476190476191,0.964285714285714,0.861538461538462,1,38.2391025641026,21.1602564102564,0.564749317955336,0.336214680855907,0.215977705209283,0.120236975646624,0.0669993838638825,0.174569958202015,0.904577161572168,FALSE,0.251055381430747,0.687425381430747,36,FALSE,Pre-installation percentage index (mean = 100),log(percentage index / 100),FALSE
12d,12d | Liverpool 052A,cyclist,Wirral 003B | harrison dr,Wirral 003B,harrison dr,Harrison Dr,23802;23803;23804,3,Wirral,26.67,9.32,17.35,3,8,5,Path/cycle facility;Road,Path/cycle facility;Road,FALSE,88,0.838095238095238,0.625,0.836363636363636,1,38.805303030303,27.8181818181818,0.723978455741012,0.251369037405978,0.535388605548308,0.28401956814233,0.10215215493349,0.24275526101753,0.762120756390266,FALSE,0.271423923052955,0.694923923052955,37,FALSE,Pre-installation percentage index (mean = 100),log(percentage index / 100),FALSE
12d,12d | Liverpool 052A,cyclist,Sefton 009F | waterloo rd,Sefton 009F,waterloo rd,Waterloo Rd near Cromer Rd; Waterloo Rd near Grnbank Dr,22870;40725;40726,3,Sefton,26.67,7.398,19.272,3,9,6,Path/cycle facility;Road,Other / crossing;Path/cycle facility;Road,FALSE,105,1,1,0.857142857142857,0.974603174603175,38.1749206349206,28.0730158730159,0.742133370069935,0.328426284914773,0.562632129257814,0.234205844343041,0.135893048061936,0.254700411794606,0.876653724832703,FALSE,0.218875647648519,0.711595647648519,38,FALSE,Pre-installation percentage index (mean = 100),log(percentage index / 100),FALSE
12d,12d | Liverpool 052A,cyclist,Liverpool 022D | commercial rd,Liverpool 022D,commercial rd,Commercial Rd near Boundary St,16379;16380;16402;16403,4,Liverpool,26.67,72.513,45.843,3,1,2,Path/cycle facility;Road,Path/cycle facility;Road,FALSE,104,0.990476190476191,0.964285714285714,0.861538461538462,0.947115384615385,38.2391025641026,42.4783653846154,1.10803669155245,0.336214680855907,0.64040890382399,0.304194222968082,0.102559327830791,0.0679796904519367,0.832198659486452,FALSE,0.157456186189379,0.715886186189379,39,FALSE,Pre-installation percentage index (mean = 100),log(percentage index / 100),FALSE
12d,12d | Liverpool 052A,cyclist,St. Helens 022F | clock face rd,St. Helens 022F,clock face rd,Clock Face Rd; Clock Face Rd near Chester Ln; Clock Face Rd near Four Acre Ln,16354;16355;16396;47639;47641;47642;47825;52939,8,St. Helens,26.67,17.475,9.195,3,6,3,Path/cycle facility;Road,Other / crossing;Path/cycle facility;Road,FALSE,92,0.876190476190476,0.857142857142857,0.856521739130435,0.923913043478261,38.6601449275362,14.3532608695652,0.387120644607261,0.312523906152908,0.799589794206918,0.48706588805401,0.164014582257029,0.113433117091832,0.861985429990507,FALSE,0.481122723134649,0.723072723134649,40,FALSE,Pre-installation percentage index (mean = 100),log(percentage index / 100),FALSE
12d,12d | Liverpool 052A,cyclist,Liverpool 010G | utting ave east,Liverpool 010G,utting ave east,Utting Ave East near Lorenzo Dr,23795,1,Liverpool,26.67,58.76,32.09,3,1,2,Path/cycle facility;Road,Road,FALSE,103,0.980952380952381,0.964285714285714,0.864077669902913,1,38.3805825242718,17.7281553398058,0.475568265864602,0.336732483885771,0.38546000304851,0.0487275191627383,0.0443597275146882,0.149326188481015,0.641648056102795,FALSE,0.304329302518685,0.725229302518685,41,FALSE,Pre-installation percentage index (mean = 100),log(percentage index / 100),FALSE
12d,12d | Liverpool 052A,cyclist,St. Helens 022F | chester ln,St. Helens 022F,chester ln,Chester Ln; Chester Ln near Four Acre Ln; Chester Ln near Marshalls Cross Rd,16672;16673;16676;47643;47725;47826;47827,7,St. Helens,26.67,17.475,9.195,3,6,3,Path/cycle facility;Road,Other / crossing;Path/cycle facility;Road,FALSE,103,0.980952380952381,0.964285714285714,0.869902912621359,0.990291262135922,38.1880258899676,29.8770226537217,0.787919828889018,0.33228624529453,-0.611138855459233,0.943425100753763,0.668682600248883,0.191249843652233,0.476289439175884,FALSE,0.521354028686279,0.763304028686279,42,FALSE,Pre-installation percentage index (mean = 100),log(percentage index / 100),FALSE
12d,12d | Liverpool 052A,cyclist,Knowsley 008F | stockbridge ln,Knowsley 008F,stockbridge ln,Stockbridge Ln near Waterpark Dr,23811;23812;23813,3,Knowsley,26.67,77.148,50.478,3,1,2,Path/cycle facility;Road,Path/cycle facility;Road,FALSE,103,0.980952380952381,0.9375,0.860194174757282,1,38.3346278317152,27.6699029126214,0.728871848877773,0.319910681735137,0.462331306824359,0.142420625089222,0.0405726859264261,0.103811262919366,0.798907784406655,FALSE,0.180154919338636,0.784934919338636,43,FALSE,Pre-installation percentage index (mean = 100),log(percentage index / 100),FALSE
12d,12d | Liverpool 052A,cyclist,Knowsley 004A | kirkby row,Knowsley 004A,kirkby row,Kirkby Row near Valley Rd,23792;23793;23794,3,Knowsley,26.67,70.978,44.308,3,1,2,Path/cycle facility;Road,Path/cycle facility;Road,FALSE,102,0.971428571428571,0.928571428571429,0.866666666666667,1,38.318954248366,21.3333333333333,0.56800425546062,0.341021234739947,0.603099965860398,0.262078731120451,0.0700022157661776,0.0973581986217015,0.902010332835562,FALSE,0.280409489662904,0.823489489662904,44,FALSE,Pre-installation percentage index (mean = 100),log(percentage index / 100),FALSE
12d,12d | Liverpool 052A,cyclist,Sefton 002C | preston new rd,Sefton 002C,preston new rd,Preston New Rd near Mallee Cres; Preston New Rd near Rathmore Cres,40730;40731;40732;40733,4,Sefton,26.67,7.648,19.022,3,9,6,Path/cycle facility;Road,Path/cycle facility;Road,FALSE,103,0.980952380952381,0.964285714285714,0.860194174757282,0.995145631067961,38.3831715210356,15.7766990291262,0.425986490706198,0.336447984929737,0.493990217813128,0.157542232883391,0.0671368922317193,0.114626113678128,0.801569431013285,FALSE,0.34960856653917,0.83982856653917,45,FALSE,Pre-installation percentage index (mean = 100),log(percentage index / 100),FALSE
12d,12d | Liverpool 052A,cyclist,Sefton 004H | king st,Sefton 004H,king st,King St near Wellington St,40740;40741;40742,3,Sefton,26.67,55.692,29.022,3,1,2,Path/cycle facility;Road,Path/cycle facility;Road,FALSE,101,0.961904761904762,0.892857142857143,0.861386138613861,1,38.2277227722772,12.4488448844885,0.34284031633855,0.334238793911209,0.0755495378214489,0.25868925608976,0.106517929183784,0.0768227161692585,0.738024354705235,FALSE,0.455195480912304,0.845415480912304,46,FALSE,Pre-installation percentage index (mean = 100),log(percentage index / 100),FALSE
12d,12d | Liverpool 052A,cyclist,Halton 014D | murdishaw centre,Halton 014D,murdishaw centre,Murdishaw Centre,23806,1,Halton,26.67,58.314,31.644,3,1,2,Path/cycle facility;Road,Road,FALSE,103,0.980952380952381,0.928571428571429,0.864077669902913,1,38.1766990291262,12.5145631067961,0.344964314036479,0.340503431710084,0.731043724496433,0.39054029278635,0.104727953288968,0.0887281938690551,0.802027403919517,FALSE,0.477864960340869,0.894304960340869,47,FALSE,Pre-installation percentage index (mean = 100),log(percentage index / 100),FALSE
12d,12d | Liverpool 052A,cyclist,Sefton 009A | dover rd,Sefton 009A,dover rd,Dover Rd near Conyers Ave,40743;40744,2,Sefton,26.67,8.868,17.802,3,8,5,Path/cycle facility;Road,Path/cycle facility;Road,FALSE,101,0.961904761904762,0.928571428571429,0.867326732673267,1,37.9957095709571,11.8663366336634,0.329942364819689,0.299967367032943,0.617083495357147,0.317116128324204,0.177204621744285,0.163544072721241,0.895653349131441,FALSE,0.486270070182397,0.914290070182397,48,FALSE,Pre-installation percentage index (mean = 100),log(percentage index / 100),FALSE
12d,12d | Liverpool 052A,cyclist,Sefton 009F | trafalgar rd,Sefton 009F,trafalgar rd,Trafalgar Rd near Churchfields,40727;40728;40729,3,Sefton,26.67,7.398,19.272,3,9,6,Path/cycle facility;Road,Path/cycle facility;Road,FALSE,99,0.942857142857143,0.892857142857143,0.870707070707071,1,38.4558922558923,11.1885521885522,0.30891589295467,0.337983813665523,0.433577680664182,0.0955938669986597,0.0594666650821095,0.0903806534341329,0.8463017455797,FALSE,0.427284491796558,0.920004491796558,49,FALSE,Pre-installation percentage index (mean = 100),log(percentage index / 100),FALSE
12d,12d | Liverpool 052A,cyclist,Liverpool 058C | western ave,Liverpool 058C,western ave,Western Ave near of Bray Rd,16362,1,Liverpool,26.67,54.692,28.022,3,1,2,Path/cycle facility;Road,Road,FALSE,100,0.952380952380952,0.928571428571429,0.868,1,38.5313333333333,21.53,0.569927652326425,0.326730809734992,-0.232265882698082,0.558996692433074,0.253584719671476,0.266242644300143,-0.610520139012176,FALSE,0.559368531911899,0.939588531911899,50,FALSE,Pre-installation percentage index (mean = 100),log(percentage index / 100),FALSE
12d,12d | Liverpool 052A,cyclist,Halton 007B | grn oaks way,Halton 007B,grn oaks way,Grn Oaks Way,16359;16401,2,Halton,26.67,42.077,15.407,3,2,1,Path/cycle facility;Road,Other / crossing;Road,FALSE,102,0.971428571428571,0.928571428571429,0.862745098039216,1,38.2725490196078,2.58823529411765,0.0913675171002047,0.324199432589314,0.336539959779841,0.0123405271905267,0.0527330418338336,0.155654635071518,0.853172390394364,FALSE,0.773602286669883,0.977672286669883,51,FALSE,Pre-installation percentage index (mean = 100),log(percentage index / 100),FALSE
12d,12d | Liverpool 052A,cyclist,Sefton 004I | chapel st,Sefton 004I,chapel st,Chapel St,16360,1,Sefton,26.67,55.692,29.022,3,1,2,Path/cycle facility;Road,Road,FALSE,100,0.952380952380952,0.928571428571429,0.864,1,38.2186666666667,253.09,6.47880261100157,0.335584057182146,0.235365812632341,0.100218244549804,0.0550695450714221,0.0850131403429239,0.903870316424335,FALSE,0.627495846807074,1.01771584680707,52,FALSE,Pre-installation percentage index (mean = 100),log(percentage index / 100),FALSE
12d,12d | Liverpool 052A,cyclist,Halton 014D | busway,Halton 014D,busway,Busway near Stockham Ln,22897;54966;54967,3,Halton,26.67,58.314,31.644,3,1,2,Path/cycle facility;Road,Other / crossing;Path/cycle facility,FALSE,74,0.704761904761905,0,0.821621621621622,1,37.9783783783784,5.84234234234234,0.175541996024592,0.715698975893065,0.735403777616267,0.0197048017232023,0.0385324566550286,0.0950288071912128,0.845251911538538,FALSE,0.63325429634238,1.04969429634238,53,FALSE,Pre-installation percentage index (mean = 100),log(percentage index / 100),FALSE
12d,12d | Liverpool 052A,cyclist,Liverpool 035G | upper parliament st,Liverpool 035G,upper parliament st,Upper Parliament St near Tunnel Rd,22876;23038;23039,3,Liverpool,26.67,58.2923711892797,31.6223711892797,3,1,2,Path/cycle facility;Road,Other / crossing;Path/cycle facility,FALSE,105,1,1,0.857142857142857,1,38.1749206349206,290.295238095238,7.43575821913923,0.328426284914773,0.27579853300175,0.0526277519130227,0.104226005433203,0.077374734395487,0.888615088202112,FALSE,0.661911127153667,1.07813483904646,54,FALSE,Pre-installation percentage index (mean = 100),log(percentage index / 100),FALSE
12d,12d | Liverpool 052A,cyclist,Liverpool 047C | woolton rd,Liverpool 047C,woolton rd,Woolton Rd near Hope Park,22867,1,Liverpool,26.67,3.939,22.731,3,10,7,Path/cycle facility;Road,Path/cycle facility,FALSE,104,0.990476190476191,0.964285714285714,0.861538461538462,1,38.2391025641026,10.5865384615385,0.295280414291082,0.336214680855907,-0.348954121648927,0.685168802504835,0.304282433532023,0.306654752866714,0.223357899038132,FALSE,0.715612299565413,1.29292229956541,55,FALSE,Pre-installation percentage index (mean = 100),log(percentage index / 100),FALSE
12d,12d | Liverpool 052A,cyclist,Halton 014A | barnfield ave,Halton 014A,barnfield ave,Barnfield Ave,49477;49478,2,Halton,26.67,27.06,0.389999999999997,3,3,0,Path/cycle facility;Road,Road,TRUE,0,0,0,0,0,,,,,,Inf,Inf,Inf,,FALSE,Inf,Inf,56,FALSE,Pre-installation percentage index (mean = 100),log(percentage index / 100),FALSE
12d,12d | Liverpool 052A,cyclist,Halton 014A | wood ln,Halton 014A,wood ln,Wood Ln,49938;49939,2,Halton,26.67,27.06,0.389999999999997,3,3,0,Path/cycle facility;Road,Other / crossing,TRUE,0,0,0,0,0,,,,,,Inf,Inf,Inf,,FALSE,Inf,Inf,57,FALSE,Pre-installation percentage index (mean = 100),log(percentage index / 100),FALSE
12d,12d | Liverpool 052A,cyclist,St. Helens 004F | ravenhead greenway,St. Helens 004F,ravenhead greenway,Ravenhead Greenway,51819,1,St. Helens,26.67,27.133,0.462999999999997,3,3,0,Path/cycle facility;Road,Path/cycle facility,TRUE,0,0,0,0,0,,,,,,Inf,Inf,Inf,,FALSE,Inf,Inf,58,FALSE,Pre-installation percentage index (mean = 100),log(percentage index / 100),FALSE
12d,12d | Liverpool 052A,cyclist,Halton 008D | ditton rd,Halton 008D,ditton rd,"Ditton Rd, W of St. Michael's Rd",49555;49556;49557,3,Halton,26.67,26.19,0.48,3,4,1,Path/cycle facility;Road,Path/cycle facility;Road,TRUE,0,0,0,0,0,,,,,,Inf,Inf,Inf,,FALSE,Inf,Inf,59,FALSE,Pre-installation percentage index (mean = 100),log(percentage index / 100),FALSE
12d,12d | Liverpool 052A,cyclist,Sefton 033A | school ln,Sefton 033A,school ln,School Ln near Moss Ln,50028;50029;50030,3,Sefton,26.67,25.806,0.864000000000001,3,4,1,Path/cycle facility;Road,Path/cycle facility;Road,TRUE,0,0,0,0,0,,,,,,Inf,Inf,Inf,,FALSE,Inf,Inf,60,FALSE,Pre-installation percentage index (mean = 100),log(percentage index / 100),FALSE
12d,12d | Liverpool 052A,cyclist,Sefton 033A | school ln & oxford ave,Sefton 033A,school ln & oxford ave,School Ln & Oxford Ave,50024;50025;50026;50027,4,Sefton,26.67,25.806,0.864000000000001,3,4,1,Path/cycle facility;Road,Path/cycle facility;Road,TRUE,0,0,0,0,0,,,,,,Inf,Inf,Inf,,FALSE,Inf,Inf,61,FALSE,Pre-installation percentage index (mean = 100),log(percentage index / 100),FALSE
12d,12d | Liverpool 052A,cyclist,Liverpool 034E | queens dr,Liverpool 034E,queens dr,"Queens Dr, N of M62 (SB traffic)",54545;55270,2,Liverpool,26.67,28.84,2.17,3,3,0,Path/cycle facility;Road,Road,TRUE,0,0,0,0,0,,,,,,Inf,Inf,Inf,,FALSE,Inf,Inf,62,FALSE,Pre-installation percentage index (mean = 100),log(percentage index / 100),FALSE
12d,12d | Liverpool 052A,cyclist,Wirral 036G | new chester rd,Wirral 036G,new chester rd,New Chester Rd near Pool Ln,49537;49538;49539;49540,4,Wirral,26.67,29.136,2.466,3,3,0,Path/cycle facility;Road,Path/cycle facility;Road,TRUE,0,0,0,0,0,,,,,,Inf,Inf,Inf,,FALSE,Inf,Inf,63,FALSE,Pre-installation percentage index (mean = 100),log(percentage index / 100),FALSE
12d,12d | Liverpool 052A,cyclist,Liverpool 060C | st john's ln,Liverpool 060C,st john's ln,St John's Ln,46784;46785,2,Liverpool,26.67,24.01,2.66,3,4,1,Path/cycle facility;Road,Path/cycle facility;Road,TRUE,0,0,0,0,0,,,,,,Inf,Inf,Inf,,FALSE,Inf,Inf,64,FALSE,Pre-installation percentage index (mean = 100),log(percentage index / 100),FALSE
12d,12d | Liverpool 052A,cyclist,Sefton 008E | warwick st,Sefton 008E,warwick st,Warwick St near Warwick Close,45846;45847;45848,3,Sefton,26.67,23.844,2.826,3,4,1,Path/cycle facility;Road,Path/cycle facility;Road,TRUE,0,0,0,0,0,,,,,,Inf,Inf,Inf,,FALSE,Inf,Inf,65,FALSE,Pre-installation percentage index (mean = 100),log(percentage index / 100),FALSE
12d,12d | Liverpool 052A,cyclist,Liverpool 031B | london rd,Liverpool 031B,london rd,London Rd near Pembroke Pl,49392;49393,2,Liverpool,26.67,23.833,2.837,3,4,1,Path/cycle facility;Road,Path/cycle facility;Road,TRUE,0,0,0,0,0,,,,,,Inf,Inf,Inf,,FALSE,Inf,Inf,66,FALSE,Pre-installation percentage index (mean = 100),log(percentage index / 100),FALSE
12d,12d | Liverpool 052A,cyclist,Halton 005B | birchfield rd,Halton 005B,birchfield rd,Birchfield Rd,49497;49501;49502,3,Halton,26.67,23.704,2.966,3,4,1,Path/cycle facility;Road,Path/cycle facility;Road,TRUE,0,0,0,0,0,,,,,,Inf,Inf,Inf,,FALSE,Inf,Inf,67,FALSE,Pre-installation percentage index (mean = 100),log(percentage index / 100),FALSE
12d,12d | Liverpool 052A,cyclist,Sefton 038A | stuart rd,Sefton 038A,stuart rd,Stuart Rd,45858;45859;45860;45861,4,Sefton,26.67,29.871,3.201,3,3,0,Path/cycle facility;Road,Path/cycle facility;Road,TRUE,0,0,0,0,0,,,,,,Inf,Inf,Inf,,FALSE,Inf,Inf,68,FALSE,Pre-installation percentage index (mean = 100),log(percentage index / 100),FALSE
12d,12d | Liverpool 052A,cyclist,Liverpool 060B | london rd,Liverpool 060B,london rd,London Rd near Pembroke Pl,49391,1,Liverpool,26.67,30.549,3.879,3,3,0,Path/cycle facility;Road,Path/cycle facility,TRUE,0,0,0,0,0,,,,,,Inf,Inf,Inf,,FALSE,Inf,Inf,69,FALSE,Pre-installation percentage index (mean = 100),log(percentage index / 100),FALSE
12d,12d | Liverpool 052A,cyclist,St. Helens 020E | marshalls cross rd,St. Helens 020E,marshalls cross rd,Marshalls Cross Rd near Mill Ln,52937,1,St. Helens,26.67,22.036,4.634,3,4,1,Path/cycle facility;Road,Path/cycle facility,TRUE,0,0,0,0,0,,,,,,Inf,Inf,Inf,,FALSE,Inf,Inf,70,FALSE,Pre-installation percentage index (mean = 100),log(percentage index / 100),FALSE
12d,12d | Liverpool 052A,cyclist,St. Helens 020E | mill ln,St. Helens 020E,mill ln,Mill Ln; Mill Ln near Marshalls Cross Rd,47637;47640;47823;47824;52938,5,St. Helens,26.67,22.036,4.634,3,4,1,Path/cycle facility;Road,Other / crossing;Path/cycle facility;Road,TRUE,0,0,0,0,0,,,,,,Inf,Inf,Inf,,FALSE,Inf,Inf,71,FALSE,Pre-installation percentage index (mean = 100),log(percentage index / 100),FALSE
12d,12d | Liverpool 052A,cyclist,Sefton 027A | park ln,Sefton 027A,park ln,Park Ln near Deltic Way,45855;45856;45857,3,Sefton,26.67,22.016,4.654,3,4,1,Path/cycle facility;Road,Path/cycle facility;Road,TRUE,0,0,0,0,0,,,,,,Inf,Inf,Inf,,FALSE,Inf,Inf,72,FALSE,Pre-installation percentage index (mean = 100),log(percentage index / 100),FALSE
12d,12d | Liverpool 052A,cyclist,Liverpool 032A | edge ln dr (wb traffic),Liverpool 032A,edge ln dr (wb traffic),Edge Ln Dr (WB traffic),53509;53510,2,Liverpool,26.67,31.451,4.781,3,3,0,Path/cycle facility;Road,Other / crossing;Road,TRUE,0,0,0,0,0,,,,,,Inf,Inf,Inf,,FALSE,Inf,Inf,73,FALSE,Pre-installation percentage index (mean = 100),log(percentage index / 100),FALSE
12d,12d | Liverpool 052A,cyclist,Wirral 001D | king's parade,Wirral 001D,king's parade,King's Parade,51858,1,Wirral,26.67,31.687,5.017,3,3,0,Path/cycle facility;Road,Other / crossing,TRUE,0,0,0,0,0,,,,,,Inf,Inf,Inf,,FALSE,Inf,Inf,74,FALSE,Pre-installation percentage index (mean = 100),log(percentage index / 100),FALSE
12d,12d | Liverpool 052A,cyclist,Sefton 009C | marine dr,Sefton 009C,marine dr,Marine Dr,49957;49958;49959,3,Sefton,26.67,21.479,5.191,3,5,2,Path/cycle facility;Road,Path/cycle facility;Road,FALSE,0,0,0,0,0,,,,,,Inf,Inf,Inf,,FALSE,Inf,Inf,75,FALSE,Pre-installation percentage index (mean = 100),log(percentage index / 100),FALSE
12d,12d | Liverpool 052A,cyclist,Knowsley 013A | carrs ter,Knowsley 013A,carrs ter,Carrs Ter,50106,1,Knowsley,26.67,31.951,5.281,3,3,0,Path/cycle facility;Road,Path/cycle facility,TRUE,0,0,0,0,0,,,,,,Inf,Inf,Inf,,FALSE,Inf,Inf,76,FALSE,Pre-installation percentage index (mean = 100),log(percentage index / 100),FALSE
12d,12d | Liverpool 052A,cyclist,Liverpool 058D | highbank dr,Liverpool 058D,highbank dr,Highbank Dr near Haxted Gdns,49546;49547;49548;49549;49566,5,Liverpool,26.67,31.969,5.299,3,3,0,Path/cycle facility;Road,Path/cycle facility;Road,TRUE,0,0,0,0,0,,,,,,Inf,Inf,Inf,,FALSE,Inf,Inf,77,FALSE,Pre-installation percentage index (mean = 100),log(percentage index / 100),FALSE
12d,12d | Liverpool 052A,cyclist,St. Helens 005A | penny ln,St. Helens 005A,penny ln,Penny Ln near Old Boston,49949;49950,2,St. Helens,26.67,33.028,6.358,3,3,0,Path/cycle facility;Road,Road,TRUE,0,0,0,0,0,,,,,,Inf,Inf,Inf,,FALSE,Inf,Inf,78,FALSE,Pre-installation percentage index (mean = 100),log(percentage index / 100),FALSE
12d,12d | Liverpool 052A,cyclist,Halton 014E | southern expressway,Halton 014E,southern expressway,Southern Expressway near Southern Expressway Rbt,45849;45850,2,Halton,26.67,20.149,6.521,3,5,2,Path/cycle facility;Road,Path/cycle facility;Road,FALSE,0,0,0,0,0,,,,,,Inf,Inf,Inf,,FALSE,Inf,Inf,79,FALSE,Pre-installation percentage index (mean = 100),log(percentage index / 100),FALSE
12d,12d | Liverpool 052A,cyclist,St. Helens 007B | bishops rd,St. Helens 007B,bishops rd,Bishops Rd near Wynne Rd,55115;55116;55117;59154;59155,5,St. Helens,26.67,33.517,6.847,3,2,1,Path/cycle facility;Road,Other / crossing;Path/cycle facility;Road,TRUE,0,0,0,0,0,,,,,,Inf,Inf,Inf,,FALSE,Inf,Inf,80,FALSE,Pre-installation percentage index (mean = 100),log(percentage index / 100),FALSE
12d,12d | Liverpool 052A,cyclist,St. Helens 007B | wynne rd,St. Helens 007B,wynne rd,Wynne Rd near Wolseley Rd,55112;55113;55114,3,St. Helens,26.67,33.517,6.847,3,2,1,Path/cycle facility;Road,Path/cycle facility;Road,TRUE,0,0,0,0,0,,,,,,Inf,Inf,Inf,,FALSE,Inf,Inf,81,FALSE,Pre-installation percentage index (mean = 100),log(percentage index / 100),FALSE
12d,12d | Liverpool 052A,cyclist,Liverpool 034B | m62 (eb traffic),Liverpool 034B,m62 (eb traffic),M62 (EB traffic),52396;54839,2,Liverpool,26.67,19.675,6.995,3,5,2,Path/cycle facility;Road,Other / crossing;Road,FALSE,0,0,0,0,0,,,,,,Inf,Inf,Inf,,FALSE,Inf,Inf,82,FALSE,Pre-installation percentage index (mean = 100),log(percentage index / 100),FALSE
12d,12d | Liverpool 052A,cyclist,Liverpool 034B | m62 (wb traffic),Liverpool 034B,m62 (wb traffic),M62 (WB traffic),53269;53270,2,Liverpool,26.67,19.675,6.995,3,5,2,Path/cycle facility;Road,Other / crossing;Road,FALSE,0,0,0,0,0,,,,,,Inf,Inf,Inf,,FALSE,Inf,Inf,83,FALSE,Pre-installation percentage index (mean = 100),log(percentage index / 100),FALSE
12d,12d | Liverpool 052A,cyclist,Liverpool 034B | queens dr,Liverpool 034B,queens dr,Queens Dr near Glendevon Rd (SB traffic),53277;53278,2,Liverpool,26.67,19.675,6.995,3,5,2,Path/cycle facility;Road,Road,FALSE,0,0,0,0,0,,,,,,Inf,Inf,Inf,,FALSE,Inf,Inf,84,FALSE,Pre-installation percentage index (mean = 100),log(percentage index / 100),FALSE
12d,12d | Liverpool 052A,cyclist,Sefton 021F | edge ln,Sefton 021F,edge ln,Edge Ln near Pleasant Hill Close,46624;46625,2,Sefton,26.67,34.007,7.337,3,2,1,Path/cycle facility;Road,Path/cycle facility;Road,TRUE,0,0,0,0,0,,,,,,Inf,Inf,Inf,,FALSE,Inf,Inf,85,FALSE,Pre-installation percentage index (mean = 100),log(percentage index / 100),FALSE
12d,12d | Liverpool 052A,cyclist,Liverpool 034A | bowring park rd,Liverpool 034A,bowring park rd,"Bowring Park Rd, E of Queens Dr (left turn); Bowring Park Rd, E of Queens Dr (right turn); Bowring Park Rd, E of Queens Dr (straight)",54534;54535;54838,3,Liverpool,26.67,34.117,7.447,3,2,1,Path/cycle facility;Road,Road,TRUE,0,0,0,0,0,,,,,,Inf,Inf,Inf,,FALSE,Inf,Inf,86,FALSE,Pre-installation percentage index (mean = 100),log(percentage index / 100),FALSE
12d,12d | Liverpool 052A,cyclist,Liverpool 034A | queens dr,Liverpool 034A,queens dr,"Queens Dr, N of M62 (right turn)",54583,1,Liverpool,26.67,34.117,7.447,3,2,1,Path/cycle facility;Road,Road,TRUE,0,0,0,0,0,,,,,,Inf,Inf,Inf,,FALSE,Inf,Inf,87,FALSE,Pre-installation percentage index (mean = 100),log(percentage index / 100),FALSE
12d,12d | Liverpool 052A,cyclist,Sefton 008C | moels park,Sefton 008C,moels park,Moels Park,50810,1,Sefton,26.67,18.946,7.724,3,5,2,Path/cycle facility;Road,Path/cycle facility,FALSE,0,0,0,0,0,,,,,,Inf,Inf,Inf,,FALSE,Inf,Inf,88,FALSE,Pre-installation percentage index (mean = 100),log(percentage index / 100),FALSE
12d,12d | Liverpool 052A,cyclist,Sefton 019D | grange park,Sefton 019D,grange park,Grange Park,50010;50011;50012,3,Sefton,26.67,18.397,8.273,3,5,2,Path/cycle facility;Road,Path/cycle facility;Road,FALSE,0,0,0,0,0,,,,,,Inf,Inf,Inf,,FALSE,Inf,Inf,89,FALSE,Pre-installation percentage index (mean = 100),log(percentage index / 100),FALSE
12d,12d | Liverpool 052A,cyclist,Wirral 036D | bromborough rd,Wirral 036D,bromborough rd,Bromborough Rd near Quarry Rd East,49607;49608,2,Wirral,26.67,18.113,8.557,3,5,2,Path/cycle facility;Road,Path/cycle facility;Road,FALSE,0,0,0,0,0,,,,,,Inf,Inf,Inf,,FALSE,Inf,Inf,90,FALSE,Pre-installation percentage index (mean = 100),log(percentage index / 100),FALSE
12d,12d | Liverpool 052A,cyclist,Liverpool 038D | lawrence rd,Liverpool 038D,lawrence rd,Lawrence Rd near Cretan Rd,50814;50815,2,Liverpool,26.67,35.357,8.687,3,2,1,Path/cycle facility;Road,Path/cycle facility;Road,TRUE,0,0,0,0,0,,,,,,Inf,Inf,Inf,,FALSE,Inf,Inf,91,FALSE,Pre-installation percentage index (mean = 100),log(percentage index / 100),FALSE
12d,12d | Liverpool 052A,cyclist,"St. Helens 022F | chester ln, sw of mill ln",St. Helens 022F,"chester ln, sw of mill ln","Chester Ln, SW of Mill Ln",47638;52940,2,St. Helens,26.67,17.475,9.195,3,6,3,Path/cycle facility;Road,Path/cycle facility;Road,FALSE,0,0,0,0,0,,,,,,Inf,Inf,Inf,,FALSE,Inf,Inf,92,FALSE,Pre-installation percentage index (mean = 100),log(percentage index / 100),FALSE
12d,12d | Liverpool 052A,cyclist,St. Helens 022F | marshalls cross rd,St. Helens 022F,marshalls cross rd,Marshalls Cross Rd near Chester Ln; Marshalls Cross Rd near Mill Ln,47636;47719;47720,3,St. Helens,26.67,17.475,9.195,3,6,3,Path/cycle facility;Road,Other / crossing;Path/cycle facility;Road,FALSE,0,0,0,0,0,,,,,,Inf,Inf,Inf,,FALSE,Inf,Inf,93,FALSE,Pre-installation percentage index (mean = 100),log(percentage index / 100),FALSE
12d,12d | Liverpool 052A,cyclist,Knowsley 007D | carr ln,Knowsley 007D,carr ln,Carr Ln,55100;55101;55102,3,Knowsley,26.67,36.256,9.586,3,2,1,Path/cycle facility;Road,Path/cycle facility;Road,TRUE,0,0,0,0,0,,,,,,Inf,Inf,Inf,,FALSE,Inf,Inf,94,FALSE,Pre-installation percentage index (mean = 100),log(percentage index / 100),FALSE
12d,12d | Liverpool 052A,cyclist,Halton 005D | birchfield rd,Halton 005D,birchfield rd,Birchfield Rd near Victoria Ave,50270;50271;50272,3,Halton,26.67,16.81,9.86,3,6,3,Path/cycle facility;Road,Path/cycle facility;Road,FALSE,0,0,0,0,0,,,,,,Inf,Inf,Inf,,FALSE,Inf,Inf,95,FALSE,Pre-installation percentage index (mean = 100),log(percentage index / 100),FALSE
12d,12d | Liverpool 052A,cyclist,Halton 012F | bridge st,Halton 012F,bridge st,Bridge St near Bold St,48853;48854;48855,3,Halton,26.67,36.719,10.049,3,2,1,Path/cycle facility;Road,Other / crossing;Road,FALSE,0,0,0,0,0,,,,,,Inf,Inf,Inf,,FALSE,Inf,Inf,96,FALSE,Pre-installation percentage index (mean = 100),log(percentage index / 100),FALSE
12d,12d | Liverpool 052A,cyclist,Halton 012F | devonshire pl,Halton 012F,devonshire pl,Devonshire Pl,48386;48387;48388;48389,4,Halton,26.67,36.719,10.049,3,2,1,Path/cycle facility;Road,Other / crossing;Path/cycle facility,FALSE,0,0,0,0,0,,,,,,Inf,Inf,Inf,,FALSE,Inf,Inf,97,FALSE,Pre-installation percentage index (mean = 100),log(percentage index / 100),FALSE
12d,12d | Liverpool 052A,cyclist,Halton 012F | leiria way,Halton 012F,leiria way,Leiria Way,47337;47338,2,Halton,26.67,36.719,10.049,3,2,1,Path/cycle facility;Road,Other / crossing;Path/cycle facility,FALSE,0,0,0,0,0,,,,,,Inf,Inf,Inf,,FALSE,Inf,Inf,98,FALSE,Pre-installation percentage index (mean = 100),log(percentage index / 100),FALSE
12d,12d | Liverpool 052A,cyclist,St. Helens 017D | fleet ln,St. Helens 017D,fleet ln,Fleet Ln near Broad Ln,51826,1,St. Helens,26.67,36.843,10.173,3,2,1,Path/cycle facility;Road,Path/cycle facility,FALSE,0,0,0,0,0,,,,,,Inf,Inf,Inf,,FALSE,Inf,Inf,99,FALSE,Pre-installation percentage index (mean = 100),log(percentage index / 100),FALSE
12d,12d | Liverpool 052A,cyclist,Liverpool 040E | besford rd,Liverpool 040E,besford rd,Besford Rd near Oakwood Close,50822;50823;50824,3,Liverpool,26.67,37.396,10.726,3,2,1,Path/cycle facility;Road,Other / crossing;Path/cycle facility;Road,FALSE,0,0,0,0,0,,,,,,Inf,Inf,Inf,,FALSE,Inf,Inf,100,FALSE,Pre-installation percentage index (mean = 100),log(percentage index / 100),FALSE
12d,12d | Liverpool 052A,cyclist,Sefton 038C | hillhead rd,Sefton 038C,hillhead rd,Hillhead Rd near Sidney Rd,50021;50022;50023,3,Sefton,26.67,37.74,11.07,3,2,1,Path/cycle facility;Road,Path/cycle facility;Road,FALSE,0,0,0,0,0,,,,,,Inf,Inf,Inf,,FALSE,Inf,Inf,101,FALSE,Pre-installation percentage index (mean = 100),log(percentage index / 100),FALSE
12d,12d | Liverpool 052A,cyclist,Sefton 022D | church rd,Sefton 022D,church rd,Church Rd near Islington,49365;49366,2,Sefton,26.67,15.042,11.628,3,6,3,Path/cycle facility;Road,Other / crossing;Road,FALSE,0,0,0,0,0,,,,,,Inf,Inf,Inf,,FALSE,Inf,Inf,102,FALSE,Pre-installation percentage index (mean = 100),log(percentage index / 100),FALSE
12d,12d | Liverpool 052A,cyclist,Sefton 022D | islington,Sefton 022D,islington,"Islington near Little Crosby Rd; Islington, W of Coronation Rd (EB traffic); Islington, W of Coronation Rd (WB traffic)",49036;49305;49358,3,Sefton,26.67,15.042,11.628,3,6,3,Path/cycle facility;Road,Road,FALSE,0,0,0,0,0,,,,,,Inf,Inf,Inf,,FALSE,Inf,Inf,103,FALSE,Pre-installation percentage index (mean = 100),log(percentage index / 100),FALSE
12d,12d | Liverpool 052A,cyclist,Liverpool 061C | great charlotte st,Liverpool 061C,great charlotte st,Great Charlotte St near Ranelagh St,49965;49966;49967,3,Liverpool,26.67,15.028,11.642,3,6,3,Path/cycle facility;Road,Path/cycle facility;Road,FALSE,0,0,0,0,0,,,,,,Inf,Inf,Inf,,FALSE,Inf,Inf,104,FALSE,Pre-installation percentage index (mean = 100),log(percentage index / 100),FALSE
12d,12d | Liverpool 052A,cyclist,Liverpool 061C | renshaw st,Liverpool 061C,renshaw st,Renshaw St near Benson St,53079;53080;53081;53082,4,Liverpool,26.67,15.028,11.642,3,6,3,Path/cycle facility;Road,Other / crossing;Path/cycle facility;Road,FALSE,0,0,0,0,0,,,,,,Inf,Inf,Inf,,FALSE,Inf,Inf,105,FALSE,Pre-installation percentage index (mean = 100),log(percentage index / 100),FALSE
12d,12d | Liverpool 052A,cyclist,Halton 008C | town ln,Halton 008C,town ln,"Town Ln, W of Curlender Way",49535;49536,2,Halton,26.67,14.792,11.878,3,6,3,Path/cycle facility;Road,Path/cycle facility;Road,FALSE,0,0,0,0,0,,,,,,Inf,Inf,Inf,,FALSE,Inf,Inf,106,FALSE,Pre-installation percentage index (mean = 100),log(percentage index / 100),FALSE
12d,12d | Liverpool 052A,cyclist,Halton 006B | hale rd,Halton 006B,hale rd,Hale Rd near Berry Rd,49533;49534,2,Halton,26.67,38.588,11.918,3,2,1,Path/cycle facility;Road,Other / crossing;Path/cycle facility,FALSE,0,0,0,0,0,,,,,,Inf,Inf,Inf,,FALSE,Inf,Inf,107,FALSE,Pre-installation percentage index (mean = 100),log(percentage index / 100),FALSE
12d,12d | Liverpool 052A,cyclist,Knowsley 017B | whitefield ln,Knowsley 017B,whitefield ln,Whitefield Ln near Cronton Rd,46869;46870;46871,3,Knowsley,26.67,14.604,12.066,3,6,3,Path/cycle facility;Road,Other / crossing;Path/cycle facility;Road,FALSE,0,0,0,0,0,,,,,,Inf,Inf,Inf,,FALSE,Inf,Inf,108,FALSE,Pre-installation percentage index (mean = 100),log(percentage index / 100),FALSE
12d,12d | Liverpool 052A,cyclist,Sefton 025C | coronation rd,Sefton 025C,coronation rd,Coronation Rd near Harrington Rd; Coronation Rd near Islington (crossing); Coronation Rd near Islington (NB traffic); Coronation Rd near Islington (SB traffic),49017;49362;49364;49398;52773;52774,6,Sefton,26.67,13.812,12.858,3,7,4,Path/cycle facility;Road,Other / crossing;Road,FALSE,0,0,0,0,0,,,,,,Inf,Inf,Inf,,FALSE,Inf,Inf,109,FALSE,Pre-installation percentage index (mean = 100),log(percentage index / 100),FALSE
12d,12d | Liverpool 052A,cyclist,Sefton 025C | great crosby bypass,Sefton 025C,great crosby bypass,"Great Crosby Bypass near Moor Ln; Great Crosby Bypass, E of Liverpool Rd (EB traffic); Great Crosby Bypass, E of Liverpool Rd (WB traffic)",49015;49297;49304;49360;49361;49397,6,Sefton,26.67,13.812,12.858,3,7,4,Path/cycle facility;Road,Other / crossing;Road,FALSE,0,0,0,0,0,,,,,,Inf,Inf,Inf,,FALSE,Inf,Inf,110,FALSE,Pre-installation percentage index (mean = 100),log(percentage index / 100),FALSE
12d,12d | Liverpool 052A,cyclist,Sefton 025C | islington,Sefton 025C,islington,"Islington, W of Liverpool Rd",49299;49300;49301;49302;49303,5,Sefton,26.67,13.812,12.858,3,7,4,Path/cycle facility;Road,Other / crossing;Road,FALSE,0,0,0,0,0,,,,,,Inf,Inf,Inf,,FALSE,Inf,Inf,111,FALSE,Pre-installation percentage index (mean = 100),log(percentage index / 100),FALSE
12d,12d | Liverpool 052A,cyclist,Sefton 025C | liverpool rd,Sefton 025C,liverpool rd,Liverpool Rd near Islington; Liverpool Rd near Islington (crossing); Liverpool Rd near York Rd,49014;49016;49295;49296,4,Sefton,26.67,13.812,12.858,3,7,4,Path/cycle facility;Road,Other / crossing;Road,FALSE,0,0,0,0,0,,,,,,Inf,Inf,Inf,,FALSE,Inf,Inf,112,FALSE,Pre-installation percentage index (mean = 100),log(percentage index / 100),FALSE
12d,12d | Liverpool 052A,cyclist,Sefton 025C | liverpool rd & islington rd (crossing),Sefton 025C,liverpool rd & islington rd (crossing),Liverpool Rd & Islington Rd (crossing),49912;49913,2,Sefton,26.67,13.812,12.858,3,7,4,Path/cycle facility;Road,Other / crossing,FALSE,0,0,0,0,0,,,,,,Inf,Inf,Inf,,FALSE,Inf,Inf,113,FALSE,Pre-installation percentage index (mean = 100),log(percentage index / 100),FALSE
12d,12d | Liverpool 052A,cyclist,Sefton 025C | liverpool rd left turn to islington,Sefton 025C,liverpool rd left turn to islington,Liverpool Rd left turn to Islington,49294,1,Sefton,26.67,13.812,12.858,3,7,4,Path/cycle facility;Road,Road,FALSE,0,0,0,0,0,,,,,,Inf,Inf,Inf,,FALSE,Inf,Inf,114,FALSE,Pre-installation percentage index (mean = 100),log(percentage index / 100),FALSE
12d,12d | Liverpool 052A,cyclist,Liverpool 046A | beaconsfield rd,Liverpool 046A,beaconsfield rd,Beaconsfield Rd near Hillcroft Rd,46627;46628;46629,3,Liverpool,26.67,13.427,13.243,3,7,4,Path/cycle facility;Road,Path/cycle facility;Road,FALSE,0,0,0,0,0,,,,,,Inf,Inf,Inf,,FALSE,Inf,Inf,115,FALSE,Pre-installation percentage index (mean = 100),log(percentage index / 100),FALSE
12d,12d | Liverpool 052A,cyclist,St. Helens 022E | jubits ln & bell ln,St. Helens 022E,jubits ln & bell ln,Jubits Ln & Bell Ln,53994,1,St. Helens,26.67,39.965,13.295,3,2,1,Path/cycle facility;Road,Road,FALSE,0,0,0,0,0,,,,,,Inf,Inf,Inf,,FALSE,Inf,Inf,116,FALSE,Pre-installation percentage index (mean = 100),log(percentage index / 100),FALSE
12d,12d | Liverpool 052A,cyclist,Halton 005C | kingsway,Halton 005C,kingsway,"Kingsway, S of Milton Rd",49503;49504;49505;49506;49507,5,Halton,26.67,40.149,13.479,3,2,1,Path/cycle facility;Road,Other / crossing;Path/cycle facility;Road,FALSE,0,0,0,0,0,,,,,,Inf,Inf,Inf,,FALSE,Inf,Inf,117,FALSE,Pre-installation percentage index (mean = 100),log(percentage index / 100),FALSE
12d,12d | Liverpool 052A,cyclist,"Wirral 039A | new chester rd, nw of caldbeck rd",Wirral 039A,"new chester rd, nw of caldbeck rd","New Chester Rd, NW of Caldbeck Rd",49491;49492;49493,3,Wirral,26.67,13.129,13.541,3,7,4,Path/cycle facility;Road,Other / crossing;Path/cycle facility;Road,FALSE,0,0,0,0,0,,,,,,Inf,Inf,Inf,,FALSE,Inf,Inf,118,FALSE,Pre-installation percentage index (mean = 100),log(percentage index / 100),FALSE
12d,12d | Liverpool 052A,cyclist,Sefton 029B | ashbourne ave,Sefton 029B,ashbourne ave,Ashbourne Ave near Elton Ave,45854,1,Sefton,26.67,40.265,13.595,3,2,1,Path/cycle facility;Road,Path/cycle facility,FALSE,0,0,0,0,0,,,,,,Inf,Inf,Inf,,FALSE,Inf,Inf,119,FALSE,Pre-installation percentage index (mean = 100),log(percentage index / 100),FALSE
12d,12d | Liverpool 052A,cyclist,St. Helens 022A | jubits ln,St. Helens 022A,jubits ln,Jubits Ln near Union Bank Ln,54016;54017;54018;54019,4,St. Helens,26.67,40.354,13.684,3,2,1,Path/cycle facility;Road,Path/cycle facility;Road,FALSE,0,0,0,0,0,,,,,,Inf,Inf,Inf,,FALSE,Inf,Inf,120,FALSE,Pre-installation percentage index (mean = 100),log(percentage index / 100),FALSE
12d,12d | Liverpool 052A,cyclist,St. Helens 022A | jubits ln & bell ln,St. Helens 022A,jubits ln & bell ln,Jubits Ln & Bell Ln,53995;53996;53997,3,St. Helens,26.67,40.354,13.684,3,2,1,Path/cycle facility;Road,Path/cycle facility;Road,FALSE,0,0,0,0,0,,,,,,Inf,Inf,Inf,,FALSE,Inf,Inf,121,FALSE,Pre-installation percentage index (mean = 100),log(percentage index / 100),FALSE
12d,12d | Liverpool 052A,cyclist,St. Helens 024E | james roby way,St. Helens 024E,james roby way,James Roby Way,51792;51793,2,St. Helens,26.67,40.867,14.197,3,2,1,Path/cycle facility;Road,Path/cycle facility,FALSE,0,0,0,0,0,,,,,,Inf,Inf,Inf,,FALSE,Inf,Inf,122,FALSE,Pre-installation percentage index (mean = 100),log(percentage index / 100),FALSE
12d,12d | Liverpool 052A,cyclist,"St. Helens 024E | linkway east, sw of cannington",St. Helens 024E,"linkway east, sw of cannington","Linkway East, SW of Cannington",45851;45852;45853,3,St. Helens,26.67,40.867,14.197,3,2,1,Path/cycle facility;Road,Path/cycle facility;Road,FALSE,0,0,0,0,0,,,,,,Inf,Inf,Inf,,FALSE,Inf,Inf,123,FALSE,Pre-installation percentage index (mean = 100),log(percentage index / 100),FALSE
12d,12d | Liverpool 052A,cyclist,St. Helens 024E | marshalls cross rd (nb traffic),St. Helens 024E,marshalls cross rd (nb traffic),Marshalls Cross Rd (NB traffic),51788;51789,2,St. Helens,26.67,40.867,14.197,3,2,1,Path/cycle facility;Road,Road,FALSE,0,0,0,0,0,,,,,,Inf,Inf,Inf,,FALSE,Inf,Inf,124,FALSE,Pre-installation percentage index (mean = 100),log(percentage index / 100),FALSE
12d,12d | Liverpool 052A,cyclist,Liverpool 002E | rice ln,Liverpool 002E,rice ln,Rice Ln near Longmoor Ln,49498;49499;49500,3,Liverpool,26.67,40.978,14.308,3,2,1,Path/cycle facility;Road,Path/cycle facility;Road,FALSE,0,0,0,0,0,,,,,,Inf,Inf,Inf,,FALSE,Inf,Inf,125,FALSE,Pre-installation percentage index (mean = 100),log(percentage index / 100),FALSE
12d,12d | Liverpool 052A,cyclist,Wirral 006A | pasture rd,Wirral 006A,pasture rd,Pasture Rd near Tarran Way North,49489;49490,2,Wirral,26.67,12.143,14.527,3,7,4,Path/cycle facility;Road,Other / crossing;Path/cycle facility,FALSE,0,0,0,0,0,,,,,,Inf,Inf,Inf,,FALSE,Inf,Inf,126,FALSE,Pre-installation percentage index (mean = 100),log(percentage index / 100),FALSE
12d,12d | Liverpool 052A,cyclist,Wirral 006A | reeds ln,Wirral 006A,reeds ln,Reeds Ln near Wirral Circular,50833;50834;50848,3,Wirral,26.67,12.143,14.527,3,7,4,Path/cycle facility;Road,Other / crossing;Path/cycle facility;Road,FALSE,0,0,0,0,0,,,,,,Inf,Inf,Inf,,FALSE,Inf,Inf,127,FALSE,Pre-installation percentage index (mean = 100),log(percentage index / 100),FALSE
12d,12d | Liverpool 052A,cyclist,Halton 016D | clifton rd,Halton 016D,clifton rd,Clifton Rd near Rocksavage Way,49527;49528;49529,3,Halton,26.67,12.138,14.532,3,7,4,Path/cycle facility;Road,Other / crossing;Road,FALSE,0,0,0,0,0,,,,,,Inf,Inf,Inf,,FALSE,Inf,Inf,128,FALSE,Pre-installation percentage index (mean = 100),log(percentage index / 100),FALSE
12d,12d | Liverpool 052A,cyclist,Halton 016D | rocksavage expressway,Halton 016D,rocksavage expressway,Rocksavage Expressway near Clifton Rbt,49936;49937,2,Halton,26.67,12.138,14.532,3,7,4,Path/cycle facility;Road,Path/cycle facility;Road,FALSE,0,0,0,0,0,,,,,,Inf,Inf,Inf,,FALSE,Inf,Inf,129,FALSE,Pre-installation percentage index (mean = 100),log(percentage index / 100),FALSE
12d,12d | Liverpool 052A,cyclist,Sefton 012C | coastal rd,Sefton 012C,coastal rd,Coastal Rd near Pinfold Ln,49960;49961,2,Sefton,26.67,12.032,14.638,3,7,4,Path/cycle facility;Road,Road,FALSE,0,0,0,0,0,,,,,,Inf,Inf,Inf,,FALSE,Inf,Inf,130,FALSE,Pre-installation percentage index (mean = 100),log(percentage index / 100),FALSE
12d,12d | Liverpool 052A,cyclist,Sefton 012C | liverpool rd,Sefton 012C,liverpool rd,Liverpool Rd near Coastal Rd,49485;49486;49487;49488,4,Sefton,26.67,12.032,14.638,3,7,4,Path/cycle facility;Road,Path/cycle facility;Road,FALSE,0,0,0,0,0,,,,,,Inf,Inf,Inf,,FALSE,Inf,Inf,131,FALSE,Pre-installation percentage index (mean = 100),log(percentage index / 100),FALSE
12d,12d | Liverpool 052A,cyclist,Wirral 006D | cross ln,Wirral 006D,cross ln,Cross Ln,50325,1,Wirral,26.67,10.804,15.866,3,8,5,Path/cycle facility;Road,Road,FALSE,0,0,0,0,0,,,,,,Inf,Inf,Inf,,FALSE,Inf,Inf,132,FALSE,Pre-installation percentage index (mean = 100),log(percentage index / 100),FALSE
12d,12d | Liverpool 052A,cyclist,Halton 009B | daresbury expressway,Halton 009B,daresbury expressway,Daresbury Expressway,49523,1,Halton,26.67,10.525,16.145,3,8,5,Path/cycle facility;Road,Road,FALSE,0,0,0,0,0,,,,,,Inf,Inf,Inf,,FALSE,Inf,Inf,133,FALSE,Pre-installation percentage index (mean = 100),log(percentage index / 100),FALSE
12d,12d | Liverpool 052A,cyclist,Sefton 012B | coastal rd,Sefton 012B,coastal rd,Coastal Rd near Shore Rd,50630;50631;50632,3,Sefton,26.67,10.46,16.21,3,8,5,Path/cycle facility;Road,Other / crossing;Road,FALSE,0,0,0,0,0,,,,,,Inf,Inf,Inf,,FALSE,Inf,Inf,134,FALSE,Pre-installation percentage index (mean = 100),log(percentage index / 100),FALSE
12d,12d | Liverpool 052A,cyclist,Halton 009A | busway,Halton 009A,busway,"Busway, N of Chester Rd",47780;47781,2,Halton,26.67,10.215,16.455,3,8,5,Path/cycle facility;Road,Path/cycle facility;Road,FALSE,0,0,0,0,0,,,,,,Inf,Inf,Inf,,FALSE,Inf,Inf,135,FALSE,Pre-installation percentage index (mean = 100),log(percentage index / 100),FALSE
12d,12d | Liverpool 052A,cyclist,"Halton 009A | busway, n or chester rd (sb traffic)",Halton 009A,"busway, n or chester rd (sb traffic)","Busway, N or Chester Rd (SB traffic)",51875;51876,2,Halton,26.67,10.215,16.455,3,8,5,Path/cycle facility;Road,Path/cycle facility;Road,FALSE,0,0,0,0,0,,,,,,Inf,Inf,Inf,,FALSE,Inf,Inf,136,FALSE,Pre-installation percentage index (mean = 100),log(percentage index / 100),FALSE
12d,12d | Liverpool 052A,cyclist,"Halton 009A | busway, s or chester rd (nb traffic)",Halton 009A,"busway, s or chester rd (nb traffic)","Busway, S or Chester Rd (NB traffic)",51878;51879,2,Halton,26.67,10.215,16.455,3,8,5,Path/cycle facility;Road,Path/cycle facility;Road,FALSE,0,0,0,0,0,,,,,,Inf,Inf,Inf,,FALSE,Inf,Inf,137,FALSE,Pre-installation percentage index (mean = 100),log(percentage index / 100),FALSE
12d,12d | Liverpool 052A,cyclist,Halton 009A | chester rd,Halton 009A,chester rd,"Chester Rd near Red Brow Ln; Chester Rd, E of Busway (WB traffic); Chester Rd, W of Busway (EB traffic)",49524;49525;49526;51874;51877;52481;52482,7,Halton,26.67,10.215,16.455,3,8,5,Path/cycle facility;Road,Other / crossing;Path/cycle facility;Road,FALSE,0,0,0,0,0,,,,,,Inf,Inf,Inf,,FALSE,Inf,Inf,138,FALSE,Pre-installation percentage index (mean = 100),log(percentage index / 100),FALSE
12d,12d | Liverpool 052A,cyclist,Halton 009A | keckwick ln,Halton 009A,keckwick ln,Keckwick Ln,47777;47778;47779,3,Halton,26.67,10.215,16.455,3,8,5,Path/cycle facility;Road,Path/cycle facility;Road,FALSE,0,0,0,0,0,,,,,,Inf,Inf,Inf,,FALSE,Inf,Inf,139,FALSE,Pre-installation percentage index (mean = 100),log(percentage index / 100),FALSE
12d,12d | Liverpool 052A,cyclist,Halton 009A | northwich rd,Halton 009A,northwich rd,"Northwich Rd, E of Preston Brook (WB traffic); Northwich Rd, W of Preston Brook (EB traffic)",51351;51352;51353;51734,4,Halton,26.67,10.215,16.455,3,8,5,Path/cycle facility;Road,Other / crossing;Road,FALSE,0,0,0,0,0,,,,,,Inf,Inf,Inf,,FALSE,Inf,Inf,140,FALSE,Pre-installation percentage index (mean = 100),log(percentage index / 100),FALSE
12d,12d | Liverpool 052A,cyclist,Halton 009A | preston brook,Halton 009A,preston brook,"Preston Brook, N of Northwich Rd; Preston Brook, S of Northwich Rd",51223;51224;51225;51230;51231;51232,6,Halton,26.67,10.215,16.455,3,8,5,Path/cycle facility;Road,Path/cycle facility;Road,FALSE,0,0,0,0,0,,,,,,Inf,Inf,Inf,,FALSE,Inf,Inf,141,FALSE,Pre-installation percentage index (mean = 100),log(percentage index / 100),FALSE
12d,12d | Liverpool 052A,cyclist,Liverpool 003D | rice ln & hornby ln,Liverpool 003D,rice ln & hornby ln,Rice Ln & Hornby Ln,49519;49520;49521,3,Liverpool,26.67,43.297,16.627,3,2,1,Path/cycle facility;Road,Road,FALSE,0,0,0,0,0,,,,,,Inf,Inf,Inf,,FALSE,Inf,Inf,142,FALSE,Pre-installation percentage index (mean = 100),log(percentage index / 100),FALSE
12d,12d | Liverpool 052A,cyclist,Sefton 018E | northway,Sefton 018E,northway,Northway near Kenyon's Ln (NB traffic),51664;51665;51666,3,Sefton,26.67,9.973,16.697,3,8,5,Path/cycle facility;Road,Other / crossing;Path/cycle facility;Road,FALSE,0,0,0,0,0,,,,,,Inf,Inf,Inf,,FALSE,Inf,Inf,143,FALSE,Pre-installation percentage index (mean = 100),log(percentage index / 100),FALSE
12d,12d | Liverpool 052A,cyclist,Knowsley 015A | olivia way,Knowsley 015A,olivia way,Olivia Way near West View,50104;50105,2,Knowsley,26.67,43.54,16.87,3,2,1,Path/cycle facility;Road,Path/cycle facility;Road,FALSE,0,0,0,0,0,,,,,,Inf,Inf,Inf,,FALSE,Inf,Inf,144,FALSE,Pre-installation percentage index (mean = 100),log(percentage index / 100),FALSE
12d,12d | Liverpool 052A,cyclist,Halton 011C | runcorn spur rd,Halton 011C,runcorn spur rd,Runcorn Spur Rd,46461,1,Halton,26.67,43.653,16.983,3,2,1,Path/cycle facility;Road,Path/cycle facility,FALSE,0,0,0,0,0,,,,,,Inf,Inf,Inf,,FALSE,Inf,Inf,145,FALSE,Pre-installation percentage index (mean = 100),log(percentage index / 100),FALSE
12d,12d | Liverpool 052A,cyclist,Liverpool 037A | catharine st,Liverpool 037A,catharine st,Catharine St near Back Canning St; Catharine St near Caledonia St (NB traffic); Catharine St near Caledonia St (SB traffic),49922;49923;49924;49926;49927;49928;49942;49943;49944;57105;57122,11,Liverpool,26.67,43.775,17.105,3,2,1,Path/cycle facility;Road,Other / crossing;Path/cycle facility;Road,FALSE,0,0,0,0,0,,,,,,Inf,Inf,Inf,,FALSE,Inf,Inf,146,FALSE,Pre-installation percentage index (mean = 100),log(percentage index / 100),FALSE
12d,12d | Liverpool 052A,cyclist,Liverpool 037A | upper parliament st,Liverpool 037A,upper parliament st,Upper Parliament St near Hope St,49542,1,Liverpool,26.67,43.775,17.105,3,2,1,Path/cycle facility;Road,Road,FALSE,0,0,0,0,0,,,,,,Inf,Inf,Inf,,FALSE,Inf,Inf,147,FALSE,Pre-installation percentage index (mean = 100),log(percentage index / 100),FALSE
12d,12d | Liverpool 052A,cyclist,Sefton 008F | town ln kew,Sefton 008F,town ln kew,Town Ln Kew,50329;50330;50331,3,Sefton,26.67,9.503,17.167,3,8,5,Path/cycle facility;Road,Path/cycle facility;Road,FALSE,0,0,0,0,0,,,,,,Inf,Inf,Inf,,FALSE,Inf,Inf,148,FALSE,Pre-installation percentage index (mean = 100),log(percentage index / 100),FALSE
12d,12d | Liverpool 052A,cyclist,Halton 001C | lunts heath rd,Halton 001C,lunts heath rd,Lunts Heath Rd near Finsbury Park,49558;49559;49562;49563,4,Halton,26.67,9.208,17.462,3,8,5,Path/cycle facility;Road,Path/cycle facility;Road,FALSE,0,0,0,0,0,,,,,,Inf,Inf,Inf,,FALSE,Inf,Inf,149,FALSE,Pre-installation percentage index (mean = 100),log(percentage index / 100),FALSE
12d,12d | Liverpool 052A,cyclist,Halton 014B | murdishaw ave,Halton 014B,murdishaw ave,Murdishaw Ave near Rose Close,47782;47783,2,Halton,26.67,44.323,17.653,3,1,2,Path/cycle facility;Road,Path/cycle facility;Road,FALSE,0,0,0,0,0,,,,,,Inf,Inf,Inf,,FALSE,Inf,Inf,150,FALSE,Pre-installation percentage index (mean = 100),log(percentage index / 100),FALSE
12d,12d | Liverpool 052A,cyclist,Halton 014B | murdishaw woods,Halton 014B,murdishaw woods,Murdishaw Woods,50811;50812,2,Halton,26.67,44.323,17.653,3,1,2,Path/cycle facility;Road,Path/cycle facility,FALSE,0,0,0,0,0,,,,,,Inf,Inf,Inf,,FALSE,Inf,Inf,151,FALSE,Pre-installation percentage index (mean = 100),log(percentage index / 100),FALSE
12d,12d | Liverpool 052A,cyclist,Halton 009C | pitts heath ln,Halton 009C,pitts heath ln,Pitts Heath Ln near Sunniside Ln,47774;47775;47776,3,Halton,26.67,8.835,17.835,3,8,5,Path/cycle facility;Road,Road,FALSE,0,0,0,0,0,,,,,,Inf,Inf,Inf,,FALSE,Inf,Inf,152,FALSE,Pre-installation percentage index (mean = 100),log(percentage index / 100),FALSE
12d,12d | Liverpool 052A,cyclist,Halton 001A | mill ln,Halton 001A,mill ln,Mill Ln near Rivenmill Close,49494;49495;49496,3,Halton,26.67,7.615,19.055,3,9,6,Path/cycle facility;Road,Path/cycle facility;Road,FALSE,0,0,0,0,0,,,,,,Inf,Inf,Inf,,FALSE,Inf,Inf,153,FALSE,Pre-installation percentage index (mean = 100),log(percentage index / 100),FALSE
12d,12d | Liverpool 052A,cyclist,Wirral 013B | meols parade,Wirral 013B,meols parade,Meols Parade,45760;45761;45762;45763,4,Wirral,26.67,5.71,20.96,3,10,7,Path/cycle facility;Road,Other / crossing;Path/cycle facility;Road,FALSE,0,0,0,0,0,,,,,,Inf,Inf,Inf,,FALSE,Inf,Inf,154,FALSE,Pre-installation percentage index (mean = 100),log(percentage index / 100),FALSE
12d,12d | Liverpool 052A,cyclist,Halton 001B | birchfield rd,Halton 001B,birchfield rd,Birchfield Rd near Upton Ln,50268;50269,2,Halton,26.67,5.375,21.295,3,10,7,Path/cycle facility;Road,Other / crossing;Road,FALSE,0,0,0,0,0,,,,,,Inf,Inf,Inf,,FALSE,Inf,Inf,155,FALSE,Pre-installation percentage index (mean = 100),log(percentage index / 100),FALSE
12d,12d | Liverpool 052A,cyclist,Halton 001B | wilmere ln north,Halton 001B,wilmere ln north,Wilmere Ln North,47785;47786;47787,3,Halton,26.67,5.375,21.295,3,10,7,Path/cycle facility;Road,Path/cycle facility;Road,FALSE,0,0,0,0,0,,,,,,Inf,Inf,Inf,,FALSE,Inf,Inf,156,FALSE,Pre-installation percentage index (mean = 100),log(percentage index / 100),FALSE
12d,12d | Liverpool 052A,cyclist,Liverpool 028D | judges dr,Liverpool 028D,judges dr,Judges Dr,49543;49544;49545,3,Liverpool,26.67,48.364,21.694,3,1,2,Path/cycle facility;Road,Path/cycle facility;Road,FALSE,0,0,0,0,0,,,,,,Inf,Inf,Inf,,FALSE,Inf,Inf,157,FALSE,Pre-installation percentage index (mean = 100),log(percentage index / 100),FALSE
12d,12d | Liverpool 052A,cyclist,Liverpool 023D | hunter st,Liverpool 023D,hunter st,Hunter St,49968;54847,2,Liverpool,26.67,48.627,21.957,3,1,2,Path/cycle facility;Road,Path/cycle facility;Road,FALSE,0,0,0,0,0,,,,,,Inf,Inf,Inf,,FALSE,Inf,Inf,158,FALSE,Pre-installation percentage index (mean = 100),log(percentage index / 100),FALSE
12d,12d | Liverpool 052A,cyclist,Halton 014C | barnfield ave,Halton 014C,barnfield ave,Barnfield Ave,49476,1,Halton,26.67,49.288,22.618,3,1,2,Path/cycle facility;Road,Road,FALSE,0,0,0,0,0,,,,,,Inf,Inf,Inf,,FALSE,Inf,Inf,159,FALSE,Pre-installation percentage index (mean = 100),log(percentage index / 100),FALSE
12d,12d | Liverpool 052A,cyclist,St. Helens 024D | elton head rd,St. Helens 024D,elton head rd,Elton Head Rd near Sherdley Rd,54020;54021;54022;59134,4,St. Helens,26.67,51.363,24.693,3,1,2,Path/cycle facility;Road,Path/cycle facility;Road,FALSE,0,0,0,0,0,,,,,,Inf,Inf,Inf,,FALSE,Inf,Inf,160,FALSE,Pre-installation percentage index (mean = 100),log(percentage index / 100),FALSE
12d,12d | Liverpool 052A,cyclist,Sefton 004B | marine dr,Sefton 004B,marine dr,Marine Dr near Marshside Rd,49482;49483;49484,3,Sefton,26.67,51.794,25.124,3,1,2,Path/cycle facility;Road,Other / crossing;Path/cycle facility;Road,FALSE,0,0,0,0,0,,,,,,Inf,Inf,Inf,,FALSE,Inf,Inf,161,FALSE,Pre-installation percentage index (mean = 100),log(percentage index / 100),FALSE
12d,12d | Liverpool 052A,cyclist,Liverpool 037H | great george st,Liverpool 037H,great george st,Great George St near Duncan St; Great George St near Upper Parliament St,50776;50778;50779;50850;50851;51468;51469,7,Liverpool,26.67,51.962,25.292,3,1,2,Path/cycle facility;Road,Other / crossing;Path/cycle facility;Road,FALSE,0,0,0,0,0,,,,,,Inf,Inf,Inf,,FALSE,Inf,Inf,162,FALSE,Pre-installation percentage index (mean = 100),log(percentage index / 100),FALSE
12d,12d | Liverpool 052A,cyclist,Liverpool 037H | mill st,Liverpool 037H,mill st,Mill St near Upper Harrington St,52638;52639;52640,3,Liverpool,26.67,51.962,25.292,3,1,2,Path/cycle facility;Road,Path/cycle facility;Road,FALSE,0,0,0,0,0,,,,,,Inf,Inf,Inf,,FALSE,Inf,Inf,163,FALSE,Pre-installation percentage index (mean = 100),log(percentage index / 100),FALSE
12d,12d | Liverpool 052A,cyclist,Liverpool 037H | parliament st,Liverpool 037H,parliament st,"Parliament St, W of St James Pl",50766;50767;50768;50769,4,Liverpool,26.67,51.962,25.292,3,1,2,Path/cycle facility;Road,Path/cycle facility;Road,FALSE,0,0,0,0,0,,,,,,Inf,Inf,Inf,,FALSE,Inf,Inf,164,FALSE,Pre-installation percentage index (mean = 100),log(percentage index / 100),FALSE
12d,12d | Liverpool 052A,cyclist,Liverpool 037H | parliament st crossing,Liverpool 037H,parliament st crossing,Parliament St crossing,53089;53090,2,Liverpool,26.67,51.962,25.292,3,1,2,Path/cycle facility;Road,Other / crossing,FALSE,0,0,0,0,0,,,,,,Inf,Inf,Inf,,FALSE,Inf,Inf,165,FALSE,Pre-installation percentage index (mean = 100),log(percentage index / 100),FALSE
12d,12d | Liverpool 052A,cyclist,Liverpool 037H | parliament st walkway,Liverpool 037H,parliament st walkway,Parliament St walkway,50808,1,Liverpool,26.67,51.962,25.292,3,1,2,Path/cycle facility;Road,Path/cycle facility,FALSE,0,0,0,0,0,,,,,,Inf,Inf,Inf,,FALSE,Inf,Inf,166,FALSE,Pre-installation percentage index (mean = 100),log(percentage index / 100),FALSE
12d,12d | Liverpool 052A,cyclist,Liverpool 037H | st james place,Liverpool 037H,st james place,"St James Place, S of Upper Parliament St",50759;50760;50761,3,Liverpool,26.67,51.962,25.292,3,1,2,Path/cycle facility;Road,Road,FALSE,0,0,0,0,0,,,,,,Inf,Inf,Inf,,FALSE,Inf,Inf,167,FALSE,Pre-installation percentage index (mean = 100),log(percentage index / 100),FALSE
12d,12d | Liverpool 052A,cyclist,Liverpool 037H | st james st,Liverpool 037H,st james st,St James St near Great George St; St James St near New Bird St,50781;50782;50783;50809,4,Liverpool,26.67,51.962,25.292,3,1,2,Path/cycle facility;Road,Path/cycle facility;Road,FALSE,0,0,0,0,0,,,,,,Inf,Inf,Inf,,FALSE,Inf,Inf,168,FALSE,Pre-installation percentage index (mean = 100),log(percentage index / 100),FALSE
12d,12d | Liverpool 052A,cyclist,Liverpool 037H | stanhope st,Liverpool 037H,stanhope st,Stanhope St,50701,1,Liverpool,26.67,51.962,25.292,3,1,2,Path/cycle facility;Road,Road,FALSE,0,0,0,0,0,,,,,,Inf,Inf,Inf,,FALSE,Inf,Inf,169,FALSE,Pre-installation percentage index (mean = 100),log(percentage index / 100),FALSE
12d,12d | Liverpool 052A,cyclist,Liverpool 037H | upper parliament st,Liverpool 037H,upper parliament st,Upper Parliament St near Hope St; Upper Parliament St near St James Pl,49541;50784;50785;50786,4,Liverpool,26.67,51.962,25.292,3,1,2,Path/cycle facility;Road,Other / crossing;Path/cycle facility;Road,FALSE,0,0,0,0,0,,,,,,Inf,Inf,Inf,,FALSE,Inf,Inf,170,FALSE,Pre-installation percentage index (mean = 100),log(percentage index / 100),FALSE
12d,12d | Liverpool 052A,cyclist,Liverpool 037H | upper parliament st & st james pl junction,Liverpool 037H,upper parliament st & st james pl junction,Upper Parliament St & St James Pl junction,53230;53231;53232,3,Liverpool,26.67,51.962,25.292,3,1,2,Path/cycle facility;Road,Road,FALSE,0,0,0,0,0,,,,,,Inf,Inf,Inf,,FALSE,Inf,Inf,171,FALSE,Pre-installation percentage index (mean = 100),log(percentage index / 100),FALSE
12d,12d | Liverpool 052A,cyclist,Liverpool 037H | upper parliament st crossing,Liverpool 037H,upper parliament st crossing,Upper Parliament St crossing,53071,1,Liverpool,26.67,51.962,25.292,3,1,2,Path/cycle facility;Road,Other / crossing,FALSE,0,0,0,0,0,,,,,,Inf,Inf,Inf,,FALSE,Inf,Inf,172,FALSE,Pre-installation percentage index (mean = 100),log(percentage index / 100),FALSE
12d,12d | Liverpool 052A,cyclist,Liverpool 037H | upper stanhope st,Liverpool 037H,upper stanhope st,Upper Stanhope St,50816,1,Liverpool,26.67,51.962,25.292,3,1,2,Path/cycle facility;Road,Road,FALSE,0,0,0,0,0,,,,,,Inf,Inf,Inf,,FALSE,Inf,Inf,173,FALSE,Pre-installation percentage index (mean = 100),log(percentage index / 100),FALSE
12d,12d | Liverpool 052A,cyclist,Halton 013C | runcorn spur rd,Halton 013C,runcorn spur rd,Runcorn Spur Rd,46460;46462,2,Halton,26.67,52.546,25.876,3,1,2,Path/cycle facility;Road,Path/cycle facility;Road,FALSE,0,0,0,0,0,,,,,,Inf,Inf,Inf,,FALSE,Inf,Inf,174,FALSE,Pre-installation percentage index (mean = 100),log(percentage index / 100),FALSE
12d,12d | Liverpool 052A,cyclist,Liverpool 026A | broad green rd,Liverpool 026A,broad green rd,"Broad Green Rd near Queens Dr; Broad Green Rd, W of Queens Dr (right turn); Broad Green Rd, W of Queens Dr (straight)",53268;54536;54537,3,Liverpool,26.67,53.323,26.653,3,1,2,Path/cycle facility;Road,Road,FALSE,0,0,0,0,0,,,,,,Inf,Inf,Inf,,FALSE,Inf,Inf,175,FALSE,Pre-installation percentage index (mean = 100),log(percentage index / 100),FALSE
12d,12d | Liverpool 052A,cyclist,Liverpool 026A | east prescot rd walkway,Liverpool 026A,east prescot rd walkway,East Prescot Rd walkway,50817,1,Liverpool,26.67,53.323,26.653,3,1,2,Path/cycle facility;Road,Path/cycle facility,FALSE,0,0,0,0,0,,,,,,Inf,Inf,Inf,,FALSE,Inf,Inf,176,FALSE,Pre-installation percentage index (mean = 100),log(percentage index / 100),FALSE
12d,12d | Liverpool 052A,cyclist,Liverpool 026A | queens dr,Liverpool 026A,queens dr,Queens Dr near Broadgreen Hospital (SB traffic),53271;53272,2,Liverpool,26.67,53.323,26.653,3,1,2,Path/cycle facility;Road,Other / crossing;Road,FALSE,0,0,0,0,0,,,,,,Inf,Inf,Inf,,FALSE,Inf,Inf,177,FALSE,Pre-installation percentage index (mean = 100),log(percentage index / 100),FALSE
12d,12d | Liverpool 052A,cyclist,Liverpool 037D | princes rd,Liverpool 037D,princes rd,Princes Rd near Upper Stanhope St,49940;49941;49945,3,Liverpool,26.67,54.618,27.948,3,1,2,Path/cycle facility;Road,Other / crossing;Path/cycle facility;Road,FALSE,0,0,0,0,0,,,,,,Inf,Inf,Inf,,FALSE,Inf,Inf,178,FALSE,Pre-installation percentage index (mean = 100),log(percentage index / 100),FALSE
12d,12d | Liverpool 052A,cyclist,Liverpool 037D | upper parliament st,Liverpool 037D,upper parliament st,Upper Parliament St near Princes Rd,49929;49930;49931;49932,4,Liverpool,26.67,54.618,27.948,3,1,2,Path/cycle facility;Road,Other / crossing;Path/cycle facility;Road,FALSE,0,0,0,0,0,,,,,,Inf,Inf,Inf,,FALSE,Inf,Inf,179,FALSE,Pre-installation percentage index (mean = 100),log(percentage index / 100),FALSE
12d,12d | Liverpool 052A,cyclist,Sefton 004I | london st,Sefton 004I,london st,London St near Hawesside St,46621;46622;46623,3,Sefton,26.67,55.692,29.022,3,1,2,Path/cycle facility;Road,Path/cycle facility;Road,FALSE,0,0,0,0,0,,,,,,Inf,Inf,Inf,,FALSE,Inf,Inf,180,FALSE,Pre-installation percentage index (mean = 100),log(percentage index / 100),FALSE
12d,12d | Liverpool 052A,cyclist,Halton 007A | gerrard st,Halton 007A,gerrard st,Gerrard St near Widnes Rd,50273;50274;50275;50396,4,Halton,26.67,58.639,31.969,3,1,2,Path/cycle facility;Road,Other / crossing;Road,FALSE,0,0,0,0,0,,,,,,Inf,Inf,Inf,,FALSE,Inf,Inf,181,FALSE,Pre-installation percentage index (mean = 100),log(percentage index / 100),FALSE
12d,12d | Liverpool 052A,cyclist,Halton 007A | waterfront rbt,Halton 007A,waterfront rbt,Waterfront Rbt near Grn Oaks Way,49530;49531;49532,3,Halton,26.67,58.639,31.969,3,1,2,Path/cycle facility;Road,Other / crossing;Path/cycle facility;Road,FALSE,0,0,0,0,0,,,,,,Inf,Inf,Inf,,FALSE,Inf,Inf,182,FALSE,Pre-installation percentage index (mean = 100),log(percentage index / 100),FALSE
12d,12d | Liverpool 052A,cyclist,St. Helens 012E | windle st,St. Helens 012E,windle st,Windle St near North Rd,55118;55119;55120,3,St. Helens,26.67,59.045,32.375,3,1,2,Path/cycle facility;Road,Path/cycle facility;Road,FALSE,0,0,0,0,0,,,,,,Inf,Inf,Inf,,FALSE,Inf,Inf,183,FALSE,Pre-installation percentage index (mean = 100),log(percentage index / 100),FALSE
12d,12d | Liverpool 052A,cyclist,St. Helens 017A | fleet ln,St. Helens 017A,fleet ln,Fleet Ln near Broad Ln,51827,1,St. Helens,26.67,59.972,33.302,3,1,2,Path/cycle facility;Road,Path/cycle facility,FALSE,0,0,0,0,0,,,,,,Inf,Inf,Inf,,FALSE,Inf,Inf,184,FALSE,Pre-installation percentage index (mean = 100),log(percentage index / 100),FALSE
12d,12d | Liverpool 052A,cyclist,St. Helens 017A | newton rd,St. Helens 017A,newton rd,Newton Rd near Waring Ave,51810;51811;51813,3,St. Helens,26.67,59.972,33.302,3,1,2,Path/cycle facility;Road,Path/cycle facility;Road,FALSE,0,0,0,0,0,,,,,,Inf,Inf,Inf,,FALSE,Inf,Inf,185,FALSE,Pre-installation percentage index (mean = 100),log(percentage index / 100),FALSE
12d,12d | Liverpool 052A,cyclist,Halton 007D | victoria rd,Halton 007D,victoria rd,Victoria Rd near Ashley Way West,51662;51663;51679,3,Halton,26.67,60.023,33.353,3,1,2,Path/cycle facility;Road,Path/cycle facility;Road,FALSE,0,0,0,0,0,,,,,,Inf,Inf,Inf,,FALSE,Inf,Inf,186,FALSE,Pre-installation percentage index (mean = 100),log(percentage index / 100),FALSE
12d,12d | Liverpool 052A,cyclist,Halton 007D | waterloo rd,Halton 007D,waterloo rd,Waterloo Rd near West Bank St,50313;50314;50315,3,Halton,26.67,60.023,33.353,3,1,2,Path/cycle facility;Road,Path/cycle facility;Road,FALSE,0,0,0,0,0,,,,,,Inf,Inf,Inf,,FALSE,Inf,Inf,187,FALSE,Pre-installation percentage index (mean = 100),log(percentage index / 100),FALSE
12d,12d | Liverpool 052A,cyclist,Knowsley 020C | higher rd,Knowsley 020C,higher rd,"Higher Rd, E of Old Hutte Ln; Higher Rd, W of Old Hutte Ln",49271;49272;49273;49274;49275;49399;49400,7,Knowsley,26.67,60.604,33.934,3,1,2,Path/cycle facility;Road,Other / crossing;Path/cycle facility;Road,FALSE,0,0,0,0,0,,,,,,Inf,Inf,Inf,,FALSE,Inf,Inf,188,FALSE,Pre-installation percentage index (mean = 100),log(percentage index / 100),FALSE
12d,12d | Liverpool 052A,cyclist,Knowsley 020C | old hutte ln,Knowsley 020C,old hutte ln,Old Hutte Ln near Higher Rd,49276;49277;49278,3,Knowsley,26.67,60.604,33.934,3,1,2,Path/cycle facility;Road,Other / crossing;Path/cycle facility;Road,FALSE,0,0,0,0,0,,,,,,Inf,Inf,Inf,,FALSE,Inf,Inf,189,FALSE,Pre-installation percentage index (mean = 100),log(percentage index / 100),FALSE
12d,12d | Liverpool 052A,cyclist,Sefton 038B | cambridge rd,Sefton 038B,cambridge rd,Cambridge Rd near Sidney Rd,50018;50019;50020,3,Sefton,26.67,61.295,34.625,3,1,2,Path/cycle facility;Road,Path/cycle facility;Road,FALSE,0,0,0,0,0,,,,,,Inf,Inf,Inf,,FALSE,Inf,Inf,190,FALSE,Pre-installation percentage index (mean = 100),log(percentage index / 100),FALSE
12d,12d | Liverpool 052A,cyclist,Halton 007C | dundalk rd,Halton 007C,dundalk rd,Dundalk Rd,46457;46458;46459,3,Halton,26.67,62.648,35.978,3,1,2,Path/cycle facility;Road,Path/cycle facility;Road,FALSE,0,0,0,0,0,,,,,,Inf,Inf,Inf,,FALSE,Inf,Inf,191,FALSE,Pre-installation percentage index (mean = 100),log(percentage index / 100),FALSE
12d,12d | Liverpool 052A,cyclist,Wirral 005A | egremont promenade,Wirral 005A,egremont promenade,Egremont Promenade,49587;49588;49589,3,Wirral,26.67,63.141,36.471,3,1,2,Path/cycle facility;Road,Path/cycle facility,FALSE,0,0,0,0,0,,,,,,Inf,Inf,Inf,,FALSE,Inf,Inf,192,FALSE,Pre-installation percentage index (mean = 100),log(percentage index / 100),FALSE
12d,12d | Liverpool 052A,cyclist,Liverpool 038C | wellington rd,Liverpool 038C,wellington rd,Wellington Rd,53536;53537;53538;53668,4,Liverpool,26.67,63.285,36.615,3,1,2,Path/cycle facility;Road,Other / crossing;Path/cycle facility;Road,FALSE,0,0,0,0,0,,,,,,Inf,Inf,Inf,,FALSE,Inf,Inf,193,FALSE,Pre-installation percentage index (mean = 100),log(percentage index / 100),FALSE
12d,12d | Liverpool 052A,cyclist,Wirral 010G | beaufort rd,Wirral 010G,beaufort rd,Beaufort Rd near Ilchester Rd,50825;50828;50829;50830,4,Wirral,26.67,63.355,36.685,3,1,2,Path/cycle facility;Road,Other / crossing;Path/cycle facility;Road,FALSE,0,0,0,0,0,,,,,,Inf,Inf,Inf,,FALSE,Inf,Inf,194,FALSE,Pre-installation percentage index (mean = 100),log(percentage index / 100),FALSE
12d,12d | Liverpool 052A,cyclist,Liverpool 031G | quorn st,Liverpool 031G,quorn st,Quorn St near Wedgewood St,49394,1,Liverpool,26.67,63.779,37.109,3,1,2,Path/cycle facility;Road,Road,FALSE,0,0,0,0,0,,,,,,Inf,Inf,Inf,,FALSE,Inf,Inf,195,FALSE,Pre-installation percentage index (mean = 100),log(percentage index / 100),FALSE
12d,12d | Liverpool 052A,cyclist,Liverpool 023C | shaw st,Liverpool 023C,shaw st,Shaw St near William Henry St,52815;52816;52817;52818,4,Liverpool,26.67,65.01,38.34,3,1,2,Path/cycle facility;Road,Path/cycle facility;Road,FALSE,0,0,0,0,0,,,,,,Inf,Inf,Inf,,FALSE,Inf,Inf,196,FALSE,Pre-installation percentage index (mean = 100),log(percentage index / 100),FALSE
12d,12d | Liverpool 052A,cyclist,St. Helens 014C | peasley cross ln,St. Helens 014C,peasley cross ln,Peasley Cross Ln near Parr St,54619;54620;54621;54622,4,St. Helens,26.67,65.045,38.375,3,1,2,Path/cycle facility;Road,Path/cycle facility;Road,FALSE,0,0,0,0,0,,,,,,Inf,Inf,Inf,,FALSE,Inf,Inf,197,FALSE,Pre-installation percentage index (mean = 100),log(percentage index / 100),FALSE
12d,12d | Liverpool 052A,cyclist,St. Helens 014C | waterside,St. Helens 014C,waterside,Waterside near Standish St,51846;51847,2,St. Helens,26.67,65.045,38.375,3,1,2,Path/cycle facility;Road,Path/cycle facility;Road,FALSE,0,0,0,0,0,,,,,,Inf,Inf,Inf,,FALSE,Inf,Inf,198,FALSE,Pre-installation percentage index (mean = 100),log(percentage index / 100),FALSE
12d,12d | Liverpool 052A,cyclist,Liverpool 039D | lodge ln,Liverpool 039D,lodge ln,Lodge Ln near Tunnel Rd,49964,1,Liverpool,26.67,65.143,38.473,3,1,2,Path/cycle facility;Road,Path/cycle facility,FALSE,0,0,0,0,0,,,,,,Inf,Inf,Inf,,FALSE,Inf,Inf,199,FALSE,Pre-installation percentage index (mean = 100),log(percentage index / 100),FALSE
12d,12d | Liverpool 052A,cyclist,Wirral 009A | wirral circular,Wirral 009A,wirral circular,Wirral Circular near Scoresby Rd,50835,1,Wirral,26.67,67.045,40.375,3,1,2,Path/cycle facility;Road,Path/cycle facility,FALSE,0,0,0,0,0,,,,,,Inf,Inf,Inf,,FALSE,Inf,Inf,200,FALSE,Pre-installation percentage index (mean = 100),log(percentage index / 100),FALSE
12d,12d | Liverpool 052A,cyclist,Liverpool 044A | st james pl,Liverpool 044A,st james pl,St James Pl near Hill St,50705;50710,2,Liverpool,26.67,68.396,41.726,3,1,2,Path/cycle facility;Road,Other / crossing;Road,FALSE,0,0,0,0,0,,,,,,Inf,Inf,Inf,,FALSE,Inf,Inf,201,FALSE,Pre-installation percentage index (mean = 100),log(percentage index / 100),FALSE
12d,12d | Liverpool 052A,cyclist,Liverpool 030A | holt rd,Liverpool 030A,holt rd,Holt Rd near Edge Ln,49388;49389;49390,3,Liverpool,26.67,69.234,42.564,3,1,2,Path/cycle facility;Road,Path/cycle facility;Road,FALSE,0,0,0,0,0,,,,,,Inf,Inf,Inf,,FALSE,Inf,Inf,202,FALSE,Pre-installation percentage index (mean = 100),log(percentage index / 100),FALSE
12d,12d | Liverpool 052A,cyclist,Liverpool 030A | ling st,Liverpool 030A,ling st,Ling St near Holt Rd,49969,1,Liverpool,26.67,69.234,42.564,3,1,2,Path/cycle facility;Road,Road,FALSE,0,0,0,0,0,,,,,,Inf,Inf,Inf,,FALSE,Inf,Inf,203,FALSE,Pre-installation percentage index (mean = 100),log(percentage index / 100),FALSE
12d,12d | Liverpool 052A,cyclist,Liverpool 030A | quorn st,Liverpool 030A,quorn st,Quorn St near Brae St,49395,1,Liverpool,26.67,69.234,42.564,3,1,2,Path/cycle facility;Road,Road,FALSE,0,0,0,0,0,,,,,,Inf,Inf,Inf,,FALSE,Inf,Inf,204,FALSE,Pre-installation percentage index (mean = 100),log(percentage index / 100),FALSE
12d,12d | Liverpool 052A,cyclist,Liverpool 030A | wedgewood st,Liverpool 030A,wedgewood st,Wedgewood St near Quorn St,49396,1,Liverpool,26.67,69.234,42.564,3,1,2,Path/cycle facility;Road,Road,FALSE,0,0,0,0,0,,,,,,Inf,Inf,Inf,,FALSE,Inf,Inf,205,FALSE,Pre-installation percentage index (mean = 100),log(percentage index / 100),FALSE
12d,12d | Liverpool 052A,cyclist,Liverpool 039B | lodge ln,Liverpool 039B,lodge ln,Lodge Ln near Tunnel Rd,49962;49963,2,Liverpool,26.67,70.045,43.375,3,1,2,Path/cycle facility;Road,Path/cycle facility;Road,FALSE,0,0,0,0,0,,,,,,Inf,Inf,Inf,,FALSE,Inf,Inf,206,FALSE,Pre-installation percentage index (mean = 100),log(percentage index / 100),FALSE
12d,12d | Liverpool 052A,cyclist,Wirral 016F | argyle st,Wirral 016F,argyle st,Argyle St near Bridge St,46429;46430;46431,3,Wirral,26.67,71.864,45.194,3,1,2,Path/cycle facility;Road,Path/cycle facility;Road,FALSE,0,0,0,0,0,,,,,,Inf,Inf,Inf,,FALSE,Inf,Inf,207,FALSE,Pre-installation percentage index (mean = 100),log(percentage index / 100),FALSE
12d,12d | Liverpool 052A,cyclist,Wirral 016F | hamilton st,Wirral 016F,hamilton st,Hamilton St near Hamilton Sq,47771,1,Wirral,26.67,71.864,45.194,3,1,2,Path/cycle facility;Road,Road,FALSE,0,0,0,0,0,,,,,,Inf,Inf,Inf,,FALSE,Inf,Inf,208,FALSE,Pre-installation percentage index (mean = 100),log(percentage index / 100),FALSE
12d,12d | Liverpool 052A,cyclist,Wirral 016G | argyle st,Wirral 016G,argyle st,Argyle St; Argyle St near Hamilton Sq,46424;46425;46426;46427;46428,5,Wirral,26.67,71.864,45.194,3,1,2,Path/cycle facility;Road,Path/cycle facility;Road,FALSE,0,0,0,0,0,,,,,,Inf,Inf,Inf,,FALSE,Inf,Inf,209,FALSE,Pre-installation percentage index (mean = 100),log(percentage index / 100),FALSE
12d,12d | Liverpool 052A,cyclist,Wirral 016G | chester st,Wirral 016G,chester st,Chester St,46436;46437;46438,3,Wirral,26.67,71.864,45.194,3,1,2,Path/cycle facility;Road,Other / crossing;Road,FALSE,0,0,0,0,0,,,,,,Inf,Inf,Inf,,FALSE,Inf,Inf,210,FALSE,Pre-installation percentage index (mean = 100),log(percentage index / 100),FALSE
12d,12d | Liverpool 052A,cyclist,Wirral 016G | conway st,Wirral 016G,conway st,"Conway St - Westbound, near Argyle St",45432;45433;45440,3,Wirral,26.67,71.864,45.194,3,1,2,Path/cycle facility;Road,Other / crossing;Path/cycle facility;Road,FALSE,4,0.0380952380952381,0,0.8,1,45.35,35.4166666666667,0.785688601222582,0.0712275092883676,0.29035230100766,0.219124791719292,Inf,0.214748418850688,1,FALSE,Inf,Inf,211,FALSE,Pre-installation percentage index (mean = 100),log(percentage index / 100),FALSE
12d,12d | Liverpool 052A,cyclist,Wirral 016G | conway st eastbound,Wirral 016G,conway st eastbound,"Conway St Eastbound, near Argyle St",45431;45441;45442,3,Wirral,26.67,71.864,45.194,3,1,2,Path/cycle facility;Road,Other / crossing;Path/cycle facility;Road,FALSE,4,0.0380952380952381,0,0.8,1,45.35,25.8333333333333,0.578928443006113,0.0712275092883676,0.23712979328895,0.165902284000582,Inf,0.245975532280665,1,FALSE,Inf,Inf,212,FALSE,Pre-installation percentage index (mean = 100),log(percentage index / 100),FALSE
12d,12d | Liverpool 052A,cyclist,Wirral 016G | hamilton st,Wirral 016G,hamilton st,Hamilton St near Chester St; Hamilton St near Hamilton Sq; Hamilton St near Shore Rd,46432;46433;46434;46435;47770,5,Wirral,26.67,71.864,45.194,3,1,2,Path/cycle facility;Road,Other / crossing;Road,FALSE,0,0,0,0,0,,,,,,Inf,Inf,Inf,,FALSE,Inf,Inf,213,FALSE,Pre-installation percentage index (mean = 100),log(percentage index / 100),FALSE
12d,12d | Liverpool 052A,cyclist,Wirral 011E | fender ln,Wirral 011E,fender ln,Fender Ln,16377;16378;16397;51146;51147;51148,6,Wirral,26.67,72.478,45.808,3,1,2,Path/cycle facility;Road,Other / crossing;Path/cycle facility;Road,FALSE,0,0,0,0,0,,,,,,Inf,Inf,Inf,,FALSE,Inf,Inf,214,FALSE,Pre-installation percentage index (mean = 100),log(percentage index / 100),FALSE
12d,12d | Liverpool 052A,cyclist,Liverpool 022D | boundary st,Liverpool 022D,boundary st,Boundary St; Boundary St near Commercial Rd,46780;46781;46782;46786;46787;46789,6,Liverpool,26.67,72.513,45.843,3,1,2,Path/cycle facility;Road,Path/cycle facility;Road,FALSE,0,0,0,0,0,,,,,,Inf,Inf,Inf,,FALSE,Inf,Inf,215,FALSE,Pre-installation percentage index (mean = 100),log(percentage index / 100),FALSE
12d,12d | Liverpool 052A,cyclist,Liverpool 022D | vauxhall rd,Liverpool 022D,vauxhall rd,Vauxhall Rd near Boundary St,46776;46777;46778;46779,4,Liverpool,26.67,72.513,45.843,3,1,2,Path/cycle facility;Road,Other / crossing;Path/cycle facility;Road,FALSE,0,0,0,0,0,,,,,,Inf,Inf,Inf,,FALSE,Inf,Inf,216,FALSE,Pre-installation percentage index (mean = 100),log(percentage index / 100),FALSE
12d,12d | Liverpool 052A,cyclist,Sefton 036C | chesnut grove,Sefton 036C,chesnut grove,Chesnut Grove,50017,1,Sefton,26.67,74.774,48.104,3,1,2,Path/cycle facility;Road,Path/cycle facility,FALSE,0,0,0,0,0,,,,,,Inf,Inf,Inf,,FALSE,Inf,Inf,217,FALSE,Pre-installation percentage index (mean = 100),log(percentage index / 100),FALSE
12d,12d | Liverpool 052A,cyclist,Wirral 016C | conway st,Wirral 016C,conway st,"Conway St - Eastbound, near Europa Boulevard; Conway St - Westbound , near Europa Boulevard",45425;45427;45428;45429;45434;45437,6,Wirral,26.67,75.862,49.192,3,1,2,Path/cycle facility;Road,Other / crossing;Path/cycle facility;Road,FALSE,4,0.0380952380952381,0,0.8,0.833333333333333,45.35,21.7916666666667,0.491729593671341,0.0712275092883676,0.358451143339988,0.28722363405162,Inf,0.228961972737783,1,FALSE,Inf,Inf,218,FALSE,Pre-installation percentage index (mean = 100),log(percentage index / 100),FALSE
12d,12d | Liverpool 052A,cyclist,Wirral 016C | europa boulevard - norhtbound,Wirral 016C,europa boulevard - norhtbound,Europa Boulevard - Norhtbound,45426;45435;45436,3,Wirral,26.67,75.862,49.192,3,1,2,Path/cycle facility;Road,Other / crossing;Path/cycle facility;Road,FALSE,2,0.0190476190476191,0,1,1,46,14.1666666666667,0.322695035460993,-0.102216565167858,0.611801541105993,0.714018106273852,Inf,0.359805272555275,-1,FALSE,Inf,Inf,219,FALSE,Pre-installation percentage index (mean = 100),log(percentage index / 100),FALSE
12d,12d | Liverpool 052A,cyclist,Wirral 016C | europa boulevard - southbound,Wirral 016C,europa boulevard - southbound,Europa Boulevard - Southbound,45430;45438;45439,3,Wirral,26.67,75.862,49.192,3,1,2,Path/cycle facility;Road,Other / crossing;Path/cycle facility;Road,FALSE,1,0.00952380952380953,0,0.2,1,,,,,,Inf,Inf,Inf,,FALSE,Inf,Inf,220,FALSE,Pre-installation percentage index (mean = 100),log(percentage index / 100),FALSE
12d,12d | Liverpool 052A,cyclist,Wirral 008C | birkenhead rd,Wirral 008C,birkenhead rd,Birkenhead Rd,49567;49568,2,Wirral,26.67,76.106,49.436,3,1,2,Path/cycle facility;Road,Path/cycle facility;Road,FALSE,0,0,0,0,0,,,,,,Inf,Inf,Inf,,FALSE,Inf,Inf,221,FALSE,Pre-installation percentage index (mean = 100),log(percentage index / 100),FALSE
12d,12d | Liverpool 052A,cyclist,Sefton 037B | chesnut grove,Sefton 037B,chesnut grove,Chesnut Grove,50015;50016,2,Sefton,26.67,77.125,50.455,3,1,2,Path/cycle facility;Road,Path/cycle facility;Road,FALSE,0,0,0,0,0,,,,,,Inf,Inf,Inf,,FALSE,Inf,Inf,222,FALSE,Pre-installation percentage index (mean = 100),log(percentage index / 100),FALSE
12d,12d | Liverpool 052A,pedestrian,Liverpool 060C | london rd,Liverpool 060C,london rd,"London Rd - Eastbound, near Norton St; London Rd - Westbound, near Norton St",23807;23808,2,Liverpool,26.67,24.01,2.66,3,4,1,Path/cycle facility;Road,Road,TRUE,104,0.990476190476191,0.964285714285714,0.861538461538462,0.990384615384615,100.523717948718,114.879807692308,1.14140626479855,0.0708055542169928,0.190866378458734,0.120060824241741,0.0685203894461587,0.156190247503971,0.360053902190403,TRUE,0.171715451275905,0.248315451275905,1,TRUE,Pre-installation percentage index (mean = 100),log(percentage index / 100),FALSE
12d,12d | Liverpool 052A,pedestrian,Sefton 004D | hall st,Sefton 004D,hall st,Hall St near East St,40737;40738;40739,3,Sefton,26.67,33.442,6.772,3,2,1,Path/cycle facility;Road,Other / crossing;Path/cycle facility;Road,TRUE,103,0.980952380952381,0.964285714285714,0.860194174757282,1,100.563754045307,84.1359223300971,0.838251038772337,0.0720837299638859,0.257616040916265,0.185532310952379,0.0980898995474984,0.145364951279428,0.491984565763628,TRUE,0.193998779025746,0.311718779025746,2,FALSE,Pre-installation percentage index (mean = 100),log(percentage index / 100),FALSE
12d,12d | Liverpool 052A,pedestrian,St. Helens 020F | clock face rd,St. Helens 020F,clock face rd,Clock Face Rd near Gartons Ln,22898;22899;22900,3,St. Helens,26.67,25.825,0.845000000000002,3,4,1,Path/cycle facility;Road,Path/cycle facility;Road,TRUE,101,0.961904761904762,0.928571428571429,0.865346534653465,1,99.83300330033,160.415841584158,1.60082350322724,0.0398832481438714,0.461668569140979,0.421785320997107,0.133801388580982,0.111942150187594,0.234685111054515,TRUE,0.373296631528961,0.431746631528961,3,FALSE,Pre-installation percentage index (mean = 100),log(percentage index / 100),FALSE
12d,12d | Liverpool 052A,pedestrian,Sefton 004D | hawkshead st,Sefton 004D,hawkshead st,Hawkshead St near Kestrel Ct,40734;40735;40736,3,Sefton,26.67,33.442,6.772,3,2,1,Path/cycle facility;Road,Path/cycle facility;Road,TRUE,101,0.961904761904762,0.892857142857143,0.869306930693069,1,100.611881188119,60.8976897689769,0.609157994569383,0.0841402067702584,0.379408782684827,0.295268575914569,0.113222546346017,0.121359517837683,0.460886929845567,TRUE,0.325008753912906,0.442728753912906,4,FALSE,Pre-installation percentage index (mean = 100),log(percentage index / 100),FALSE
12d,12d | Liverpool 052A,pedestrian,Liverpool 042C | prince alfred rd,Liverpool 042C,prince alfred rd,Prince Alfred Rd near Fir Ln,22877;22878;22879,3,Liverpool,26.67,34.15,7.48,3,2,1,Path/cycle facility;Road,Path/cycle facility;Road,TRUE,103,0.980952380952381,0.964285714285714,0.858252427184466,1,100.492233009709,125.168284789644,1.24313241563593,0.0585354374230517,0.63788553050192,0.579350093078868,0.185838642650327,0.158209101808431,0.176874962852204,TRUE,0.355254440352168,0.480054440352167,5,FALSE,Pre-installation percentage index (mean = 100),log(percentage index / 100),FALSE
12d,12d | Liverpool 052A,pedestrian,Wirral 019B | upton rd,Wirral 019B,upton rd,Upton Rd near Westwood Rd,41136;41137,2,Wirral,26.67,21.574,5.096,3,4,1,Path/cycle facility;Road,Path/cycle facility;Road,TRUE,102,0.971428571428571,0.928571428571429,0.862745098039216,1,99.8941176470588,69.7941176470588,0.701667444029851,0.0338677279716771,0.55472605689293,0.520858328921253,0.181609395844747,0.156787778153801,0.208154847746917,TRUE,0.379551213633997,0.480511213633997,6,FALSE,Pre-installation percentage index (mean = 100),log(percentage index / 100),FALSE
12d,12d | Liverpool 052A,pedestrian,Liverpool 042C | fir ln,Liverpool 042C,fir ln,Fir Ln near Prince Alfred Rd,23780;23781,2,Liverpool,26.67,34.15,7.48,3,2,1,Path/cycle facility;Road,Path/cycle facility;Road,TRUE,85,0.80952380952381,0.642857142857143,0.872941176470588,1,100.6,85.9941176470588,0.856241315423807,-0.0422922531902848,0.581137388949506,0.62342964213979,0.244241033628293,0.220006230978727,0.14071451055811,TRUE,0.392929592468453,0.517729592468453,7,FALSE,Pre-installation percentage index (mean = 100),log(percentage index / 100),FALSE
12d,12d | Liverpool 052A,pedestrian,Halton 012F | queensway,Halton 012F,queensway,Queensway near New Rbt,40834;40835,2,Halton,26.67,36.719,10.049,3,2,1,Path/cycle facility;Road,Path/cycle facility;Road,FALSE,100,0.952380952380952,0.875,0.862,1,101.251,74.685,0.740188360016039,0.114211934871811,0.291406994816571,0.177195059944759,0.100532935337131,0.229413871210044,0.454857142459776,FALSE,0.247647152693093,0.398137152693093,8,FALSE,Pre-installation percentage index (mean = 100),log(percentage index / 100),FALSE
12d,12d | Liverpool 052A,pedestrian,Sefton 003B | marshside rd,Sefton 003B,marshside rd,Marshside Rd near Fylde Rd,22884;22885;22886,3,Sefton,26.67,40.465,13.795,3,2,1,Path/cycle facility;Road,Path/cycle facility;Road,FALSE,104,0.990476190476191,0.964285714285714,0.861538461538462,1,100.523717948718,165.663461538462,1.64162094243482,0.0708055542169928,0.0140380030224852,0.0567675511945076,0.0616436782970877,0.27444423561432,0.179844605038621,FALSE,0.293870808173824,0.481820808173824,9,FALSE,Pre-installation percentage index (mean = 100),log(percentage index / 100),FALSE
12d,12d | Liverpool 052A,pedestrian,Halton 006B | cycle ln,Halton 006B,cycle ln,Cycle Ln near Liverpool Rd / Prescott Rd,16366,1,Halton,26.67,38.588,11.918,3,2,1,Path/cycle facility;Road,Path/cycle facility,FALSE,103,0.980952380952381,0.964285714285714,0.860194174757282,1,100.563754045307,199.203883495146,1.97121389788167,0.0720837299638859,-0.0263657496072513,0.0984494795711372,0.114988028580394,0.154411833174617,0.386852431537752,FALSE,0.337689165712714,0.506869165712714,10,FALSE,Pre-installation percentage index (mean = 100),log(percentage index / 100),FALSE
12d,12d | Liverpool 052A,pedestrian,Sefton 003D | park cres,Sefton 003D,park cres,Park Cres,40720;40721;40722,3,Sefton,26.67,18.584,8.086,3,5,2,Path/cycle facility;Road,Path/cycle facility;Road,FALSE,96,0.914285714285714,0.875,0.858333333333333,1,98.9256944444445,114.3125,1.15398247308764,0.0189104275578301,0.606161239126757,0.587250811568927,0.217800379982976,0.32476341147474,0.104033541851574,FALSE,0.373030507471667,0.553890507471667,11,FALSE,Pre-installation percentage index (mean = 100),log(percentage index / 100),FALSE
12d,12d | Liverpool 052A,pedestrian,Wirral 027D | new chester rd,Wirral 027D,new chester rd,New Chester Rd near Bedford Rd; New Chester Rd near St Paul's Rd,16350;16351;16352;16356;16357;16358,6,Wirral,26.67,59.878,33.208,3,1,2,Path/cycle facility;Road,Path/cycle facility;Road,FALSE,105,1,1,0.857142857142857,0.995238095238095,101.428253968254,104.725396825397,1.03218977898583,0.0915359769709445,0.32852658850372,0.236990611532776,0.101078689482428,0.125194242181047,0.378870067333017,FALSE,0.170505333524942,0.602585333524942,12,FALSE,Pre-installation percentage index (mean = 100),log(percentage index / 100),FALSE
12d,12d | Liverpool 052A,pedestrian,Liverpool 023B | breck rd,Liverpool 023B,breck rd,Breck Rd near Spindle Close,22872;22873;22874,3,Liverpool,26.67,46.712,20.042,3,1,2,Path/cycle facility;Road,Other / crossing;Path/cycle facility,FALSE,100,0.952380952380952,0.857142857142857,0.876,1,101.528,112.263333333333,1.10470635663754,0.0895645197454923,0.691408384730192,0.6018438649847,0.208140027157255,0.148474083257315,0.371954533981707,FALSE,0.31533860384547,0.61575860384547,13,FALSE,Pre-installation percentage index (mean = 100),log(percentage index / 100),FALSE
12d,12d | Liverpool 052A,pedestrian,Sefton 004G | hoghton st,Sefton 004G,hoghton st,Hoghton St near Hoghton Grove; Hoghton St near Queen's Rd,43340;43342;43343;43493;43494;43495,6,Sefton,26.67,45.56,18.89,3,1,2,Path/cycle facility;Road,Path/cycle facility;Road,FALSE,105,1,1,0.857142857142857,0.957142857142857,101.428253968254,221.539682539683,2.17263961766502,0.0915359769709445,0.241982414953241,0.150446437982296,0.0687214191428105,0.156727813444233,0.42650129333386,FALSE,0.36216139793253,0.65106139793253,14,FALSE,Pre-installation percentage index (mean = 100),log(percentage index / 100),FALSE
12d,12d | Liverpool 052A,pedestrian,Sefton 004H | king st,Sefton 004H,king st,King St near Wellington St,40740;40741;40742,3,Sefton,26.67,55.692,29.022,3,1,2,Path/cycle facility;Road,Path/cycle facility;Road,FALSE,101,0.961904761904762,0.892857142857143,0.861386138613861,1,99.6356435643565,146.3300330033,1.46399454293829,0.0340217579613531,0.13483704509292,0.100815287131567,0.116806390778813,0.228108645613499,0.325920941398476,FALSE,0.267327074600669,0.657547074600669,15,FALSE,Pre-installation percentage index (mean = 100),log(percentage index / 100),FALSE
12d,12d | Liverpool 052A,pedestrian,Knowsley 003D | cherryfield dr,Knowsley 003D,cherryfield dr,Cherryfield Dr near Cherryfield Cres,16347;16348;16349,3,Knowsley,26.67,60.307,33.637,3,1,2,Path/cycle facility;Road,Path/cycle facility;Road,FALSE,104,0.990476190476191,0.964285714285714,0.861538461538462,1,100.523717948718,78.3589743589744,0.781679157958542,0.0708055542169928,0.279231085176078,0.208425530959086,0.0665136187822932,0.123021670720723,0.368207720290248,FALSE,0.223968755194297,0.660338755194297,16,FALSE,Pre-installation percentage index (mean = 100),log(percentage index / 100),FALSE
12d,12d | Liverpool 052A,pedestrian,Sefton 011D | liverpool rd,Sefton 011D,liverpool rd,Liverpool Rd near Saint Thomas More Dr,22871;26532;40723;40724,4,Sefton,26.67,15.515,11.155,3,6,3,Path/cycle facility;Road,Other / crossing;Path/cycle facility;Road,FALSE,104,0.990476190476191,0.964285714285714,0.861538461538462,0.980769230769231,100.523717948718,60.8677884615385,0.609392462289348,0.0708055542169928,0.493038009710163,0.42223245549317,0.183501540610127,0.18591693982673,0.155054774932914,FALSE,0.402155916180952,0.663705916180953,17,FALSE,Pre-installation percentage index (mean = 100),log(percentage index / 100),FALSE
12d,12d | Liverpool 052A,pedestrian,Liverpool 024D | west derby rd,Liverpool 024D,west derby rd,"West Derby Rd - Eastbound, near Sheil Rd; West Derby Rd - Westbound, near Sheil Rd",15104;15106;15160;15161;15162,5,Liverpool,26.67,64.417,37.747,3,1,2,Path/cycle facility;Road,Path/cycle facility;Road,FALSE,101,0.961904761904762,0.935483870967742,0.873267326732673,0.944554455445545,102.250165016502,110.297359735974,1.07793880734414,0.00773801980277241,0.259672473468043,0.25193445366527,0.0973414697694917,0.114324215293379,0.318975303904749,FALSE,0.193196935067717,0.670666935067717,18,FALSE,Pre-installation percentage index (mean = 100),log(percentage index / 100),FALSE
12d,12d | Liverpool 052A,pedestrian,St. Helens 024E | peasley cross ln,St. Helens 024E,peasley cross ln,Peasley Cross Ln near McManus Dr,22882;22883,2,St. Helens,26.67,40.867,14.197,3,2,1,Path/cycle facility;Road,Path/cycle facility;Road,FALSE,101,0.961904761904762,0.928571428571429,0.861386138613861,1,99.3148514851485,54.8811881188119,0.557057975877929,0.0464608515935364,0.68181213444833,0.635351282854794,0.217662409835715,0.154874302334682,0.128661932589936,FALSE,0.492924210755204,0.684894210755204,19,FALSE,Pre-installation percentage index (mean = 100),log(percentage index / 100),FALSE
12d,12d | Liverpool 052A,pedestrian,Halton 015B | crown gate,Halton 015B,crown gate,Crown Gate,16363,1,Halton,26.67,58.811,32.141,3,1,2,Path/cycle facility;Road,Road,FALSE,103,0.980952380952381,0.928571428571429,0.864077669902913,1,99.8815533980583,78.5922330097088,0.788967163259807,0.0398933881843249,0.266209323188458,0.226315935004133,0.119457449014885,0.149458394480562,0.115167740623739,FALSE,0.266328638121598,0.687738638121599,20,FALSE,Pre-installation percentage index (mean = 100),log(percentage index / 100),FALSE
12d,12d | Liverpool 052A,pedestrian,Liverpool 059F | western ave,Liverpool 059F,western ave,Western Ave near of Bray Rd,16361;16386;16387,3,Liverpool,26.67,58.134,31.464,3,1,2,Path/cycle facility;Road,Path/cycle facility;Road,FALSE,102,0.971428571428571,0.928571428571429,0.866666666666667,0.993464052287582,99.6450980392157,76.7581699346405,0.772597686817718,0.0397111933153082,0.323504197770463,0.283793004455154,0.112393151698364,0.12363714726493,0.162172322794991,FALSE,0.278312280014776,0.692952280014776,21,FALSE,Pre-installation percentage index (mean = 100),log(percentage index / 100),FALSE
12d,12d | Liverpool 052A,pedestrian,Sefton 037D | merton rd,Sefton 037D,merton rd,Merton Rd near Washington Parade,16353;16392,2,Sefton,26.67,66.265,39.595,3,1,2,Path/cycle facility;Road,Path/cycle facility;Road,FALSE,104,0.990476190476191,0.964285714285714,0.861538461538462,0.980769230769231,100.523717948718,116.644230769231,1.15878568226447,0.0708055542169928,0.296015956296028,0.225210402079035,0.0527961439432712,0.334105796513889,0.288968845935201,FALSE,0.223810756943592,0.719760756943592,22,FALSE,Pre-installation percentage index (mean = 100),log(percentage index / 100),FALSE
12d,12d | Liverpool 052A,pedestrian,Halton 014D | murdishaw centre,Halton 014D,murdishaw centre,Murdishaw Centre,23806,1,Halton,26.67,58.314,31.644,3,1,2,Path/cycle facility;Road,Road,FALSE,103,0.980952380952381,0.928571428571429,0.864077669902913,1,99.8815533980583,134.349514563107,1.34166762905647,0.0398933881843249,0.415062942781291,0.375169554596967,0.114494786215041,0.167879727555893,0.277792901276144,FALSE,0.305193956402288,0.721633956402288,23,FALSE,Pre-installation percentage index (mean = 100),log(percentage index / 100),FALSE
12d,12d | Liverpool 052A,pedestrian,Sefton 026B | maghull ln,Sefton 026B,maghull ln,Maghull Ln near Maghull Ln Interchange,40745;40746,2,Sefton,26.67,26.451,0.219000000000001,3,4,1,Path/cycle facility;Road,Other / crossing;Path/cycle facility,TRUE,102,0.971428571428571,0.928571428571429,0.862745098039216,1,99.9156862745098,28.4803921568627,0.29212893698875,0.0411715639312182,0.599014496545853,0.557842932614635,0.191491603052942,0.378819883126581,0.254827358694059,FALSE,0.67118905404905,0.72337905404905,24,FALSE,Pre-installation percentage index (mean = 100),log(percentage index / 100),FALSE
12d,12d | Liverpool 052A,pedestrian,Sefton 004I | talbot st,Sefton 004I,talbot st,Talbot St near Portland St,16370;16371;16372,3,Sefton,26.67,55.692,29.022,3,1,2,Path/cycle facility;Road,Other / crossing;Road,FALSE,102,0.971428571428571,0.9375,0.858823529411765,1,100.400653594771,186.964052287582,1.8536769303159,0.0724269703355666,0.171361951068103,0.0989349807325362,0.106535268806484,0.217990544484322,0.297661131409628,FALSE,0.334837494149794,0.725057494149795,25,FALSE,Pre-installation percentage index (mean = 100),log(percentage index / 100),FALSE
12d,12d | Liverpool 052A,pedestrian,Sefton 009F | trafalgar rd,Sefton 009F,trafalgar rd,Trafalgar Rd near Churchfields,40727;40728;40729,3,Sefton,26.67,7.398,19.272,3,9,6,Path/cycle facility;Road,Path/cycle facility;Road,FALSE,99,0.942857142857143,0.892857142857143,0.870707070707071,1,101.239730639731,89.0808080808081,0.881074387786018,0.0747731496416733,0.469617773109589,0.394844623467916,0.109439255565728,0.101964759835529,0.314245651765737,FALSE,0.252033816261535,0.744753816261535,26,FALSE,Pre-installation percentage index (mean = 100),log(percentage index / 100),FALSE
12d,12d | Liverpool 052A,pedestrian,St. Helens 022F | clock face rd,St. Helens 022F,clock face rd,Clock Face Rd; Clock Face Rd near Chester Ln; Clock Face Rd near Four Acre Ln,16354;16355;16396;47639;47641;47642;47825;52939,8,St. Helens,26.67,17.475,9.195,3,6,3,Path/cycle facility;Road,Other / crossing;Path/cycle facility;Road,FALSE,92,0.876190476190476,0.857142857142857,0.856521739130435,0.923913043478261,99.7144927536232,157.317028985507,1.5719389003209,0.00760621605298493,0.946755451441873,0.939149235388888,0.27963994618295,0.156780507437343,0.416370878661915,FALSE,0.517152107243472,0.759102107243472,27,FALSE,Pre-installation percentage index (mean = 100),log(percentage index / 100),FALSE
12d,12d | Liverpool 052A,pedestrian,Sefton 002C | preston new rd,Sefton 002C,preston new rd,Preston New Rd near Mallee Cres; Preston New Rd near Rathmore Cres,40730;40731;40732;40733,4,Sefton,26.67,7.648,19.022,3,9,6,Path/cycle facility;Road,Path/cycle facility;Road,FALSE,103,0.980952380952381,0.964285714285714,0.860194174757282,0.995145631067961,100.563754045307,77.5412621359223,0.77331980167733,0.0720837299638859,0.455256444592856,0.38317271462897,0.12884367613571,0.13770217039328,0.300257849958111,FALSE,0.291910794273736,0.782130794273736,28,FALSE,Pre-installation percentage index (mean = 100),log(percentage index / 100),FALSE
12d,12d | Liverpool 052A,pedestrian,Liverpool 027A | prescot rd,Liverpool 027A,prescot rd,Prescot Rd near Barrymore Rd; Prescot Rd near Dunmore Rd,22890;22891;22892;22893,4,Liverpool,26.67,60.219,33.549,3,1,2,Path/cycle facility;Road,Path/cycle facility;Road,FALSE,104,0.990476190476191,0.964285714285714,0.861538461538462,0.985576923076923,100.523717948718,174.954326923077,1.73313517745632,0.0708055542169928,0.425125936122884,0.354320381905891,0.125745157499951,0.123703638397868,0.328389656483099,FALSE,0.366703955912534,0.802193955912534,29,FALSE,Pre-installation percentage index (mean = 100),log(percentage index / 100),FALSE
12d,12d | Liverpool 052A,pedestrian,Halton 015B | busway,Halton 015B,busway,"Busway near Palacefields Ave; Busway, near Palacefields Ave",16369;22875,2,Halton,26.67,58.811,32.141,3,1,2,Path/cycle facility;Road,Other / crossing;Road,FALSE,96,0.914285714285714,0.833333333333333,0.875,0.536458333333333,101.090277777778,113.520833333333,1.12176042446092,-0.0108969201823577,0.309370913382406,0.320267833564763,0.572668875820892,0.233530684973064,-0.016459497231786,FALSE,0.383615660387676,0.805025660387676,30,FALSE,Pre-installation percentage index (mean = 100),log(percentage index / 100),FALSE
12d,12d | Liverpool 052A,pedestrian,Knowsley 002B | kirkby row,Knowsley 002B,kirkby row,Kirkby Row near Whitefield Dr,23789;23790;23791,3,Knowsley,26.67,33.737,7.067,3,2,1,Path/cycle facility;Road,Path/cycle facility;Road,TRUE,86,0.819047619047619,0.5,0.846511627906977,1,98.4015503875969,482.763565891473,4.86676076987865,-0.0190717164524436,0.206625801513429,0.225697517965872,0.0836332059122721,0.466232441866126,0.313869038227757,FALSE,0.704837971530732,0.825507971530732,31,FALSE,Pre-installation percentage index (mean = 100),log(percentage index / 100),FALSE
12d,12d | Liverpool 052A,pedestrian,Wirral 003B | harrison dr,Wirral 003B,harrison dr,Harrison Dr,23802;23803;23804,3,Wirral,26.67,9.32,17.35,3,8,5,Path/cycle facility;Road,Path/cycle facility;Road,FALSE,88,0.838095238095238,0.625,0.836363636363636,1,98.955303030303,138.356060606061,1.3941837639551,0.0512888746854218,0.467858734544677,0.416569859859255,0.212258451634044,0.3145497699323,0.0810197071830248,FALSE,0.40466695641824,0.82816695641824,32,FALSE,Pre-installation percentage index (mean = 100),log(percentage index / 100),FALSE
12d,12d | Liverpool 052A,pedestrian,Sefton 009F | waterloo rd,Sefton 009F,waterloo rd,Waterloo Rd near Cromer Rd; Waterloo Rd near Grnbank Dr,22870;40725;40726,3,Sefton,26.67,7.398,19.272,3,9,6,Path/cycle facility;Road,Other / crossing;Path/cycle facility;Road,FALSE,105,1,1,0.857142857142857,0.974603174603175,101.428253968254,58.6968253968254,0.582816001289327,0.0915359769709445,0.326372128924203,0.234836151953258,0.0973011121218443,0.208422091802242,0.275104811059455,FALSE,0.339339129106108,0.832059129106108,33,FALSE,Pre-installation percentage index (mean = 100),log(percentage index / 100),FALSE
12d,12d | Liverpool 052A,pedestrian,Wirral 034B | arrowe park rd,Wirral 034B,arrowe park rd,Arrowe Park Rd,23796;23797;23798,3,Wirral,26.67,18.837,7.833,3,5,2,Path/cycle facility;Road,Path/cycle facility,FALSE,100,0.952380952380952,0.9,0.868,1,100.09,29.9666666666667,0.306327694793418,0.0550679989718326,0.666507844634403,0.611439845662571,0.226308409684247,0.159337735561212,0.157049430860174,FALSE,0.667261381807833,0.845591381807833,34,FALSE,Pre-installation percentage index (mean = 100),log(percentage index / 100),FALSE
12d,12d | Liverpool 052A,pedestrian,Liverpool 047D | woolton rd,Liverpool 047D,woolton rd,Woolton Rd near Hope Park,22868;22869,2,Liverpool,26.67,7.072,19.598,3,9,6,Path/cycle facility;Road,Other / crossing;Path/cycle facility,FALSE,104,0.990476190476191,0.964285714285714,0.861538461538462,1,100.523717948718,127.139423076923,1.26216243520208,0.0708055542169928,0.728271280962989,0.657465726745997,0.204247027245207,0.128216072132649,0.336592975090459,FALSE,0.363411069032061,0.859391069032061,35,FALSE,Pre-installation percentage index (mean = 100),log(percentage index / 100),FALSE
12d,12d | Liverpool 052A,pedestrian,Wirral 031C | new chester rd,Wirral 031C,new chester rd,New Chester Rd near Sefton Rd,16381;16382;16383,3,Wirral,26.67,44.541,17.871,3,1,2,Path/cycle facility;Road,Other / crossing;Road,FALSE,102,0.971428571428571,0.9375,0.862745098039216,1,100.092810457516,421.630718954248,4.18062092686459,0.0728548149164872,0.287406696801137,0.21455188188465,0.100182151696064,0.145155840218282,0.424505501375089,FALSE,0.586293686001734,0.865003686001734,36,FALSE,Pre-installation percentage index (mean = 100),log(percentage index / 100),FALSE
12d,12d | Liverpool 052A,pedestrian,Knowsley 008F | stockbridge ln,Knowsley 008F,stockbridge ln,Stockbridge Ln near Waterpark Dr,23811;23812;23813,3,Knowsley,26.67,77.148,50.478,3,1,2,Path/cycle facility;Road,Path/cycle facility;Road,FALSE,103,0.980952380952381,0.9375,0.860194174757282,1,100.324919093851,104.624595469256,1.04243454042556,0.0730370097855043,0.575820462957724,0.50278345317222,0.1772930139987,0.158724301402841,0.292886914907181,FALSE,0.271273541485084,0.876053541485084,37,FALSE,Pre-installation percentage index (mean = 100),log(percentage index / 100),FALSE
12d,12d | Liverpool 052A,pedestrian,Knowsley 004A | kirkby row,Knowsley 004A,kirkby row,Kirkby Row near Valley Rd,23792;23793;23794,3,Knowsley,26.67,70.978,44.308,3,1,2,Path/cycle facility;Road,Path/cycle facility;Road,FALSE,102,0.971428571428571,0.928571428571429,0.866666666666667,1,100.040522875817,146.464052287582,1.45945456427241,0.03765179257536,0.433861553457849,0.396209760882489,0.122585680346057,0.16523929513185,0.308074375509534,FALSE,0.334371568860165,0.877451568860165,38,FALSE,Pre-installation percentage index (mean = 100),log(percentage index / 100),FALSE
12d,12d | Liverpool 052A,pedestrian,Sefton 009A | dover rd,Sefton 009A,dover rd,Dover Rd near Conyers Ave,40743;40744,2,Sefton,26.67,8.868,17.802,3,8,5,Path/cycle facility;Road,Path/cycle facility;Road,FALSE,101,0.961904761904762,0.928571428571429,0.867326732673267,1,103.233333333333,60.490099009901,0.589927396960995,0.159305116148202,0.79723921129086,0.637934095142659,0.183517367016404,0.187151160362538,0.182956597662307,FALSE,0.467043048997305,0.895063048997305,39,FALSE,Pre-installation percentage index (mean = 100),log(percentage index / 100),FALSE
12d,12d | Liverpool 052A,pedestrian,St. Helens 022F | chester ln,St. Helens 022F,chester ln,Chester Ln; Chester Ln near Four Acre Ln; Chester Ln near Marshalls Cross Rd,16672;16673;16676;47643;47725;47826;47827,7,St. Helens,26.67,17.475,9.195,3,6,3,Path/cycle facility;Road,Other / crossing;Path/cycle facility;Road,FALSE,103,0.980952380952381,0.964285714285714,0.869902912621359,0.990291262135922,103.349190938511,228.118122977346,2.19568662599748,0.116782853563269,-0.912223028170597,1.02900588173387,0.486417243632087,0.177489317891622,0.394264813786333,FALSE,0.677563325667462,0.919513325667461,40,FALSE,Pre-installation percentage index (mean = 100),log(percentage index / 100),FALSE
12d,12d | Liverpool 052A,pedestrian,Liverpool 022D | commercial rd,Liverpool 022D,commercial rd,Commercial Rd near Boundary St,16379;16380;16402;16403,4,Liverpool,26.67,72.513,45.843,3,1,2,Path/cycle facility;Road,Path/cycle facility;Road,FALSE,104,0.990476190476191,0.964285714285714,0.861538461538462,0.947115384615385,100.523717948718,59.5384615384615,0.596298704988729,0.0708055542169928,0.483801748162985,0.412996193945992,0.145932178802928,0.131734707350635,0.317331202580377,FALSE,0.375520652019853,0.933950652019854,41,FALSE,Pre-installation percentage index (mean = 100),log(percentage index / 100),FALSE
12d,12d | Liverpool 052A,pedestrian,Wirral 009B | fender ln,Wirral 009B,fender ln,Fender Ln near Hoylake Rd,16367;16368;16390;16391;52615,5,Wirral,26.67,25.557,1.113,3,4,1,Path/cycle facility;Road,Path/cycle facility;Road,TRUE,103,0.980952380952381,0.964285714285714,0.864077669902913,0.994174757281553,100.295792880259,63.3155339805825,0.634927988140727,0.0706233593479759,2.10907881904635,2.03845545969837,0.909076715437222,0.149318298323619,0.241770415305379,FALSE,0.927700053227794,0.988830053227794,42,FALSE,Pre-installation percentage index (mean = 100),log(percentage index / 100),FALSE
12d,12d | Liverpool 052A,pedestrian,Liverpool 057D | saint mary's rd,Liverpool 057D,saint mary's rd,Saint Mary's Rd near Sidwell St,16375;16376;16395,3,Liverpool,26.67,45.859,19.189,3,1,2,Path/cycle facility;Road,Path/cycle facility;Road,FALSE,104,0.990476190476191,0.964285714285714,0.861538461538462,0.923076923076923,100.523717948718,607.298076923077,5.99168439861849,0.0708055542169928,0.284269764101789,0.213464209884797,0.0935959020410232,0.279266198643008,0.306643087827271,FALSE,0.711798144110881,1.00368814411088,43,FALSE,Pre-installation percentage index (mean = 100),log(percentage index / 100),FALSE
12d,12d | Liverpool 052A,pedestrian,Halton 014D | busway,Halton 014D,busway,Busway near Stockham Ln,22897;54966;54967,3,Halton,26.67,58.314,31.644,3,1,2,Path/cycle facility;Road,Other / crossing;Path/cycle facility,FALSE,74,0.704761904761905,0,0.821621621621622,1,94.3567567567568,24.5765765765766,0.268219866598643,0.457351279703749,0.664590584609529,0.207239304905781,0.0421840767073119,0.218444676265018,0.516681795719023,FALSE,0.598888224420564,1.01532822442056,44,FALSE,Pre-installation percentage index (mean = 100),log(percentage index / 100),FALSE
12d,12d | Liverpool 052A,pedestrian,Liverpool 061C | liver st,Liverpool 061C,liver st,Liver St near Park Ln,16364;16365;16388;16389,4,Liverpool,26.67,15.028,11.642,3,6,3,Path/cycle facility;Road,Path/cycle facility;Road,FALSE,105,1,1,0.857142857142857,0.947619047619048,101.428253968254,1227.90238095238,11.9976894396077,0.0915359769709445,0.157365826287109,0.0658298493161648,0.0942830293336917,0.280078604551045,0.452052178814133,FALSE,0.868054745658025,1.13447474565803,45,FALSE,Pre-installation percentage index (mean = 100),log(percentage index / 100),FALSE
12d,12d | Liverpool 052A,pedestrian,Liverpool 011C | utting ave east,Liverpool 011C,utting ave east,Utting Ave East near Parthenon Dr,22889,1,Liverpool,26.67,57.15,30.48,3,1,2,Path/cycle facility;Road,Road,FALSE,105,1,1,0.857142857142857,1,101.428253968254,26.6857142857143,0.270293724759723,0.0915359769709445,-0.567839278613486,0.659375255584431,0.295410700921722,0.195284703583054,-0.078578653264024,FALSE,0.750928959449369,1.15572895944937,46,FALSE,Pre-installation percentage index (mean = 100),log(percentage index / 100),FALSE
12d,12d | Liverpool 052A,pedestrian,Halton 007B | grn oaks way,Halton 007B,grn oaks way,Grn Oaks Way,16359;16401,2,Halton,26.67,42.077,15.407,3,2,1,Path/cycle facility;Road,Other / crossing;Road,FALSE,102,0.971428571428571,0.928571428571429,0.862745098039216,1,99.6745098039216,5.46078431372549,0.0641749766282331,0.0421248437528363,0.26117481544493,0.219049971692094,0.0888368363282702,0.141239612676129,0.398927708018408,FALSE,0.982466370676398,1.1865363706764,47,FALSE,Pre-installation percentage index (mean = 100),log(percentage index / 100),FALSE
12d,12d | Liverpool 052A,pedestrian,Sefton 004A | queen's rd,Sefton 004A,queen's rd,Queen's Rd near Hawkshead St,43346;43347,2,Sefton,26.67,40.356,13.686,3,2,1,Path/cycle facility;Road,Road,FALSE,103,0.980952380952381,0.928571428571429,0.864077669902913,1,99.8815533980583,6.07281553398058,0.0701100973938484,0.0398933881843249,-0.256529178797791,0.296422566982116,0.233271516462552,0.149017800424862,0.158078782690272,FALSE,1.02848030862211,1.21534030862211,48,FALSE,Pre-installation percentage index (mean = 100),log(percentage index / 100),FALSE
12d,12d | Liverpool 052A,pedestrian,Liverpool 047C | woolton rd,Liverpool 047C,woolton rd,Woolton Rd near Hope Park,22867,1,Liverpool,26.67,3.939,22.731,3,10,7,Path/cycle facility;Road,Path/cycle facility,FALSE,104,0.990476190476191,0.964285714285714,0.861538461538462,1,100.523717948718,363.067307692308,3.58603206273638,0.0708055542169928,0.60417076542533,0.533365211208337,0.187142386740706,0.180527583751358,0.378052287724612,FALSE,0.643316186306739,1.22062618630674,49,FALSE,Pre-installation percentage index (mean = 100),log(percentage index / 100),FALSE
12d,12d | Liverpool 052A,pedestrian,Liverpool 060G | leece st,Liverpool 060G,leece st,"Leece St - Eastbound, near Roscoe St; Leece St near Roscoe St",22880;22881;22887;22888,4,Liverpool,26.67,24.323,2.347,3,4,1,Path/cycle facility;Road,Path/cycle facility;Road,TRUE,103,0.980952380952381,0.9375,0.860194174757282,0.980582524271845,100.555987055016,3054.04368932039,30.0823592770102,0.0642064463225557,0.202627125655583,0.138420679333027,0.0715397698522227,0.212439767279412,0.40323348712068,FALSE,1.16111222907283,1.23458222907283,50,FALSE,Pre-installation percentage index (mean = 100),log(percentage index / 100),FALSE
12d,12d | Liverpool 052A,pedestrian,St. Helens 022A | warrington rd,St. Helens 022A,warrington rd,Warrington Rd near Clock Face Rd,22894;22895;22896,3,St. Helens,26.67,40.354,13.684,3,2,1,Path/cycle facility;Road,Other / crossing;Path/cycle facility,FALSE,103,0.980952380952381,0.928571428571429,0.864077669902913,1,99.8815533980583,11.5210355987055,0.124116205361153,0.0398933881843249,0.911912706780043,0.872019318595718,0.324951933437391,0.399889012157017,0.0520336619038019,FALSE,1.0550617810532,1.2419017810532,51,FALSE,Pre-installation percentage index (mean = 100),log(percentage index / 100),FALSE
12d,12d | Liverpool 052A,pedestrian,Liverpool 035G | upper parliament st,Liverpool 035G,upper parliament st,Upper Parliament St near Tunnel Rd,22876;23038;23039,3,Liverpool,26.67,58.2923711892797,31.6223711892797,3,1,2,Path/cycle facility;Road,Other / crossing;Path/cycle facility,FALSE,105,1,1,0.857142857142857,1,101.428253968254,1160.72063492064,11.3417986728612,0.0915359769709445,0.574810757308058,0.483274780337113,0.152766965979285,0.249665672808526,0.481954805548659,FALSE,0.963834501803669,1.38005821369647,52,FALSE,Pre-installation percentage index (mean = 100),log(percentage index / 100),FALSE
12d,12d | Liverpool 052A,pedestrian,Liverpool 010G | utting ave east,Liverpool 010G,utting ave east,Utting Ave East near Lorenzo Dr,23795,1,Liverpool,26.67,58.76,32.09,3,1,2,Path/cycle facility;Road,Road,FALSE,103,0.980952380952381,0.964285714285714,0.864077669902913,1,100.687378640777,4.4368932038835,0.0534667455937673,0.0685639586080279,0.514482468917225,0.445918510309197,0.174798060946684,0.193171993203618,0.29076566699787,FALSE,1.12482270293804,1.54572270293804,53,FALSE,Pre-installation percentage index (mean = 100),log(percentage index / 100),FALSE
12d,12d | Liverpool 052A,pedestrian,Liverpool 058C | western ave,Liverpool 058C,western ave,Western Ave near of Bray Rd,16362,1,Liverpool,26.67,54.692,28.022,3,1,2,Path/cycle facility;Road,Road,FALSE,100,0.952380952380952,0.928571428571429,0.868,1,99.5913333333333,1.91,0.0289289335728061,0.0397010532748546,0.448548942622669,0.408847889347814,0.129829231937491,0.179320975512539,0.726956299260003,FALSE,1.24884057420301,1.62906057420301,54,FALSE,Pre-installation percentage index (mean = 100),log(percentage index / 100),FALSE
12d,12d | Liverpool 052A,pedestrian,Sefton 004I | chapel st,Sefton 004I,chapel st,Chapel St,16360,1,Sefton,26.67,55.692,29.022,3,1,2,Path/cycle facility;Road,Road,FALSE,100,0.952380952380952,0.928571428571429,0.864,1,100.994666666667,7679.2,75.3000156870948,0.0718821868437639,0.0744248023552999,0.00254261551153599,0.127166821904751,0.264620957588409,0.130204899531453,FALSE,1.44870710795704,1.83892710795704,55,FALSE,Pre-installation percentage index (mean = 100),log(percentage index / 100),FALSE
12d,12d | Liverpool 052A,pedestrian,Halton 014A | barnfield ave,Halton 014A,barnfield ave,Barnfield Ave,49477;49478,2,Halton,26.67,27.06,0.389999999999997,3,3,0,Path/cycle facility;Road,Road,TRUE,0,0,0,0,0,,,,,,Inf,Inf,Inf,,FALSE,Inf,Inf,56,FALSE,Pre-installation percentage index (mean = 100),log(percentage index / 100),FALSE
12d,12d | Liverpool 052A,pedestrian,Halton 014A | wood ln,Halton 014A,wood ln,Wood Ln,49938;49939,2,Halton,26.67,27.06,0.389999999999997,3,3,0,Path/cycle facility;Road,Other / crossing,TRUE,0,0,0,0,0,,,,,,Inf,Inf,Inf,,FALSE,Inf,Inf,57,FALSE,Pre-installation percentage index (mean = 100),log(percentage index / 100),FALSE
12d,12d | Liverpool 052A,pedestrian,St. Helens 004F | ravenhead greenway,St. Helens 004F,ravenhead greenway,Ravenhead Greenway,51819,1,St. Helens,26.67,27.133,0.462999999999997,3,3,0,Path/cycle facility;Road,Path/cycle facility,TRUE,0,0,0,0,0,,,,,,Inf,Inf,Inf,,FALSE,Inf,Inf,58,FALSE,Pre-installation percentage index (mean = 100),log(percentage index / 100),FALSE
12d,12d | Liverpool 052A,pedestrian,Halton 008D | ditton rd,Halton 008D,ditton rd,"Ditton Rd, W of St. Michael's Rd",49555;49556;49557,3,Halton,26.67,26.19,0.48,3,4,1,Path/cycle facility;Road,Path/cycle facility;Road,TRUE,0,0,0,0,0,,,,,,Inf,Inf,Inf,,FALSE,Inf,Inf,59,FALSE,Pre-installation percentage index (mean = 100),log(percentage index / 100),FALSE
12d,12d | Liverpool 052A,pedestrian,Sefton 033A | school ln,Sefton 033A,school ln,School Ln near Moss Ln,50028;50029;50030,3,Sefton,26.67,25.806,0.864000000000001,3,4,1,Path/cycle facility;Road,Path/cycle facility;Road,TRUE,0,0,0,0,0,,,,,,Inf,Inf,Inf,,FALSE,Inf,Inf,60,FALSE,Pre-installation percentage index (mean = 100),log(percentage index / 100),FALSE
12d,12d | Liverpool 052A,pedestrian,Sefton 033A | school ln & oxford ave,Sefton 033A,school ln & oxford ave,School Ln & Oxford Ave,50024;50025;50026;50027,4,Sefton,26.67,25.806,0.864000000000001,3,4,1,Path/cycle facility;Road,Path/cycle facility;Road,TRUE,0,0,0,0,0,,,,,,Inf,Inf,Inf,,FALSE,Inf,Inf,61,FALSE,Pre-installation percentage index (mean = 100),log(percentage index / 100),FALSE
12d,12d | Liverpool 052A,pedestrian,Liverpool 034E | queens dr,Liverpool 034E,queens dr,"Queens Dr, N of M62 (SB traffic)",54545;55270,2,Liverpool,26.67,28.84,2.17,3,3,0,Path/cycle facility;Road,Road,TRUE,0,0,0,0,0,,,,,,Inf,Inf,Inf,,FALSE,Inf,Inf,62,FALSE,Pre-installation percentage index (mean = 100),log(percentage index / 100),FALSE
12d,12d | Liverpool 052A,pedestrian,Wirral 036G | new chester rd,Wirral 036G,new chester rd,New Chester Rd near Pool Ln,49537;49538;49539;49540,4,Wirral,26.67,29.136,2.466,3,3,0,Path/cycle facility;Road,Path/cycle facility;Road,TRUE,0,0,0,0,0,,,,,,Inf,Inf,Inf,,FALSE,Inf,Inf,63,FALSE,Pre-installation percentage index (mean = 100),log(percentage index / 100),FALSE
12d,12d | Liverpool 052A,pedestrian,Liverpool 060C | st john's ln,Liverpool 060C,st john's ln,St John's Ln,46784;46785,2,Liverpool,26.67,24.01,2.66,3,4,1,Path/cycle facility;Road,Path/cycle facility;Road,TRUE,0,0,0,0,0,,,,,,Inf,Inf,Inf,,FALSE,Inf,Inf,64,FALSE,Pre-installation percentage index (mean = 100),log(percentage index / 100),FALSE
12d,12d | Liverpool 052A,pedestrian,Sefton 008E | warwick st,Sefton 008E,warwick st,Warwick St near Warwick Close,45846;45847;45848,3,Sefton,26.67,23.844,2.826,3,4,1,Path/cycle facility;Road,Path/cycle facility;Road,TRUE,0,0,0,0,0,,,,,,Inf,Inf,Inf,,FALSE,Inf,Inf,65,FALSE,Pre-installation percentage index (mean = 100),log(percentage index / 100),FALSE
12d,12d | Liverpool 052A,pedestrian,Liverpool 031B | london rd,Liverpool 031B,london rd,London Rd near Pembroke Pl,49392;49393,2,Liverpool,26.67,23.833,2.837,3,4,1,Path/cycle facility;Road,Path/cycle facility;Road,TRUE,0,0,0,0,0,,,,,,Inf,Inf,Inf,,FALSE,Inf,Inf,66,FALSE,Pre-installation percentage index (mean = 100),log(percentage index / 100),FALSE
12d,12d | Liverpool 052A,pedestrian,Halton 005B | birchfield rd,Halton 005B,birchfield rd,Birchfield Rd,49497;49501;49502,3,Halton,26.67,23.704,2.966,3,4,1,Path/cycle facility;Road,Path/cycle facility;Road,TRUE,0,0,0,0,0,,,,,,Inf,Inf,Inf,,FALSE,Inf,Inf,67,FALSE,Pre-installation percentage index (mean = 100),log(percentage index / 100),FALSE
12d,12d | Liverpool 052A,pedestrian,Sefton 038A | stuart rd,Sefton 038A,stuart rd,Stuart Rd,45858;45859;45860;45861,4,Sefton,26.67,29.871,3.201,3,3,0,Path/cycle facility;Road,Path/cycle facility;Road,TRUE,0,0,0,0,0,,,,,,Inf,Inf,Inf,,FALSE,Inf,Inf,68,FALSE,Pre-installation percentage index (mean = 100),log(percentage index / 100),FALSE
12d,12d | Liverpool 052A,pedestrian,Liverpool 060B | london rd,Liverpool 060B,london rd,London Rd near Pembroke Pl,49391,1,Liverpool,26.67,30.549,3.879,3,3,0,Path/cycle facility;Road,Path/cycle facility,TRUE,0,0,0,0,0,,,,,,Inf,Inf,Inf,,FALSE,Inf,Inf,69,FALSE,Pre-installation percentage index (mean = 100),log(percentage index / 100),FALSE
12d,12d | Liverpool 052A,pedestrian,St. Helens 020E | marshalls cross rd,St. Helens 020E,marshalls cross rd,Marshalls Cross Rd near Mill Ln,52937,1,St. Helens,26.67,22.036,4.634,3,4,1,Path/cycle facility;Road,Path/cycle facility,TRUE,0,0,0,0,0,,,,,,Inf,Inf,Inf,,FALSE,Inf,Inf,70,FALSE,Pre-installation percentage index (mean = 100),log(percentage index / 100),FALSE
12d,12d | Liverpool 052A,pedestrian,St. Helens 020E | mill ln,St. Helens 020E,mill ln,Mill Ln; Mill Ln near Marshalls Cross Rd,47637;47640;47823;47824;52938,5,St. Helens,26.67,22.036,4.634,3,4,1,Path/cycle facility;Road,Other / crossing;Path/cycle facility;Road,TRUE,0,0,0,0,0,,,,,,Inf,Inf,Inf,,FALSE,Inf,Inf,71,FALSE,Pre-installation percentage index (mean = 100),log(percentage index / 100),FALSE
12d,12d | Liverpool 052A,pedestrian,Sefton 027A | park ln,Sefton 027A,park ln,Park Ln near Deltic Way,45855;45856;45857,3,Sefton,26.67,22.016,4.654,3,4,1,Path/cycle facility;Road,Path/cycle facility;Road,TRUE,0,0,0,0,0,,,,,,Inf,Inf,Inf,,FALSE,Inf,Inf,72,FALSE,Pre-installation percentage index (mean = 100),log(percentage index / 100),FALSE
12d,12d | Liverpool 052A,pedestrian,Liverpool 032A | edge ln dr (wb traffic),Liverpool 032A,edge ln dr (wb traffic),Edge Ln Dr (WB traffic),53509;53510,2,Liverpool,26.67,31.451,4.781,3,3,0,Path/cycle facility;Road,Other / crossing;Road,TRUE,0,0,0,0,0,,,,,,Inf,Inf,Inf,,FALSE,Inf,Inf,73,FALSE,Pre-installation percentage index (mean = 100),log(percentage index / 100),FALSE
12d,12d | Liverpool 052A,pedestrian,Wirral 001D | king's parade,Wirral 001D,king's parade,King's Parade,51858,1,Wirral,26.67,31.687,5.017,3,3,0,Path/cycle facility;Road,Other / crossing,TRUE,0,0,0,0,0,,,,,,Inf,Inf,Inf,,FALSE,Inf,Inf,74,FALSE,Pre-installation percentage index (mean = 100),log(percentage index / 100),FALSE
12d,12d | Liverpool 052A,pedestrian,Sefton 009C | marine dr,Sefton 009C,marine dr,Marine Dr,49957;49958;49959,3,Sefton,26.67,21.479,5.191,3,5,2,Path/cycle facility;Road,Path/cycle facility;Road,FALSE,0,0,0,0,0,,,,,,Inf,Inf,Inf,,FALSE,Inf,Inf,75,FALSE,Pre-installation percentage index (mean = 100),log(percentage index / 100),FALSE
12d,12d | Liverpool 052A,pedestrian,Knowsley 013A | carrs ter,Knowsley 013A,carrs ter,Carrs Ter,50106,1,Knowsley,26.67,31.951,5.281,3,3,0,Path/cycle facility;Road,Path/cycle facility,TRUE,0,0,0,0,0,,,,,,Inf,Inf,Inf,,FALSE,Inf,Inf,76,FALSE,Pre-installation percentage index (mean = 100),log(percentage index / 100),FALSE
12d,12d | Liverpool 052A,pedestrian,Liverpool 058D | highbank dr,Liverpool 058D,highbank dr,Highbank Dr near Haxted Gdns,49546;49547;49548;49549;49566,5,Liverpool,26.67,31.969,5.299,3,3,0,Path/cycle facility;Road,Path/cycle facility;Road,TRUE,0,0,0,0,0,,,,,,Inf,Inf,Inf,,FALSE,Inf,Inf,77,FALSE,Pre-installation percentage index (mean = 100),log(percentage index / 100),FALSE
12d,12d | Liverpool 052A,pedestrian,St. Helens 005A | penny ln,St. Helens 005A,penny ln,Penny Ln near Old Boston,49949;49950,2,St. Helens,26.67,33.028,6.358,3,3,0,Path/cycle facility;Road,Road,TRUE,0,0,0,0,0,,,,,,Inf,Inf,Inf,,FALSE,Inf,Inf,78,FALSE,Pre-installation percentage index (mean = 100),log(percentage index / 100),FALSE
12d,12d | Liverpool 052A,pedestrian,Halton 014E | southern expressway,Halton 014E,southern expressway,Southern Expressway near Southern Expressway Rbt,45849;45850,2,Halton,26.67,20.149,6.521,3,5,2,Path/cycle facility;Road,Path/cycle facility;Road,FALSE,0,0,0,0,0,,,,,,Inf,Inf,Inf,,FALSE,Inf,Inf,79,FALSE,Pre-installation percentage index (mean = 100),log(percentage index / 100),FALSE
12d,12d | Liverpool 052A,pedestrian,St. Helens 007B | bishops rd,St. Helens 007B,bishops rd,Bishops Rd near Wynne Rd,55115;55116;55117;59154;59155,5,St. Helens,26.67,33.517,6.847,3,2,1,Path/cycle facility;Road,Other / crossing;Path/cycle facility;Road,TRUE,0,0,0,0,0,,,,,,Inf,Inf,Inf,,FALSE,Inf,Inf,80,FALSE,Pre-installation percentage index (mean = 100),log(percentage index / 100),FALSE
12d,12d | Liverpool 052A,pedestrian,St. Helens 007B | wynne rd,St. Helens 007B,wynne rd,Wynne Rd near Wolseley Rd,55112;55113;55114,3,St. Helens,26.67,33.517,6.847,3,2,1,Path/cycle facility;Road,Path/cycle facility;Road,TRUE,0,0,0,0,0,,,,,,Inf,Inf,Inf,,FALSE,Inf,Inf,81,FALSE,Pre-installation percentage index (mean = 100),log(percentage index / 100),FALSE
12d,12d | Liverpool 052A,pedestrian,Liverpool 034B | m62 (eb traffic),Liverpool 034B,m62 (eb traffic),M62 (EB traffic),52396;54839,2,Liverpool,26.67,19.675,6.995,3,5,2,Path/cycle facility;Road,Other / crossing;Road,FALSE,0,0,0,0,0,,,,,,Inf,Inf,Inf,,FALSE,Inf,Inf,82,FALSE,Pre-installation percentage index (mean = 100),log(percentage index / 100),FALSE
12d,12d | Liverpool 052A,pedestrian,Liverpool 034B | m62 (wb traffic),Liverpool 034B,m62 (wb traffic),M62 (WB traffic),53269;53270,2,Liverpool,26.67,19.675,6.995,3,5,2,Path/cycle facility;Road,Other / crossing;Road,FALSE,0,0,0,0,0,,,,,,Inf,Inf,Inf,,FALSE,Inf,Inf,83,FALSE,Pre-installation percentage index (mean = 100),log(percentage index / 100),FALSE
12d,12d | Liverpool 052A,pedestrian,Liverpool 034B | queens dr,Liverpool 034B,queens dr,Queens Dr near Glendevon Rd (SB traffic),53277;53278,2,Liverpool,26.67,19.675,6.995,3,5,2,Path/cycle facility;Road,Road,FALSE,0,0,0,0,0,,,,,,Inf,Inf,Inf,,FALSE,Inf,Inf,84,FALSE,Pre-installation percentage index (mean = 100),log(percentage index / 100),FALSE
12d,12d | Liverpool 052A,pedestrian,Sefton 021F | edge ln,Sefton 021F,edge ln,Edge Ln near Pleasant Hill Close,46624;46625,2,Sefton,26.67,34.007,7.337,3,2,1,Path/cycle facility;Road,Path/cycle facility;Road,TRUE,0,0,0,0,0,,,,,,Inf,Inf,Inf,,FALSE,Inf,Inf,85,FALSE,Pre-installation percentage index (mean = 100),log(percentage index / 100),FALSE
12d,12d | Liverpool 052A,pedestrian,Liverpool 034A | bowring park rd,Liverpool 034A,bowring park rd,"Bowring Park Rd, E of Queens Dr (left turn); Bowring Park Rd, E of Queens Dr (right turn); Bowring Park Rd, E of Queens Dr (straight)",54534;54535;54838,3,Liverpool,26.67,34.117,7.447,3,2,1,Path/cycle facility;Road,Road,TRUE,0,0,0,0,0,,,,,,Inf,Inf,Inf,,FALSE,Inf,Inf,86,FALSE,Pre-installation percentage index (mean = 100),log(percentage index / 100),FALSE
12d,12d | Liverpool 052A,pedestrian,Liverpool 034A | queens dr,Liverpool 034A,queens dr,"Queens Dr, N of M62 (right turn)",54583,1,Liverpool,26.67,34.117,7.447,3,2,1,Path/cycle facility;Road,Road,TRUE,0,0,0,0,0,,,,,,Inf,Inf,Inf,,FALSE,Inf,Inf,87,FALSE,Pre-installation percentage index (mean = 100),log(percentage index / 100),FALSE
12d,12d | Liverpool 052A,pedestrian,Sefton 008C | moels park,Sefton 008C,moels park,Moels Park,50810,1,Sefton,26.67,18.946,7.724,3,5,2,Path/cycle facility;Road,Path/cycle facility,FALSE,0,0,0,0,0,,,,,,Inf,Inf,Inf,,FALSE,Inf,Inf,88,FALSE,Pre-installation percentage index (mean = 100),log(percentage index / 100),FALSE
12d,12d | Liverpool 052A,pedestrian,Sefton 019D | grange park,Sefton 019D,grange park,Grange Park,50010;50011;50012,3,Sefton,26.67,18.397,8.273,3,5,2,Path/cycle facility;Road,Path/cycle facility;Road,FALSE,0,0,0,0,0,,,,,,Inf,Inf,Inf,,FALSE,Inf,Inf,89,FALSE,Pre-installation percentage index (mean = 100),log(percentage index / 100),FALSE
12d,12d | Liverpool 052A,pedestrian,Wirral 036D | bromborough rd,Wirral 036D,bromborough rd,Bromborough Rd near Quarry Rd East,49607;49608,2,Wirral,26.67,18.113,8.557,3,5,2,Path/cycle facility;Road,Path/cycle facility;Road,FALSE,0,0,0,0,0,,,,,,Inf,Inf,Inf,,FALSE,Inf,Inf,90,FALSE,Pre-installation percentage index (mean = 100),log(percentage index / 100),FALSE
12d,12d | Liverpool 052A,pedestrian,Liverpool 038D | lawrence rd,Liverpool 038D,lawrence rd,Lawrence Rd near Cretan Rd,50814;50815,2,Liverpool,26.67,35.357,8.687,3,2,1,Path/cycle facility;Road,Path/cycle facility;Road,TRUE,0,0,0,0,0,,,,,,Inf,Inf,Inf,,FALSE,Inf,Inf,91,FALSE,Pre-installation percentage index (mean = 100),log(percentage index / 100),FALSE
12d,12d | Liverpool 052A,pedestrian,"St. Helens 022F | chester ln, sw of mill ln",St. Helens 022F,"chester ln, sw of mill ln","Chester Ln, SW of Mill Ln",47638;52940,2,St. Helens,26.67,17.475,9.195,3,6,3,Path/cycle facility;Road,Path/cycle facility;Road,FALSE,0,0,0,0,0,,,,,,Inf,Inf,Inf,,FALSE,Inf,Inf,92,FALSE,Pre-installation percentage index (mean = 100),log(percentage index / 100),FALSE
12d,12d | Liverpool 052A,pedestrian,St. Helens 022F | marshalls cross rd,St. Helens 022F,marshalls cross rd,Marshalls Cross Rd near Chester Ln; Marshalls Cross Rd near Mill Ln,47636;47719;47720,3,St. Helens,26.67,17.475,9.195,3,6,3,Path/cycle facility;Road,Other / crossing;Path/cycle facility;Road,FALSE,0,0,0,0,0,,,,,,Inf,Inf,Inf,,FALSE,Inf,Inf,93,FALSE,Pre-installation percentage index (mean = 100),log(percentage index / 100),FALSE
12d,12d | Liverpool 052A,pedestrian,Knowsley 007D | carr ln,Knowsley 007D,carr ln,Carr Ln,55100;55101;55102,3,Knowsley,26.67,36.256,9.586,3,2,1,Path/cycle facility;Road,Path/cycle facility;Road,TRUE,0,0,0,0,0,,,,,,Inf,Inf,Inf,,FALSE,Inf,Inf,94,FALSE,Pre-installation percentage index (mean = 100),log(percentage index / 100),FALSE
12d,12d | Liverpool 052A,pedestrian,Halton 005D | birchfield rd,Halton 005D,birchfield rd,Birchfield Rd near Victoria Ave,50270;50271;50272,3,Halton,26.67,16.81,9.86,3,6,3,Path/cycle facility;Road,Path/cycle facility;Road,FALSE,0,0,0,0,0,,,,,,Inf,Inf,Inf,,FALSE,Inf,Inf,95,FALSE,Pre-installation percentage index (mean = 100),log(percentage index / 100),FALSE
12d,12d | Liverpool 052A,pedestrian,Halton 012F | bridge st,Halton 012F,bridge st,Bridge St near Bold St,48853;48854;48855,3,Halton,26.67,36.719,10.049,3,2,1,Path/cycle facility;Road,Other / crossing;Road,FALSE,0,0,0,0,0,,,,,,Inf,Inf,Inf,,FALSE,Inf,Inf,96,FALSE,Pre-installation percentage index (mean = 100),log(percentage index / 100),FALSE
12d,12d | Liverpool 052A,pedestrian,Halton 012F | devonshire pl,Halton 012F,devonshire pl,Devonshire Pl,48386;48387;48388;48389,4,Halton,26.67,36.719,10.049,3,2,1,Path/cycle facility;Road,Other / crossing;Path/cycle facility,FALSE,0,0,0,0,0,,,,,,Inf,Inf,Inf,,FALSE,Inf,Inf,97,FALSE,Pre-installation percentage index (mean = 100),log(percentage index / 100),FALSE
12d,12d | Liverpool 052A,pedestrian,Halton 012F | leiria way,Halton 012F,leiria way,Leiria Way,47337;47338,2,Halton,26.67,36.719,10.049,3,2,1,Path/cycle facility;Road,Other / crossing;Path/cycle facility,FALSE,0,0,0,0,0,,,,,,Inf,Inf,Inf,,FALSE,Inf,Inf,98,FALSE,Pre-installation percentage index (mean = 100),log(percentage index / 100),FALSE
12d,12d | Liverpool 052A,pedestrian,St. Helens 017D | fleet ln,St. Helens 017D,fleet ln,Fleet Ln near Broad Ln,51826,1,St. Helens,26.67,36.843,10.173,3,2,1,Path/cycle facility;Road,Path/cycle facility,FALSE,0,0,0,0,0,,,,,,Inf,Inf,Inf,,FALSE,Inf,Inf,99,FALSE,Pre-installation percentage index (mean = 100),log(percentage index / 100),FALSE
12d,12d | Liverpool 052A,pedestrian,Liverpool 040E | besford rd,Liverpool 040E,besford rd,Besford Rd near Oakwood Close,50822;50823;50824,3,Liverpool,26.67,37.396,10.726,3,2,1,Path/cycle facility;Road,Other / crossing;Path/cycle facility;Road,FALSE,0,0,0,0,0,,,,,,Inf,Inf,Inf,,FALSE,Inf,Inf,100,FALSE,Pre-installation percentage index (mean = 100),log(percentage index / 100),FALSE
12d,12d | Liverpool 052A,pedestrian,Sefton 038C | hillhead rd,Sefton 038C,hillhead rd,Hillhead Rd near Sidney Rd,50021;50022;50023,3,Sefton,26.67,37.74,11.07,3,2,1,Path/cycle facility;Road,Path/cycle facility;Road,FALSE,0,0,0,0,0,,,,,,Inf,Inf,Inf,,FALSE,Inf,Inf,101,FALSE,Pre-installation percentage index (mean = 100),log(percentage index / 100),FALSE
12d,12d | Liverpool 052A,pedestrian,Sefton 022D | church rd,Sefton 022D,church rd,Church Rd near Islington,49365;49366,2,Sefton,26.67,15.042,11.628,3,6,3,Path/cycle facility;Road,Other / crossing;Road,FALSE,0,0,0,0,0,,,,,,Inf,Inf,Inf,,FALSE,Inf,Inf,102,FALSE,Pre-installation percentage index (mean = 100),log(percentage index / 100),FALSE
12d,12d | Liverpool 052A,pedestrian,Sefton 022D | islington,Sefton 022D,islington,"Islington near Little Crosby Rd; Islington, W of Coronation Rd (EB traffic); Islington, W of Coronation Rd (WB traffic)",49036;49305;49358,3,Sefton,26.67,15.042,11.628,3,6,3,Path/cycle facility;Road,Road,FALSE,0,0,0,0,0,,,,,,Inf,Inf,Inf,,FALSE,Inf,Inf,103,FALSE,Pre-installation percentage index (mean = 100),log(percentage index / 100),FALSE
12d,12d | Liverpool 052A,pedestrian,Liverpool 061C | great charlotte st,Liverpool 061C,great charlotte st,Great Charlotte St near Ranelagh St,49965;49966;49967,3,Liverpool,26.67,15.028,11.642,3,6,3,Path/cycle facility;Road,Path/cycle facility;Road,FALSE,0,0,0,0,0,,,,,,Inf,Inf,Inf,,FALSE,Inf,Inf,104,FALSE,Pre-installation percentage index (mean = 100),log(percentage index / 100),FALSE
12d,12d | Liverpool 052A,pedestrian,Liverpool 061C | renshaw st,Liverpool 061C,renshaw st,Renshaw St near Benson St,53079;53080;53081;53082,4,Liverpool,26.67,15.028,11.642,3,6,3,Path/cycle facility;Road,Other / crossing;Path/cycle facility;Road,FALSE,0,0,0,0,0,,,,,,Inf,Inf,Inf,,FALSE,Inf,Inf,105,FALSE,Pre-installation percentage index (mean = 100),log(percentage index / 100),FALSE
12d,12d | Liverpool 052A,pedestrian,Halton 008C | town ln,Halton 008C,town ln,"Town Ln, W of Curlender Way",49535;49536,2,Halton,26.67,14.792,11.878,3,6,3,Path/cycle facility;Road,Path/cycle facility;Road,FALSE,0,0,0,0,0,,,,,,Inf,Inf,Inf,,FALSE,Inf,Inf,106,FALSE,Pre-installation percentage index (mean = 100),log(percentage index / 100),FALSE
12d,12d | Liverpool 052A,pedestrian,Halton 006B | hale rd,Halton 006B,hale rd,Hale Rd near Berry Rd,49533;49534,2,Halton,26.67,38.588,11.918,3,2,1,Path/cycle facility;Road,Other / crossing;Path/cycle facility,FALSE,0,0,0,0,0,,,,,,Inf,Inf,Inf,,FALSE,Inf,Inf,107,FALSE,Pre-installation percentage index (mean = 100),log(percentage index / 100),FALSE
12d,12d | Liverpool 052A,pedestrian,Knowsley 017B | whitefield ln,Knowsley 017B,whitefield ln,Whitefield Ln near Cronton Rd,46869;46870;46871,3,Knowsley,26.67,14.604,12.066,3,6,3,Path/cycle facility;Road,Other / crossing;Path/cycle facility;Road,FALSE,0,0,0,0,0,,,,,,Inf,Inf,Inf,,FALSE,Inf,Inf,108,FALSE,Pre-installation percentage index (mean = 100),log(percentage index / 100),FALSE
12d,12d | Liverpool 052A,pedestrian,Sefton 025C | coronation rd,Sefton 025C,coronation rd,Coronation Rd near Harrington Rd; Coronation Rd near Islington (crossing); Coronation Rd near Islington (NB traffic); Coronation Rd near Islington (SB traffic),49017;49362;49364;49398;52773;52774,6,Sefton,26.67,13.812,12.858,3,7,4,Path/cycle facility;Road,Other / crossing;Road,FALSE,0,0,0,0,0,,,,,,Inf,Inf,Inf,,FALSE,Inf,Inf,109,FALSE,Pre-installation percentage index (mean = 100),log(percentage index / 100),FALSE
12d,12d | Liverpool 052A,pedestrian,Sefton 025C | great crosby bypass,Sefton 025C,great crosby bypass,"Great Crosby Bypass near Moor Ln; Great Crosby Bypass, E of Liverpool Rd (EB traffic); Great Crosby Bypass, E of Liverpool Rd (WB traffic)",49015;49297;49304;49360;49361;49397,6,Sefton,26.67,13.812,12.858,3,7,4,Path/cycle facility;Road,Other / crossing;Road,FALSE,0,0,0,0,0,,,,,,Inf,Inf,Inf,,FALSE,Inf,Inf,110,FALSE,Pre-installation percentage index (mean = 100),log(percentage index / 100),FALSE
12d,12d | Liverpool 052A,pedestrian,Sefton 025C | islington,Sefton 025C,islington,"Islington, W of Liverpool Rd",49299;49300;49301;49302;49303,5,Sefton,26.67,13.812,12.858,3,7,4,Path/cycle facility;Road,Other / crossing;Road,FALSE,0,0,0,0,0,,,,,,Inf,Inf,Inf,,FALSE,Inf,Inf,111,FALSE,Pre-installation percentage index (mean = 100),log(percentage index / 100),FALSE
12d,12d | Liverpool 052A,pedestrian,Sefton 025C | liverpool rd,Sefton 025C,liverpool rd,Liverpool Rd near Islington; Liverpool Rd near Islington (crossing); Liverpool Rd near York Rd,49014;49016;49295;49296,4,Sefton,26.67,13.812,12.858,3,7,4,Path/cycle facility;Road,Other / crossing;Road,FALSE,0,0,0,0,0,,,,,,Inf,Inf,Inf,,FALSE,Inf,Inf,112,FALSE,Pre-installation percentage index (mean = 100),log(percentage index / 100),FALSE
12d,12d | Liverpool 052A,pedestrian,Sefton 025C | liverpool rd & islington rd (crossing),Sefton 025C,liverpool rd & islington rd (crossing),Liverpool Rd & Islington Rd (crossing),49912;49913,2,Sefton,26.67,13.812,12.858,3,7,4,Path/cycle facility;Road,Other / crossing,FALSE,0,0,0,0,0,,,,,,Inf,Inf,Inf,,FALSE,Inf,Inf,113,FALSE,Pre-installation percentage index (mean = 100),log(percentage index / 100),FALSE
12d,12d | Liverpool 052A,pedestrian,Sefton 025C | liverpool rd left turn to islington,Sefton 025C,liverpool rd left turn to islington,Liverpool Rd left turn to Islington,49294,1,Sefton,26.67,13.812,12.858,3,7,4,Path/cycle facility;Road,Road,FALSE,0,0,0,0,0,,,,,,Inf,Inf,Inf,,FALSE,Inf,Inf,114,FALSE,Pre-installation percentage index (mean = 100),log(percentage index / 100),FALSE
12d,12d | Liverpool 052A,pedestrian,Liverpool 046A | beaconsfield rd,Liverpool 046A,beaconsfield rd,Beaconsfield Rd near Hillcroft Rd,46627;46628;46629,3,Liverpool,26.67,13.427,13.243,3,7,4,Path/cycle facility;Road,Path/cycle facility;Road,FALSE,0,0,0,0,0,,,,,,Inf,Inf,Inf,,FALSE,Inf,Inf,115,FALSE,Pre-installation percentage index (mean = 100),log(percentage index / 100),FALSE
12d,12d | Liverpool 052A,pedestrian,St. Helens 022E | jubits ln & bell ln,St. Helens 022E,jubits ln & bell ln,Jubits Ln & Bell Ln,53994,1,St. Helens,26.67,39.965,13.295,3,2,1,Path/cycle facility;Road,Road,FALSE,0,0,0,0,0,,,,,,Inf,Inf,Inf,,FALSE,Inf,Inf,116,FALSE,Pre-installation percentage index (mean = 100),log(percentage index / 100),FALSE
12d,12d | Liverpool 052A,pedestrian,Halton 005C | kingsway,Halton 005C,kingsway,"Kingsway, S of Milton Rd",49503;49504;49505;49506;49507,5,Halton,26.67,40.149,13.479,3,2,1,Path/cycle facility;Road,Other / crossing;Path/cycle facility;Road,FALSE,0,0,0,0,0,,,,,,Inf,Inf,Inf,,FALSE,Inf,Inf,117,FALSE,Pre-installation percentage index (mean = 100),log(percentage index / 100),FALSE
12d,12d | Liverpool 052A,pedestrian,"Wirral 039A | new chester rd, nw of caldbeck rd",Wirral 039A,"new chester rd, nw of caldbeck rd","New Chester Rd, NW of Caldbeck Rd",49491;49492;49493,3,Wirral,26.67,13.129,13.541,3,7,4,Path/cycle facility;Road,Other / crossing;Path/cycle facility;Road,FALSE,0,0,0,0,0,,,,,,Inf,Inf,Inf,,FALSE,Inf,Inf,118,FALSE,Pre-installation percentage index (mean = 100),log(percentage index / 100),FALSE
12d,12d | Liverpool 052A,pedestrian,Sefton 029B | ashbourne ave,Sefton 029B,ashbourne ave,Ashbourne Ave near Elton Ave,45854,1,Sefton,26.67,40.265,13.595,3,2,1,Path/cycle facility;Road,Path/cycle facility,FALSE,0,0,0,0,0,,,,,,Inf,Inf,Inf,,FALSE,Inf,Inf,119,FALSE,Pre-installation percentage index (mean = 100),log(percentage index / 100),FALSE
12d,12d | Liverpool 052A,pedestrian,St. Helens 022A | jubits ln,St. Helens 022A,jubits ln,Jubits Ln near Union Bank Ln,54016;54017;54018;54019,4,St. Helens,26.67,40.354,13.684,3,2,1,Path/cycle facility;Road,Path/cycle facility;Road,FALSE,0,0,0,0,0,,,,,,Inf,Inf,Inf,,FALSE,Inf,Inf,120,FALSE,Pre-installation percentage index (mean = 100),log(percentage index / 100),FALSE
12d,12d | Liverpool 052A,pedestrian,St. Helens 022A | jubits ln & bell ln,St. Helens 022A,jubits ln & bell ln,Jubits Ln & Bell Ln,53995;53996;53997,3,St. Helens,26.67,40.354,13.684,3,2,1,Path/cycle facility;Road,Path/cycle facility;Road,FALSE,0,0,0,0,0,,,,,,Inf,Inf,Inf,,FALSE,Inf,Inf,121,FALSE,Pre-installation percentage index (mean = 100),log(percentage index / 100),FALSE
12d,12d | Liverpool 052A,pedestrian,St. Helens 024E | james roby way,St. Helens 024E,james roby way,James Roby Way,51792;51793,2,St. Helens,26.67,40.867,14.197,3,2,1,Path/cycle facility;Road,Path/cycle facility,FALSE,0,0,0,0,0,,,,,,Inf,Inf,Inf,,FALSE,Inf,Inf,122,FALSE,Pre-installation percentage index (mean = 100),log(percentage index / 100),FALSE
12d,12d | Liverpool 052A,pedestrian,"St. Helens 024E | linkway east, sw of cannington",St. Helens 024E,"linkway east, sw of cannington","Linkway East, SW of Cannington",45851;45852;45853,3,St. Helens,26.67,40.867,14.197,3,2,1,Path/cycle facility;Road,Path/cycle facility;Road,FALSE,0,0,0,0,0,,,,,,Inf,Inf,Inf,,FALSE,Inf,Inf,123,FALSE,Pre-installation percentage index (mean = 100),log(percentage index / 100),FALSE
12d,12d | Liverpool 052A,pedestrian,St. Helens 024E | marshalls cross rd (nb traffic),St. Helens 024E,marshalls cross rd (nb traffic),Marshalls Cross Rd (NB traffic),51788;51789,2,St. Helens,26.67,40.867,14.197,3,2,1,Path/cycle facility;Road,Road,FALSE,0,0,0,0,0,,,,,,Inf,Inf,Inf,,FALSE,Inf,Inf,124,FALSE,Pre-installation percentage index (mean = 100),log(percentage index / 100),FALSE
12d,12d | Liverpool 052A,pedestrian,Liverpool 002E | rice ln,Liverpool 002E,rice ln,Rice Ln near Longmoor Ln,49498;49499;49500,3,Liverpool,26.67,40.978,14.308,3,2,1,Path/cycle facility;Road,Path/cycle facility;Road,FALSE,0,0,0,0,0,,,,,,Inf,Inf,Inf,,FALSE,Inf,Inf,125,FALSE,Pre-installation percentage index (mean = 100),log(percentage index / 100),FALSE
12d,12d | Liverpool 052A,pedestrian,Wirral 006A | pasture rd,Wirral 006A,pasture rd,Pasture Rd near Tarran Way North,49489;49490,2,Wirral,26.67,12.143,14.527,3,7,4,Path/cycle facility;Road,Other / crossing;Path/cycle facility,FALSE,0,0,0,0,0,,,,,,Inf,Inf,Inf,,FALSE,Inf,Inf,126,FALSE,Pre-installation percentage index (mean = 100),log(percentage index / 100),FALSE
12d,12d | Liverpool 052A,pedestrian,Wirral 006A | reeds ln,Wirral 006A,reeds ln,Reeds Ln near Wirral Circular,50833;50834;50848,3,Wirral,26.67,12.143,14.527,3,7,4,Path/cycle facility;Road,Other / crossing;Path/cycle facility;Road,FALSE,0,0,0,0,0,,,,,,Inf,Inf,Inf,,FALSE,Inf,Inf,127,FALSE,Pre-installation percentage index (mean = 100),log(percentage index / 100),FALSE
12d,12d | Liverpool 052A,pedestrian,Halton 016D | clifton rd,Halton 016D,clifton rd,Clifton Rd near Rocksavage Way,49527;49528;49529,3,Halton,26.67,12.138,14.532,3,7,4,Path/cycle facility;Road,Other / crossing;Road,FALSE,0,0,0,0,0,,,,,,Inf,Inf,Inf,,FALSE,Inf,Inf,128,FALSE,Pre-installation percentage index (mean = 100),log(percentage index / 100),FALSE
12d,12d | Liverpool 052A,pedestrian,Halton 016D | rocksavage expressway,Halton 016D,rocksavage expressway,Rocksavage Expressway near Clifton Rbt,49936;49937,2,Halton,26.67,12.138,14.532,3,7,4,Path/cycle facility;Road,Path/cycle facility;Road,FALSE,0,0,0,0,0,,,,,,Inf,Inf,Inf,,FALSE,Inf,Inf,129,FALSE,Pre-installation percentage index (mean = 100),log(percentage index / 100),FALSE
12d,12d | Liverpool 052A,pedestrian,Sefton 012C | coastal rd,Sefton 012C,coastal rd,Coastal Rd near Pinfold Ln,49960;49961,2,Sefton,26.67,12.032,14.638,3,7,4,Path/cycle facility;Road,Road,FALSE,0,0,0,0,0,,,,,,Inf,Inf,Inf,,FALSE,Inf,Inf,130,FALSE,Pre-installation percentage index (mean = 100),log(percentage index / 100),FALSE
12d,12d | Liverpool 052A,pedestrian,Sefton 012C | liverpool rd,Sefton 012C,liverpool rd,Liverpool Rd near Coastal Rd,49485;49486;49487;49488,4,Sefton,26.67,12.032,14.638,3,7,4,Path/cycle facility;Road,Path/cycle facility;Road,FALSE,0,0,0,0,0,,,,,,Inf,Inf,Inf,,FALSE,Inf,Inf,131,FALSE,Pre-installation percentage index (mean = 100),log(percentage index / 100),FALSE
12d,12d | Liverpool 052A,pedestrian,Wirral 006D | cross ln,Wirral 006D,cross ln,Cross Ln,50325,1,Wirral,26.67,10.804,15.866,3,8,5,Path/cycle facility;Road,Road,FALSE,0,0,0,0,0,,,,,,Inf,Inf,Inf,,FALSE,Inf,Inf,132,FALSE,Pre-installation percentage index (mean = 100),log(percentage index / 100),FALSE
12d,12d | Liverpool 052A,pedestrian,Halton 009B | daresbury expressway,Halton 009B,daresbury expressway,Daresbury Expressway,49523,1,Halton,26.67,10.525,16.145,3,8,5,Path/cycle facility;Road,Road,FALSE,0,0,0,0,0,,,,,,Inf,Inf,Inf,,FALSE,Inf,Inf,133,FALSE,Pre-installation percentage index (mean = 100),log(percentage index / 100),FALSE
12d,12d | Liverpool 052A,pedestrian,Sefton 012B | coastal rd,Sefton 012B,coastal rd,Coastal Rd near Shore Rd,50630;50631;50632,3,Sefton,26.67,10.46,16.21,3,8,5,Path/cycle facility;Road,Other / crossing;Road,FALSE,0,0,0,0,0,,,,,,Inf,Inf,Inf,,FALSE,Inf,Inf,134,FALSE,Pre-installation percentage index (mean = 100),log(percentage index / 100),FALSE
12d,12d | Liverpool 052A,pedestrian,Halton 009A | busway,Halton 009A,busway,"Busway, N of Chester Rd",47780;47781,2,Halton,26.67,10.215,16.455,3,8,5,Path/cycle facility;Road,Path/cycle facility;Road,FALSE,0,0,0,0,0,,,,,,Inf,Inf,Inf,,FALSE,Inf,Inf,135,FALSE,Pre-installation percentage index (mean = 100),log(percentage index / 100),FALSE
12d,12d | Liverpool 052A,pedestrian,"Halton 009A | busway, n or chester rd (sb traffic)",Halton 009A,"busway, n or chester rd (sb traffic)","Busway, N or Chester Rd (SB traffic)",51875;51876,2,Halton,26.67,10.215,16.455,3,8,5,Path/cycle facility;Road,Path/cycle facility;Road,FALSE,0,0,0,0,0,,,,,,Inf,Inf,Inf,,FALSE,Inf,Inf,136,FALSE,Pre-installation percentage index (mean = 100),log(percentage index / 100),FALSE
12d,12d | Liverpool 052A,pedestrian,"Halton 009A | busway, s or chester rd (nb traffic)",Halton 009A,"busway, s or chester rd (nb traffic)","Busway, S or Chester Rd (NB traffic)",51878;51879,2,Halton,26.67,10.215,16.455,3,8,5,Path/cycle facility;Road,Path/cycle facility;Road,FALSE,0,0,0,0,0,,,,,,Inf,Inf,Inf,,FALSE,Inf,Inf,137,FALSE,Pre-installation percentage index (mean = 100),log(percentage index / 100),FALSE
12d,12d | Liverpool 052A,pedestrian,Halton 009A | chester rd,Halton 009A,chester rd,"Chester Rd near Red Brow Ln; Chester Rd, E of Busway (WB traffic); Chester Rd, W of Busway (EB traffic)",49524;49525;49526;51874;51877;52481;52482,7,Halton,26.67,10.215,16.455,3,8,5,Path/cycle facility;Road,Other / crossing;Path/cycle facility;Road,FALSE,0,0,0,0,0,,,,,,Inf,Inf,Inf,,FALSE,Inf,Inf,138,FALSE,Pre-installation percentage index (mean = 100),log(percentage index / 100),FALSE
12d,12d | Liverpool 052A,pedestrian,Halton 009A | keckwick ln,Halton 009A,keckwick ln,Keckwick Ln,47777;47778;47779,3,Halton,26.67,10.215,16.455,3,8,5,Path/cycle facility;Road,Path/cycle facility;Road,FALSE,0,0,0,0,0,,,,,,Inf,Inf,Inf,,FALSE,Inf,Inf,139,FALSE,Pre-installation percentage index (mean = 100),log(percentage index / 100),FALSE
12d,12d | Liverpool 052A,pedestrian,Halton 009A | northwich rd,Halton 009A,northwich rd,"Northwich Rd, E of Preston Brook (WB traffic); Northwich Rd, W of Preston Brook (EB traffic)",51351;51352;51353;51734,4,Halton,26.67,10.215,16.455,3,8,5,Path/cycle facility;Road,Other / crossing;Road,FALSE,0,0,0,0,0,,,,,,Inf,Inf,Inf,,FALSE,Inf,Inf,140,FALSE,Pre-installation percentage index (mean = 100),log(percentage index / 100),FALSE
12d,12d | Liverpool 052A,pedestrian,Halton 009A | preston brook,Halton 009A,preston brook,"Preston Brook, N of Northwich Rd; Preston Brook, S of Northwich Rd",51223;51224;51225;51230;51231;51232,6,Halton,26.67,10.215,16.455,3,8,5,Path/cycle facility;Road,Path/cycle facility;Road,FALSE,0,0,0,0,0,,,,,,Inf,Inf,Inf,,FALSE,Inf,Inf,141,FALSE,Pre-installation percentage index (mean = 100),log(percentage index / 100),FALSE
12d,12d | Liverpool 052A,pedestrian,Liverpool 003D | rice ln & hornby ln,Liverpool 003D,rice ln & hornby ln,Rice Ln & Hornby Ln,49519;49520;49521,3,Liverpool,26.67,43.297,16.627,3,2,1,Path/cycle facility;Road,Road,FALSE,0,0,0,0,0,,,,,,Inf,Inf,Inf,,FALSE,Inf,Inf,142,FALSE,Pre-installation percentage index (mean = 100),log(percentage index / 100),FALSE
12d,12d | Liverpool 052A,pedestrian,Sefton 018E | northway,Sefton 018E,northway,Northway near Kenyon's Ln (NB traffic),51664;51665;51666,3,Sefton,26.67,9.973,16.697,3,8,5,Path/cycle facility;Road,Other / crossing;Path/cycle facility;Road,FALSE,0,0,0,0,0,,,,,,Inf,Inf,Inf,,FALSE,Inf,Inf,143,FALSE,Pre-installation percentage index (mean = 100),log(percentage index / 100),FALSE
12d,12d | Liverpool 052A,pedestrian,Knowsley 015A | olivia way,Knowsley 015A,olivia way,Olivia Way near West View,50104;50105,2,Knowsley,26.67,43.54,16.87,3,2,1,Path/cycle facility;Road,Path/cycle facility;Road,FALSE,0,0,0,0,0,,,,,,Inf,Inf,Inf,,FALSE,Inf,Inf,144,FALSE,Pre-installation percentage index (mean = 100),log(percentage index / 100),FALSE
12d,12d | Liverpool 052A,pedestrian,Halton 011C | runcorn spur rd,Halton 011C,runcorn spur rd,Runcorn Spur Rd,46461,1,Halton,26.67,43.653,16.983,3,2,1,Path/cycle facility;Road,Path/cycle facility,FALSE,0,0,0,0,0,,,,,,Inf,Inf,Inf,,FALSE,Inf,Inf,145,FALSE,Pre-installation percentage index (mean = 100),log(percentage index / 100),FALSE
12d,12d | Liverpool 052A,pedestrian,Liverpool 037A | catharine st,Liverpool 037A,catharine st,Catharine St near Back Canning St; Catharine St near Caledonia St (NB traffic); Catharine St near Caledonia St (SB traffic),49922;49923;49924;49926;49927;49928;49942;49943;49944;57105;57122,11,Liverpool,26.67,43.775,17.105,3,2,1,Path/cycle facility;Road,Other / crossing;Path/cycle facility;Road,FALSE,0,0,0,0,0,,,,,,Inf,Inf,Inf,,FALSE,Inf,Inf,146,FALSE,Pre-installation percentage index (mean = 100),log(percentage index / 100),FALSE
12d,12d | Liverpool 052A,pedestrian,Liverpool 037A | upper parliament st,Liverpool 037A,upper parliament st,Upper Parliament St near Hope St,49542,1,Liverpool,26.67,43.775,17.105,3,2,1,Path/cycle facility;Road,Road,FALSE,0,0,0,0,0,,,,,,Inf,Inf,Inf,,FALSE,Inf,Inf,147,FALSE,Pre-installation percentage index (mean = 100),log(percentage index / 100),FALSE
12d,12d | Liverpool 052A,pedestrian,Sefton 008F | town ln kew,Sefton 008F,town ln kew,Town Ln Kew,50329;50330;50331,3,Sefton,26.67,9.503,17.167,3,8,5,Path/cycle facility;Road,Path/cycle facility;Road,FALSE,0,0,0,0,0,,,,,,Inf,Inf,Inf,,FALSE,Inf,Inf,148,FALSE,Pre-installation percentage index (mean = 100),log(percentage index / 100),FALSE
12d,12d | Liverpool 052A,pedestrian,Halton 001C | lunts heath rd,Halton 001C,lunts heath rd,Lunts Heath Rd near Finsbury Park,49558;49559;49562;49563,4,Halton,26.67,9.208,17.462,3,8,5,Path/cycle facility;Road,Path/cycle facility;Road,FALSE,0,0,0,0,0,,,,,,Inf,Inf,Inf,,FALSE,Inf,Inf,149,FALSE,Pre-installation percentage index (mean = 100),log(percentage index / 100),FALSE
12d,12d | Liverpool 052A,pedestrian,Halton 014B | murdishaw ave,Halton 014B,murdishaw ave,Murdishaw Ave near Rose Close,47782;47783,2,Halton,26.67,44.323,17.653,3,1,2,Path/cycle facility;Road,Path/cycle facility;Road,FALSE,0,0,0,0,0,,,,,,Inf,Inf,Inf,,FALSE,Inf,Inf,150,FALSE,Pre-installation percentage index (mean = 100),log(percentage index / 100),FALSE
12d,12d | Liverpool 052A,pedestrian,Halton 014B | murdishaw woods,Halton 014B,murdishaw woods,Murdishaw Woods,50811;50812,2,Halton,26.67,44.323,17.653,3,1,2,Path/cycle facility;Road,Path/cycle facility,FALSE,0,0,0,0,0,,,,,,Inf,Inf,Inf,,FALSE,Inf,Inf,151,FALSE,Pre-installation percentage index (mean = 100),log(percentage index / 100),FALSE
12d,12d | Liverpool 052A,pedestrian,Halton 009C | pitts heath ln,Halton 009C,pitts heath ln,Pitts Heath Ln near Sunniside Ln,47774;47775;47776,3,Halton,26.67,8.835,17.835,3,8,5,Path/cycle facility;Road,Road,FALSE,0,0,0,0,0,,,,,,Inf,Inf,Inf,,FALSE,Inf,Inf,152,FALSE,Pre-installation percentage index (mean = 100),log(percentage index / 100),FALSE
12d,12d | Liverpool 052A,pedestrian,Halton 001A | mill ln,Halton 001A,mill ln,Mill Ln near Rivenmill Close,49494;49495;49496,3,Halton,26.67,7.615,19.055,3,9,6,Path/cycle facility;Road,Path/cycle facility;Road,FALSE,0,0,0,0,0,,,,,,Inf,Inf,Inf,,FALSE,Inf,Inf,153,FALSE,Pre-installation percentage index (mean = 100),log(percentage index / 100),FALSE
12d,12d | Liverpool 052A,pedestrian,Wirral 013B | meols parade,Wirral 013B,meols parade,Meols Parade,45760;45761;45762;45763,4,Wirral,26.67,5.71,20.96,3,10,7,Path/cycle facility;Road,Other / crossing;Path/cycle facility;Road,FALSE,0,0,0,0,0,,,,,,Inf,Inf,Inf,,FALSE,Inf,Inf,154,FALSE,Pre-installation percentage index (mean = 100),log(percentage index / 100),FALSE
12d,12d | Liverpool 052A,pedestrian,Halton 001B | birchfield rd,Halton 001B,birchfield rd,Birchfield Rd near Upton Ln,50268;50269,2,Halton,26.67,5.375,21.295,3,10,7,Path/cycle facility;Road,Other / crossing;Road,FALSE,0,0,0,0,0,,,,,,Inf,Inf,Inf,,FALSE,Inf,Inf,155,FALSE,Pre-installation percentage index (mean = 100),log(percentage index / 100),FALSE
12d,12d | Liverpool 052A,pedestrian,Halton 001B | wilmere ln north,Halton 001B,wilmere ln north,Wilmere Ln North,47785;47786;47787,3,Halton,26.67,5.375,21.295,3,10,7,Path/cycle facility;Road,Path/cycle facility;Road,FALSE,0,0,0,0,0,,,,,,Inf,Inf,Inf,,FALSE,Inf,Inf,156,FALSE,Pre-installation percentage index (mean = 100),log(percentage index / 100),FALSE
12d,12d | Liverpool 052A,pedestrian,Liverpool 028D | judges dr,Liverpool 028D,judges dr,Judges Dr,49543;49544;49545,3,Liverpool,26.67,48.364,21.694,3,1,2,Path/cycle facility;Road,Path/cycle facility;Road,FALSE,0,0,0,0,0,,,,,,Inf,Inf,Inf,,FALSE,Inf,Inf,157,FALSE,Pre-installation percentage index (mean = 100),log(percentage index / 100),FALSE
12d,12d | Liverpool 052A,pedestrian,Liverpool 023D | hunter st,Liverpool 023D,hunter st,Hunter St,49968;54847,2,Liverpool,26.67,48.627,21.957,3,1,2,Path/cycle facility;Road,Path/cycle facility;Road,FALSE,0,0,0,0,0,,,,,,Inf,Inf,Inf,,FALSE,Inf,Inf,158,FALSE,Pre-installation percentage index (mean = 100),log(percentage index / 100),FALSE
12d,12d | Liverpool 052A,pedestrian,Halton 014C | barnfield ave,Halton 014C,barnfield ave,Barnfield Ave,49476,1,Halton,26.67,49.288,22.618,3,1,2,Path/cycle facility;Road,Road,FALSE,0,0,0,0,0,,,,,,Inf,Inf,Inf,,FALSE,Inf,Inf,159,FALSE,Pre-installation percentage index (mean = 100),log(percentage index / 100),FALSE
12d,12d | Liverpool 052A,pedestrian,St. Helens 024D | elton head rd,St. Helens 024D,elton head rd,Elton Head Rd near Sherdley Rd,54020;54021;54022;59134,4,St. Helens,26.67,51.363,24.693,3,1,2,Path/cycle facility;Road,Path/cycle facility;Road,FALSE,0,0,0,0,0,,,,,,Inf,Inf,Inf,,FALSE,Inf,Inf,160,FALSE,Pre-installation percentage index (mean = 100),log(percentage index / 100),FALSE
12d,12d | Liverpool 052A,pedestrian,Sefton 004B | marine dr,Sefton 004B,marine dr,Marine Dr near Marshside Rd,49482;49483;49484,3,Sefton,26.67,51.794,25.124,3,1,2,Path/cycle facility;Road,Other / crossing;Path/cycle facility;Road,FALSE,0,0,0,0,0,,,,,,Inf,Inf,Inf,,FALSE,Inf,Inf,161,FALSE,Pre-installation percentage index (mean = 100),log(percentage index / 100),FALSE
12d,12d | Liverpool 052A,pedestrian,Liverpool 037H | great george st,Liverpool 037H,great george st,Great George St near Duncan St; Great George St near Upper Parliament St,50776;50778;50779;50850;50851;51468;51469,7,Liverpool,26.67,51.962,25.292,3,1,2,Path/cycle facility;Road,Other / crossing;Path/cycle facility;Road,FALSE,0,0,0,0,0,,,,,,Inf,Inf,Inf,,FALSE,Inf,Inf,162,FALSE,Pre-installation percentage index (mean = 100),log(percentage index / 100),FALSE
12d,12d | Liverpool 052A,pedestrian,Liverpool 037H | mill st,Liverpool 037H,mill st,Mill St near Upper Harrington St,52638;52639;52640,3,Liverpool,26.67,51.962,25.292,3,1,2,Path/cycle facility;Road,Path/cycle facility;Road,FALSE,0,0,0,0,0,,,,,,Inf,Inf,Inf,,FALSE,Inf,Inf,163,FALSE,Pre-installation percentage index (mean = 100),log(percentage index / 100),FALSE
12d,12d | Liverpool 052A,pedestrian,Liverpool 037H | parliament st,Liverpool 037H,parliament st,"Parliament St, W of St James Pl",50766;50767;50768;50769,4,Liverpool,26.67,51.962,25.292,3,1,2,Path/cycle facility;Road,Path/cycle facility;Road,FALSE,0,0,0,0,0,,,,,,Inf,Inf,Inf,,FALSE,Inf,Inf,164,FALSE,Pre-installation percentage index (mean = 100),log(percentage index / 100),FALSE
12d,12d | Liverpool 052A,pedestrian,Liverpool 037H | parliament st crossing,Liverpool 037H,parliament st crossing,Parliament St crossing,53089;53090,2,Liverpool,26.67,51.962,25.292,3,1,2,Path/cycle facility;Road,Other / crossing,FALSE,0,0,0,0,0,,,,,,Inf,Inf,Inf,,FALSE,Inf,Inf,165,FALSE,Pre-installation percentage index (mean = 100),log(percentage index / 100),FALSE
12d,12d | Liverpool 052A,pedestrian,Liverpool 037H | parliament st walkway,Liverpool 037H,parliament st walkway,Parliament St walkway,50808,1,Liverpool,26.67,51.962,25.292,3,1,2,Path/cycle facility;Road,Path/cycle facility,FALSE,0,0,0,0,0,,,,,,Inf,Inf,Inf,,FALSE,Inf,Inf,166,FALSE,Pre-installation percentage index (mean = 100),log(percentage index / 100),FALSE
12d,12d | Liverpool 052A,pedestrian,Liverpool 037H | st james place,Liverpool 037H,st james place,"St James Place, S of Upper Parliament St",50759;50760;50761,3,Liverpool,26.67,51.962,25.292,3,1,2,Path/cycle facility;Road,Road,FALSE,0,0,0,0,0,,,,,,Inf,Inf,Inf,,FALSE,Inf,Inf,167,FALSE,Pre-installation percentage index (mean = 100),log(percentage index / 100),FALSE
12d,12d | Liverpool 052A,pedestrian,Liverpool 037H | st james st,Liverpool 037H,st james st,St James St near Great George St; St James St near New Bird St,50781;50782;50783;50809,4,Liverpool,26.67,51.962,25.292,3,1,2,Path/cycle facility;Road,Path/cycle facility;Road,FALSE,0,0,0,0,0,,,,,,Inf,Inf,Inf,,FALSE,Inf,Inf,168,FALSE,Pre-installation percentage index (mean = 100),log(percentage index / 100),FALSE
12d,12d | Liverpool 052A,pedestrian,Liverpool 037H | stanhope st,Liverpool 037H,stanhope st,Stanhope St,50701,1,Liverpool,26.67,51.962,25.292,3,1,2,Path/cycle facility;Road,Road,FALSE,0,0,0,0,0,,,,,,Inf,Inf,Inf,,FALSE,Inf,Inf,169,FALSE,Pre-installation percentage index (mean = 100),log(percentage index / 100),FALSE
12d,12d | Liverpool 052A,pedestrian,Liverpool 037H | upper parliament st,Liverpool 037H,upper parliament st,Upper Parliament St near Hope St; Upper Parliament St near St James Pl,49541;50784;50785;50786,4,Liverpool,26.67,51.962,25.292,3,1,2,Path/cycle facility;Road,Other / crossing;Path/cycle facility;Road,FALSE,0,0,0,0,0,,,,,,Inf,Inf,Inf,,FALSE,Inf,Inf,170,FALSE,Pre-installation percentage index (mean = 100),log(percentage index / 100),FALSE
12d,12d | Liverpool 052A,pedestrian,Liverpool 037H | upper parliament st & st james pl junction,Liverpool 037H,upper parliament st & st james pl junction,Upper Parliament St & St James Pl junction,53230;53231;53232,3,Liverpool,26.67,51.962,25.292,3,1,2,Path/cycle facility;Road,Road,FALSE,0,0,0,0,0,,,,,,Inf,Inf,Inf,,FALSE,Inf,Inf,171,FALSE,Pre-installation percentage index (mean = 100),log(percentage index / 100),FALSE
12d,12d | Liverpool 052A,pedestrian,Liverpool 037H | upper parliament st crossing,Liverpool 037H,upper parliament st crossing,Upper Parliament St crossing,53071,1,Liverpool,26.67,51.962,25.292,3,1,2,Path/cycle facility;Road,Other / crossing,FALSE,0,0,0,0,0,,,,,,Inf,Inf,Inf,,FALSE,Inf,Inf,172,FALSE,Pre-installation percentage index (mean = 100),log(percentage index / 100),FALSE
12d,12d | Liverpool 052A,pedestrian,Liverpool 037H | upper stanhope st,Liverpool 037H,upper stanhope st,Upper Stanhope St,50816,1,Liverpool,26.67,51.962,25.292,3,1,2,Path/cycle facility;Road,Road,FALSE,0,0,0,0,0,,,,,,Inf,Inf,Inf,,FALSE,Inf,Inf,173,FALSE,Pre-installation percentage index (mean = 100),log(percentage index / 100),FALSE
12d,12d | Liverpool 052A,pedestrian,Halton 013C | runcorn spur rd,Halton 013C,runcorn spur rd,Runcorn Spur Rd,46460;46462,2,Halton,26.67,52.546,25.876,3,1,2,Path/cycle facility;Road,Path/cycle facility;Road,FALSE,0,0,0,0,0,,,,,,Inf,Inf,Inf,,FALSE,Inf,Inf,174,FALSE,Pre-installation percentage index (mean = 100),log(percentage index / 100),FALSE
12d,12d | Liverpool 052A,pedestrian,Liverpool 026A | broad green rd,Liverpool 026A,broad green rd,"Broad Green Rd near Queens Dr; Broad Green Rd, W of Queens Dr (right turn); Broad Green Rd, W of Queens Dr (straight)",53268;54536;54537,3,Liverpool,26.67,53.323,26.653,3,1,2,Path/cycle facility;Road,Road,FALSE,0,0,0,0,0,,,,,,Inf,Inf,Inf,,FALSE,Inf,Inf,175,FALSE,Pre-installation percentage index (mean = 100),log(percentage index / 100),FALSE
12d,12d | Liverpool 052A,pedestrian,Liverpool 026A | east prescot rd walkway,Liverpool 026A,east prescot rd walkway,East Prescot Rd walkway,50817,1,Liverpool,26.67,53.323,26.653,3,1,2,Path/cycle facility;Road,Path/cycle facility,FALSE,0,0,0,0,0,,,,,,Inf,Inf,Inf,,FALSE,Inf,Inf,176,FALSE,Pre-installation percentage index (mean = 100),log(percentage index / 100),FALSE
12d,12d | Liverpool 052A,pedestrian,Liverpool 026A | queens dr,Liverpool 026A,queens dr,Queens Dr near Broadgreen Hospital (SB traffic),53271;53272,2,Liverpool,26.67,53.323,26.653,3,1,2,Path/cycle facility;Road,Other / crossing;Road,FALSE,0,0,0,0,0,,,,,,Inf,Inf,Inf,,FALSE,Inf,Inf,177,FALSE,Pre-installation percentage index (mean = 100),log(percentage index / 100),FALSE
12d,12d | Liverpool 052A,pedestrian,Liverpool 037D | princes rd,Liverpool 037D,princes rd,Princes Rd near Upper Stanhope St,49940;49941;49945,3,Liverpool,26.67,54.618,27.948,3,1,2,Path/cycle facility;Road,Other / crossing;Path/cycle facility;Road,FALSE,0,0,0,0,0,,,,,,Inf,Inf,Inf,,FALSE,Inf,Inf,178,FALSE,Pre-installation percentage index (mean = 100),log(percentage index / 100),FALSE
12d,12d | Liverpool 052A,pedestrian,Liverpool 037D | upper parliament st,Liverpool 037D,upper parliament st,Upper Parliament St near Princes Rd,49929;49930;49931;49932,4,Liverpool,26.67,54.618,27.948,3,1,2,Path/cycle facility;Road,Other / crossing;Path/cycle facility;Road,FALSE,0,0,0,0,0,,,,,,Inf,Inf,Inf,,FALSE,Inf,Inf,179,FALSE,Pre-installation percentage index (mean = 100),log(percentage index / 100),FALSE
12d,12d | Liverpool 052A,pedestrian,Sefton 004I | london st,Sefton 004I,london st,London St near Hawesside St,46621;46622;46623,3,Sefton,26.67,55.692,29.022,3,1,2,Path/cycle facility;Road,Path/cycle facility;Road,FALSE,0,0,0,0,0,,,,,,Inf,Inf,Inf,,FALSE,Inf,Inf,180,FALSE,Pre-installation percentage index (mean = 100),log(percentage index / 100),FALSE
12d,12d | Liverpool 052A,pedestrian,Halton 007A | gerrard st,Halton 007A,gerrard st,Gerrard St near Widnes Rd,50273;50274;50275;50396,4,Halton,26.67,58.639,31.969,3,1,2,Path/cycle facility;Road,Other / crossing;Road,FALSE,0,0,0,0,0,,,,,,Inf,Inf,Inf,,FALSE,Inf,Inf,181,FALSE,Pre-installation percentage index (mean = 100),log(percentage index / 100),FALSE
12d,12d | Liverpool 052A,pedestrian,Halton 007A | waterfront rbt,Halton 007A,waterfront rbt,Waterfront Rbt near Grn Oaks Way,49530;49531;49532,3,Halton,26.67,58.639,31.969,3,1,2,Path/cycle facility;Road,Other / crossing;Path/cycle facility;Road,FALSE,0,0,0,0,0,,,,,,Inf,Inf,Inf,,FALSE,Inf,Inf,182,FALSE,Pre-installation percentage index (mean = 100),log(percentage index / 100),FALSE
12d,12d | Liverpool 052A,pedestrian,St. Helens 012E | windle st,St. Helens 012E,windle st,Windle St near North Rd,55118;55119;55120,3,St. Helens,26.67,59.045,32.375,3,1,2,Path/cycle facility;Road,Path/cycle facility;Road,FALSE,0,0,0,0,0,,,,,,Inf,Inf,Inf,,FALSE,Inf,Inf,183,FALSE,Pre-installation percentage index (mean = 100),log(percentage index / 100),FALSE
12d,12d | Liverpool 052A,pedestrian,St. Helens 017A | fleet ln,St. Helens 017A,fleet ln,Fleet Ln near Broad Ln,51827,1,St. Helens,26.67,59.972,33.302,3,1,2,Path/cycle facility;Road,Path/cycle facility,FALSE,0,0,0,0,0,,,,,,Inf,Inf,Inf,,FALSE,Inf,Inf,184,FALSE,Pre-installation percentage index (mean = 100),log(percentage index / 100),FALSE
12d,12d | Liverpool 052A,pedestrian,St. Helens 017A | newton rd,St. Helens 017A,newton rd,Newton Rd near Waring Ave,51810;51811;51813,3,St. Helens,26.67,59.972,33.302,3,1,2,Path/cycle facility;Road,Path/cycle facility;Road,FALSE,0,0,0,0,0,,,,,,Inf,Inf,Inf,,FALSE,Inf,Inf,185,FALSE,Pre-installation percentage index (mean = 100),log(percentage index / 100),FALSE
12d,12d | Liverpool 052A,pedestrian,Halton 007D | victoria rd,Halton 007D,victoria rd,Victoria Rd near Ashley Way West,51662;51663;51679,3,Halton,26.67,60.023,33.353,3,1,2,Path/cycle facility;Road,Path/cycle facility;Road,FALSE,0,0,0,0,0,,,,,,Inf,Inf,Inf,,FALSE,Inf,Inf,186,FALSE,Pre-installation percentage index (mean = 100),log(percentage index / 100),FALSE
12d,12d | Liverpool 052A,pedestrian,Halton 007D | waterloo rd,Halton 007D,waterloo rd,Waterloo Rd near West Bank St,50313;50314;50315,3,Halton,26.67,60.023,33.353,3,1,2,Path/cycle facility;Road,Path/cycle facility;Road,FALSE,0,0,0,0,0,,,,,,Inf,Inf,Inf,,FALSE,Inf,Inf,187,FALSE,Pre-installation percentage index (mean = 100),log(percentage index / 100),FALSE
12d,12d | Liverpool 052A,pedestrian,Knowsley 020C | higher rd,Knowsley 020C,higher rd,"Higher Rd, E of Old Hutte Ln; Higher Rd, W of Old Hutte Ln",49271;49272;49273;49274;49275;49399;49400,7,Knowsley,26.67,60.604,33.934,3,1,2,Path/cycle facility;Road,Other / crossing;Path/cycle facility;Road,FALSE,0,0,0,0,0,,,,,,Inf,Inf,Inf,,FALSE,Inf,Inf,188,FALSE,Pre-installation percentage index (mean = 100),log(percentage index / 100),FALSE
12d,12d | Liverpool 052A,pedestrian,Knowsley 020C | old hutte ln,Knowsley 020C,old hutte ln,Old Hutte Ln near Higher Rd,49276;49277;49278,3,Knowsley,26.67,60.604,33.934,3,1,2,Path/cycle facility;Road,Other / crossing;Path/cycle facility;Road,FALSE,0,0,0,0,0,,,,,,Inf,Inf,Inf,,FALSE,Inf,Inf,189,FALSE,Pre-installation percentage index (mean = 100),log(percentage index / 100),FALSE
12d,12d | Liverpool 052A,pedestrian,Sefton 038B | cambridge rd,Sefton 038B,cambridge rd,Cambridge Rd near Sidney Rd,50018;50019;50020,3,Sefton,26.67,61.295,34.625,3,1,2,Path/cycle facility;Road,Path/cycle facility;Road,FALSE,0,0,0,0,0,,,,,,Inf,Inf,Inf,,FALSE,Inf,Inf,190,FALSE,Pre-installation percentage index (mean = 100),log(percentage index / 100),FALSE
12d,12d | Liverpool 052A,pedestrian,Halton 007C | dundalk rd,Halton 007C,dundalk rd,Dundalk Rd,46457;46458;46459,3,Halton,26.67,62.648,35.978,3,1,2,Path/cycle facility;Road,Path/cycle facility;Road,FALSE,0,0,0,0,0,,,,,,Inf,Inf,Inf,,FALSE,Inf,Inf,191,FALSE,Pre-installation percentage index (mean = 100),log(percentage index / 100),FALSE
12d,12d | Liverpool 052A,pedestrian,Wirral 005A | egremont promenade,Wirral 005A,egremont promenade,Egremont Promenade,49587;49588;49589,3,Wirral,26.67,63.141,36.471,3,1,2,Path/cycle facility;Road,Path/cycle facility,FALSE,0,0,0,0,0,,,,,,Inf,Inf,Inf,,FALSE,Inf,Inf,192,FALSE,Pre-installation percentage index (mean = 100),log(percentage index / 100),FALSE
12d,12d | Liverpool 052A,pedestrian,Liverpool 038C | wellington rd,Liverpool 038C,wellington rd,Wellington Rd,53536;53537;53538;53668,4,Liverpool,26.67,63.285,36.615,3,1,2,Path/cycle facility;Road,Other / crossing;Path/cycle facility;Road,FALSE,0,0,0,0,0,,,,,,Inf,Inf,Inf,,FALSE,Inf,Inf,193,FALSE,Pre-installation percentage index (mean = 100),log(percentage index / 100),FALSE
12d,12d | Liverpool 052A,pedestrian,Wirral 010G | beaufort rd,Wirral 010G,beaufort rd,Beaufort Rd near Ilchester Rd,50825;50828;50829;50830,4,Wirral,26.67,63.355,36.685,3,1,2,Path/cycle facility;Road,Other / crossing;Path/cycle facility;Road,FALSE,0,0,0,0,0,,,,,,Inf,Inf,Inf,,FALSE,Inf,Inf,194,FALSE,Pre-installation percentage index (mean = 100),log(percentage index / 100),FALSE
12d,12d | Liverpool 052A,pedestrian,Liverpool 031G | quorn st,Liverpool 031G,quorn st,Quorn St near Wedgewood St,49394,1,Liverpool,26.67,63.779,37.109,3,1,2,Path/cycle facility;Road,Road,FALSE,0,0,0,0,0,,,,,,Inf,Inf,Inf,,FALSE,Inf,Inf,195,FALSE,Pre-installation percentage index (mean = 100),log(percentage index / 100),FALSE
12d,12d | Liverpool 052A,pedestrian,Liverpool 023C | shaw st,Liverpool 023C,shaw st,Shaw St near William Henry St,52815;52816;52817;52818,4,Liverpool,26.67,65.01,38.34,3,1,2,Path/cycle facility;Road,Path/cycle facility;Road,FALSE,0,0,0,0,0,,,,,,Inf,Inf,Inf,,FALSE,Inf,Inf,196,FALSE,Pre-installation percentage index (mean = 100),log(percentage index / 100),FALSE
12d,12d | Liverpool 052A,pedestrian,St. Helens 014C | peasley cross ln,St. Helens 014C,peasley cross ln,Peasley Cross Ln near Parr St,54619;54620;54621;54622,4,St. Helens,26.67,65.045,38.375,3,1,2,Path/cycle facility;Road,Path/cycle facility;Road,FALSE,0,0,0,0,0,,,,,,Inf,Inf,Inf,,FALSE,Inf,Inf,197,FALSE,Pre-installation percentage index (mean = 100),log(percentage index / 100),FALSE
12d,12d | Liverpool 052A,pedestrian,St. Helens 014C | waterside,St. Helens 014C,waterside,Waterside near Standish St,51846;51847,2,St. Helens,26.67,65.045,38.375,3,1,2,Path/cycle facility;Road,Path/cycle facility;Road,FALSE,0,0,0,0,0,,,,,,Inf,Inf,Inf,,FALSE,Inf,Inf,198,FALSE,Pre-installation percentage index (mean = 100),log(percentage index / 100),FALSE
12d,12d | Liverpool 052A,pedestrian,Liverpool 039D | lodge ln,Liverpool 039D,lodge ln,Lodge Ln near Tunnel Rd,49964,1,Liverpool,26.67,65.143,38.473,3,1,2,Path/cycle facility;Road,Path/cycle facility,FALSE,0,0,0,0,0,,,,,,Inf,Inf,Inf,,FALSE,Inf,Inf,199,FALSE,Pre-installation percentage index (mean = 100),log(percentage index / 100),FALSE
12d,12d | Liverpool 052A,pedestrian,Wirral 009A | wirral circular,Wirral 009A,wirral circular,Wirral Circular near Scoresby Rd,50835,1,Wirral,26.67,67.045,40.375,3,1,2,Path/cycle facility;Road,Path/cycle facility,FALSE,0,0,0,0,0,,,,,,Inf,Inf,Inf,,FALSE,Inf,Inf,200,FALSE,Pre-installation percentage index (mean = 100),log(percentage index / 100),FALSE
12d,12d | Liverpool 052A,pedestrian,Liverpool 044A | st james pl,Liverpool 044A,st james pl,St James Pl near Hill St,50705;50710,2,Liverpool,26.67,68.396,41.726,3,1,2,Path/cycle facility;Road,Other / crossing;Road,FALSE,0,0,0,0,0,,,,,,Inf,Inf,Inf,,FALSE,Inf,Inf,201,FALSE,Pre-installation percentage index (mean = 100),log(percentage index / 100),FALSE
12d,12d | Liverpool 052A,pedestrian,Liverpool 030A | holt rd,Liverpool 030A,holt rd,Holt Rd near Edge Ln,49388;49389;49390,3,Liverpool,26.67,69.234,42.564,3,1,2,Path/cycle facility;Road,Path/cycle facility;Road,FALSE,0,0,0,0,0,,,,,,Inf,Inf,Inf,,FALSE,Inf,Inf,202,FALSE,Pre-installation percentage index (mean = 100),log(percentage index / 100),FALSE
12d,12d | Liverpool 052A,pedestrian,Liverpool 030A | ling st,Liverpool 030A,ling st,Ling St near Holt Rd,49969,1,Liverpool,26.67,69.234,42.564,3,1,2,Path/cycle facility;Road,Road,FALSE,0,0,0,0,0,,,,,,Inf,Inf,Inf,,FALSE,Inf,Inf,203,FALSE,Pre-installation percentage index (mean = 100),log(percentage index / 100),FALSE
12d,12d | Liverpool 052A,pedestrian,Liverpool 030A | quorn st,Liverpool 030A,quorn st,Quorn St near Brae St,49395,1,Liverpool,26.67,69.234,42.564,3,1,2,Path/cycle facility;Road,Road,FALSE,0,0,0,0,0,,,,,,Inf,Inf,Inf,,FALSE,Inf,Inf,204,FALSE,Pre-installation percentage index (mean = 100),log(percentage index / 100),FALSE
12d,12d | Liverpool 052A,pedestrian,Liverpool 030A | wedgewood st,Liverpool 030A,wedgewood st,Wedgewood St near Quorn St,49396,1,Liverpool,26.67,69.234,42.564,3,1,2,Path/cycle facility;Road,Road,FALSE,0,0,0,0,0,,,,,,Inf,Inf,Inf,,FALSE,Inf,Inf,205,FALSE,Pre-installation percentage index (mean = 100),log(percentage index / 100),FALSE
12d,12d | Liverpool 052A,pedestrian,Liverpool 039B | lodge ln,Liverpool 039B,lodge ln,Lodge Ln near Tunnel Rd,49962;49963,2,Liverpool,26.67,70.045,43.375,3,1,2,Path/cycle facility;Road,Path/cycle facility;Road,FALSE,0,0,0,0,0,,,,,,Inf,Inf,Inf,,FALSE,Inf,Inf,206,FALSE,Pre-installation percentage index (mean = 100),log(percentage index / 100),FALSE
12d,12d | Liverpool 052A,pedestrian,Wirral 016F | argyle st,Wirral 016F,argyle st,Argyle St near Bridge St,46429;46430;46431,3,Wirral,26.67,71.864,45.194,3,1,2,Path/cycle facility;Road,Path/cycle facility;Road,FALSE,0,0,0,0,0,,,,,,Inf,Inf,Inf,,FALSE,Inf,Inf,207,FALSE,Pre-installation percentage index (mean = 100),log(percentage index / 100),FALSE
12d,12d | Liverpool 052A,pedestrian,Wirral 016F | hamilton st,Wirral 016F,hamilton st,Hamilton St near Hamilton Sq,47771,1,Wirral,26.67,71.864,45.194,3,1,2,Path/cycle facility;Road,Road,FALSE,0,0,0,0,0,,,,,,Inf,Inf,Inf,,FALSE,Inf,Inf,208,FALSE,Pre-installation percentage index (mean = 100),log(percentage index / 100),FALSE
12d,12d | Liverpool 052A,pedestrian,Wirral 016G | argyle st,Wirral 016G,argyle st,Argyle St; Argyle St near Hamilton Sq,46424;46425;46426;46427;46428,5,Wirral,26.67,71.864,45.194,3,1,2,Path/cycle facility;Road,Path/cycle facility;Road,FALSE,0,0,0,0,0,,,,,,Inf,Inf,Inf,,FALSE,Inf,Inf,209,FALSE,Pre-installation percentage index (mean = 100),log(percentage index / 100),FALSE
12d,12d | Liverpool 052A,pedestrian,Wirral 016G | chester st,Wirral 016G,chester st,Chester St,46436;46437;46438,3,Wirral,26.67,71.864,45.194,3,1,2,Path/cycle facility;Road,Other / crossing;Road,FALSE,0,0,0,0,0,,,,,,Inf,Inf,Inf,,FALSE,Inf,Inf,210,FALSE,Pre-installation percentage index (mean = 100),log(percentage index / 100),FALSE
12d,12d | Liverpool 052A,pedestrian,Wirral 016G | conway st,Wirral 016G,conway st,"Conway St - Westbound, near Argyle St",45432;45433;45440,3,Wirral,26.67,71.864,45.194,3,1,2,Path/cycle facility;Road,Other / crossing;Path/cycle facility;Road,FALSE,4,0.0380952380952381,0,0.8,1,102.9,677.666666666667,6.53192171960218,0.970486988970485,0.356883690416894,0.613603298553591,Inf,1.4889846153526,1,FALSE,Inf,Inf,211,FALSE,Pre-installation percentage index (mean = 100),log(percentage index / 100),FALSE
12d,12d | Liverpool 052A,pedestrian,Wirral 016G | conway st eastbound,Wirral 016G,conway st eastbound,"Conway St Eastbound, near Argyle St",45431;45441;45442,3,Wirral,26.67,71.864,45.194,3,1,2,Path/cycle facility;Road,Other / crossing;Path/cycle facility;Road,FALSE,4,0.0380952380952381,0,0.8,1,102.9,588.25,5.67131857555342,0.970486988970485,0.103330421815161,0.867156567155324,Inf,1.55158320774338,1,FALSE,Inf,Inf,212,FALSE,Pre-installation percentage index (mean = 100),log(percentage index / 100),FALSE
12d,12d | Liverpool 052A,pedestrian,Wirral 016G | hamilton st,Wirral 016G,hamilton st,Hamilton St near Chester St; Hamilton St near Hamilton Sq; Hamilton St near Shore Rd,46432;46433;46434;46435;47770,5,Wirral,26.67,71.864,45.194,3,1,2,Path/cycle facility;Road,Other / crossing;Road,FALSE,0,0,0,0,0,,,,,,Inf,Inf,Inf,,FALSE,Inf,Inf,213,FALSE,Pre-installation percentage index (mean = 100),log(percentage index / 100),FALSE
12d,12d | Liverpool 052A,pedestrian,Wirral 011E | fender ln,Wirral 011E,fender ln,Fender Ln,16377;16378;16397;51146;51147;51148,6,Wirral,26.67,72.478,45.808,3,1,2,Path/cycle facility;Road,Other / crossing;Path/cycle facility;Road,FALSE,0,0,0,0,0,,,,,,Inf,Inf,Inf,,FALSE,Inf,Inf,214,FALSE,Pre-installation percentage index (mean = 100),log(percentage index / 100),FALSE
12d,12d | Liverpool 052A,pedestrian,Liverpool 022D | boundary st,Liverpool 022D,boundary st,Boundary St; Boundary St near Commercial Rd,46780;46781;46782;46786;46787;46789,6,Liverpool,26.67,72.513,45.843,3,1,2,Path/cycle facility;Road,Path/cycle facility;Road,FALSE,0,0,0,0,0,,,,,,Inf,Inf,Inf,,FALSE,Inf,Inf,215,FALSE,Pre-installation percentage index (mean = 100),log(percentage index / 100),FALSE
12d,12d | Liverpool 052A,pedestrian,Liverpool 022D | vauxhall rd,Liverpool 022D,vauxhall rd,Vauxhall Rd near Boundary St,46776;46777;46778;46779,4,Liverpool,26.67,72.513,45.843,3,1,2,Path/cycle facility;Road,Other / crossing;Path/cycle facility;Road,FALSE,0,0,0,0,0,,,,,,Inf,Inf,Inf,,FALSE,Inf,Inf,216,FALSE,Pre-installation percentage index (mean = 100),log(percentage index / 100),FALSE
12d,12d | Liverpool 052A,pedestrian,Sefton 036C | chesnut grove,Sefton 036C,chesnut grove,Chesnut Grove,50017,1,Sefton,26.67,74.774,48.104,3,1,2,Path/cycle facility;Road,Path/cycle facility,FALSE,0,0,0,0,0,,,,,,Inf,Inf,Inf,,FALSE,Inf,Inf,217,FALSE,Pre-installation percentage index (mean = 100),log(percentage index / 100),FALSE
12d,12d | Liverpool 052A,pedestrian,Wirral 016C | conway st,Wirral 016C,conway st,"Conway St - Eastbound, near Europa Boulevard; Conway St - Westbound , near Europa Boulevard",45425;45427;45428;45429;45434;45437,6,Wirral,26.67,75.862,49.192,3,1,2,Path/cycle facility;Road,Other / crossing;Path/cycle facility;Road,FALSE,4,0.0380952380952381,0,0.8,0.833333333333333,102.9,318.666666666667,3.07667629130574,0.970486988970485,0.839613142350932,0.130873846619553,Inf,1.34976184094863,1,FALSE,Inf,Inf,218,FALSE,Pre-installation percentage index (mean = 100),log(percentage index / 100),FALSE
12d,12d | Liverpool 052A,pedestrian,Wirral 016C | europa boulevard - norhtbound,Wirral 016C,europa boulevard - norhtbound,Europa Boulevard - Norhtbound,45426;45435;45436,3,Wirral,26.67,75.862,49.192,3,1,2,Path/cycle facility;Road,Other / crossing;Path/cycle facility;Road,FALSE,2,0.0190476190476191,0,1,1,131.1,238.833333333333,1.81554377996467,0.365874640837156,0.823255865906966,0.45738122506981,Inf,0.237965424941179,1,FALSE,Inf,Inf,219,FALSE,Pre-installation percentage index (mean = 100),log(percentage index / 100),FALSE
12d,12d | Liverpool 052A,pedestrian,Wirral 016C | europa boulevard - southbound,Wirral 016C,europa boulevard - southbound,Europa Boulevard - Southbound,45430;45438;45439,3,Wirral,26.67,75.862,49.192,3,1,2,Path/cycle facility;Road,Other / crossing;Path/cycle facility;Road,FALSE,1,0.00952380952380953,0,0.2,1,,,,,,Inf,Inf,Inf,,FALSE,Inf,Inf,220,FALSE,Pre-installation percentage index (mean = 100),log(percentage index / 100),FALSE
12d,12d | Liverpool 052A,pedestrian,Wirral 008C | birkenhead rd,Wirral 008C,birkenhead rd,Birkenhead Rd,49567;49568,2,Wirral,26.67,76.106,49.436,3,1,2,Path/cycle facility;Road,Path/cycle facility;Road,FALSE,0,0,0,0,0,,,,,,Inf,Inf,Inf,,FALSE,Inf,Inf,221,FALSE,Pre-installation percentage index (mean = 100),log(percentage index / 100),FALSE
12d,12d | Liverpool 052A,pedestrian,Sefton 037B | chesnut grove,Sefton 037B,chesnut grove,Chesnut Grove,50015;50016,2,Sefton,26.67,77.125,50.455,3,1,2,Path/cycle facility;Road,Path/cycle facility;Road,FALSE,0,0,0,0,0,,,,,,Inf,Inf,Inf,,FALSE,Inf,Inf,222,FALSE,Pre-installation percentage index (mean = 100),log(percentage index / 100),FALSE
12f,12f | Wirral 006A,cyclist,Sefton 011D | liverpool rd,Sefton 011D,liverpool rd,Liverpool Rd near Saint Thomas More Dr,22871;26532;40723;40724,4,Sefton,12.143,15.515,3.372,7,6,1,Path/cycle facility;Road,Other / crossing;Path/cycle facility;Road,TRUE,191,1,1,1,0.992146596858639,35.6439790575916,44.9738219895288,1.25460780111445,1.24396582561018,1.02923020711268,0.214735618497504,0.0743962784030928,0.121658836374251,0.947315032559045,TRUE,0.15443711524472,0.23815711524472,1,TRUE,Pre-installation percentage index (mean = 100),log(percentage index / 100),FALSE
12f,12f | Wirral 006A,cyclist,Sefton 009A | dover rd,Sefton 009A,dover rd,Dover Rd near Conyers Ave,40743;40744,2,Sefton,12.143,8.868,3.275,7,8,1,Path/cycle facility;Road,Path/cycle facility;Road,TRUE,187,0.979057591623037,0.923076923076923,1,1,35.9144385026738,18.8582887700535,0.537954512530784,1.22197231715275,1.49904658185148,0.277074264698732,0.13040860122025,0.217360247664864,0.934133628038687,TRUE,0.31456060412459,0.39731060412459,2,FALSE,Pre-installation percentage index (mean = 100),log(percentage index / 100),FALSE
12f,12f | Wirral 006A,cyclist,Wirral 003B | harrison dr,Wirral 003B,harrison dr,Harrison Dr,23802;23803;23804,3,Wirral,12.143,9.32,2.823,7,8,1,Path/cycle facility;Road,Path/cycle facility;Road,TRUE,145,0.759162303664922,0.483870967741936,1,1,31.9241379310345,35.8574712643678,1.11946655495043,0.954430275277684,1.08656600376473,0.132135728487049,0.0524770343451094,0.0398563986651417,0.980105041976292,FALSE,0.121208495575912,0.199438495575912,3,FALSE,Pre-installation percentage index (mean = 100),log(percentage index / 100),FALSE
12f,12f | Wirral 006A,cyclist,Sefton 009F | waterloo rd,Sefton 009F,waterloo rd,Waterloo Rd near Cromer Rd; Waterloo Rd near Grnbank Dr,22870;40725;40726,3,Sefton,12.143,7.398,4.745,7,9,2,Path/cycle facility;Road,Other / crossing;Path/cycle facility;Road,FALSE,191,1,1,1,0.989528795811518,35.6439790575916,37.0383944153578,1.03805305519836,1.24396582561018,1.1529994771587,0.0909663484514791,0.0679645374852213,0.0371654655568684,0.966754325101228,FALSE,0.055103237768504,0.202553237768504,4,FALSE,Pre-installation percentage index (mean = 100),log(percentage index / 100),FALSE
12f,12f | Wirral 006A,cyclist,Sefton 002C | preston new rd,Sefton 002C,preston new rd,Preston New Rd near Mallee Cres; Preston New Rd near Rathmore Cres,40730;40731;40732;40733,4,Sefton,12.143,7.648,4.495,7,9,2,Path/cycle facility;Road,Path/cycle facility;Road,FALSE,190,0.994764397905759,0.967741935483871,1,0.994736842105263,35.7982456140351,21.7657894736842,0.618665077473182,1.23723614779371,1.14177122119721,0.0954649265965024,0.0502329802974997,0.148942303621974,0.934864612340203,FALSE,0.201515804976118,0.346465804976118,5,FALSE,Pre-installation percentage index (mean = 100),log(percentage index / 100),FALSE
12f,12f | Wirral 006A,cyclist,St. Helens 022F | clock face rd,St. Helens 022F,clock face rd,Clock Face Rd; Clock Face Rd near Chester Ln; Clock Face Rd near Four Acre Ln,16354;16355;16396;47639;47641;47642;47825;52939,8,St. Helens,12.143,17.475,5.332,7,6,1,Path/cycle facility;Road,Other / crossing;Path/cycle facility;Road,TRUE,158,0.827225130890052,0.580645161290323,1,0.932489451476793,32.6772151898734,19.162447257384,0.598696986781933,1.15659714021169,1.25282123138749,0.0962240911758041,0.0554391677702898,0.219567009060916,0.914996987170978,FALSE,0.252482773553634,0.355802773553634,6,FALSE,Pre-installation percentage index (mean = 100),log(percentage index / 100),FALSE
12f,12f | Wirral 006A,cyclist,Sefton 003D | park cres,Sefton 003D,park cres,Park Cres,40720;40721;40722,3,Sefton,12.143,18.584,6.441,7,5,2,Path/cycle facility;Road,Path/cycle facility;Road,FALSE,181,0.947643979057592,0.875,1,1,35.939226519337,40.3591160220994,1.11965300628178,1.26011174984959,0.862872909466732,0.397238840382858,0.140449968961417,0.29134105475543,0.888742103177491,FALSE,0.210433046538211,0.374843046538211,7,FALSE,Pre-installation percentage index (mean = 100),log(percentage index / 100),FALSE
12f,12f | Wirral 006A,cyclist,Wirral 034B | arrowe park rd,Wirral 034B,arrowe park rd,Arrowe Park Rd,23796;23797;23798,3,Wirral,12.143,18.837,6.694,7,5,2,Path/cycle facility;Road,Path/cycle facility,FALSE,181,0.947643979057592,0.9,1,1,35.219152854512,20.0902394106814,0.582295215335333,1.2180016093081,1.0541771109752,0.163824498332898,0.087712446587808,0.141731130689523,0.945965702287975,FALSE,0.247926272891256,0.414866272891256,8,FALSE,Pre-installation percentage index (mean = 100),log(percentage index / 100),FALSE
12f,12f | Wirral 006A,cyclist,Liverpool 047D | woolton rd,Liverpool 047D,woolton rd,Woolton Rd near Hope Park,22868;22869,2,Liverpool,12.143,7.072,5.071,7,9,2,Path/cycle facility;Road,Other / crossing;Path/cycle facility,FALSE,190,0.994764397905759,0.964285714285714,1,1,35.7263157894737,49.6289473684211,1.37854686156492,1.2470780372131,0.667988051506774,0.579089985706328,0.203308847747866,0.236831238620892,0.885957166718152,FALSE,0.318878151209948,0.469588151209948,9,FALSE,Pre-installation percentage index (mean = 100),log(percentage index / 100),FALSE
12f,12f | Wirral 006A,cyclist,Sefton 027A | park ln,Sefton 027A,park ln,Park Ln near Deltic Way,45855;45856;45857,3,Sefton,12.143,22.016,9.873,7,4,3,Path/cycle facility;Road,Path/cycle facility;Road,FALSE,54,0.282722513089005,0,1,1,53.8024691358025,36.2407407407407,0.679544942554629,0.363690119657327,0.367489517523426,0.0037993978660989,0.0394052036980393,0.266825531949662,0.632808382464965,FALSE,0.273996051586118,0.522726051586118,10,FALSE,Pre-installation percentage index (mean = 100),log(percentage index / 100),FALSE
12f,12f | Wirral 006A,cyclist,St. Helens 020F | clock face rd,St. Helens 020F,clock face rd,Clock Face Rd near Gartons Ln,22898;22899;22900,3,St. Helens,12.143,25.825,13.682,7,4,3,Path/cycle facility;Road,Path/cycle facility;Road,FALSE,189,0.989528795811518,0.9375,1,1,35.8888888888889,22.5273368606702,0.637789252247084,1.23217041089154,0.975281101879805,0.256889309011736,0.0834006487062707,0.18235313718099,0.943607050643259,FALSE,0.243349838608907,0.530169838608907,11,FALSE,Pre-installation percentage index (mean = 100),log(percentage index / 100),FALSE
12f,12f | Wirral 006A,cyclist,St. Helens 022F | chester ln,St. Helens 022F,chester ln,Chester Ln; Chester Ln near Four Acre Ln; Chester Ln near Marshalls Cross Rd,16672;16673;16676;47643;47725;47826;47827,7,St. Helens,12.143,17.475,5.332,7,6,1,Path/cycle facility;Road,Other / crossing;Path/cycle facility;Road,TRUE,189,0.989528795811518,0.961538461538461,1,0.994708994708995,35.7654320987654,28.9911816578483,0.8157440276312,1.241626409868,0.264554375038937,0.977072034829066,0.593906521339807,0.258516842445252,0.488446101016729,FALSE,0.503863973972523,0.607183973972523,12,FALSE,Pre-installation percentage index (mean = 100),log(percentage index / 100),FALSE
12f,12f | Wirral 006A,cyclist,Wirral 019B | upton rd,Wirral 019B,upton rd,Upton Rd near Westwood Rd,41136;41137,2,Wirral,12.143,21.574,9.431,7,4,3,Path/cycle facility;Road,Path/cycle facility;Road,FALSE,190,0.994764397905759,0.9375,1,1,35.7614035087719,21.0052631578947,0.598596926601126,1.23008795748518,0.651787380649279,0.578300576835903,0.187730438197541,0.140852370631634,0.851216114485174,FALSE,0.368421682934313,0.612731682934313,13,FALSE,Pre-installation percentage index (mean = 100),log(percentage index / 100),FALSE
12f,12f | Wirral 006A,cyclist,Sefton 026B | maghull ln,Sefton 026B,maghull ln,Maghull Ln near Maghull Ln Interchange,40745;40746,2,Sefton,12.143,26.451,14.308,7,4,3,Path/cycle facility;Road,Other / crossing;Path/cycle facility,FALSE,190,0.994764397905759,0.967741935483871,1,1,35.7982456140351,14.1631578947368,0.412061978545888,1.23723614779371,1.27383944877141,0.0366033009776972,0.113487622063132,0.121960381909297,0.911495581492341,FALSE,0.320743965304096,0.613823965304096,14,FALSE,Pre-installation percentage index (mean = 100),log(percentage index / 100),FALSE
12f,12f | Wirral 006A,cyclist,Sefton 009F | trafalgar rd,Sefton 009F,trafalgar rd,Trafalgar Rd near Churchfields,40727;40728;40729,3,Sefton,12.143,7.398,4.745,7,9,2,Path/cycle facility;Road,Path/cycle facility;Road,FALSE,185,0.968586387434555,0.935483870967742,1,1,36.0144144144144,13.3153153153153,0.386749744438495,1.24667969422909,0.753204536121366,0.493475158107726,0.173990620279336,0.161586072185205,0.904201865739596,FALSE,0.473695056403753,0.621145056403753,15,FALSE,Pre-installation percentage index (mean = 100),log(percentage index / 100),FALSE
12f,12f | Wirral 006A,cyclist,Wirral 009B | fender ln,Wirral 009B,fender ln,Fender Ln near Hoylake Rd,16367;16368;16390;16391;52615,5,Wirral,12.143,25.557,13.414,7,4,3,Path/cycle facility;Road,Path/cycle facility;Road,FALSE,190,0.994764397905759,0.966666666666667,1,0.991578947368421,35.7280701754386,21.0791228070175,0.601151182230714,1.24266455083057,0.712624814586466,0.530039736244105,0.167080043121024,0.258587816297645,0.893882650122615,FALSE,0.357418606190084,0.641558606190084,16,FALSE,Pre-installation percentage index (mean = 100),log(percentage index / 100),FALSE
12f,12f | Wirral 006A,cyclist,Knowsley 002B | kirkby row,Knowsley 002B,kirkby row,Kirkby Row near Whitefield Dr,23789;23790;23791,3,Knowsley,12.143,33.737,21.594,7,2,5,Path/cycle facility;Road,Path/cycle facility;Road,FALSE,167,0.87434554973822,0.5,1,1,36.3712574850299,39.5149700598802,1.08412113443358,1.17519374079024,0.797113714793488,0.378080025996755,0.132733282215502,0.291138387554671,0.915890092146456,FALSE,0.214105108318183,0.680045108318183,17,FALSE,Pre-installation percentage index (mean = 100),log(percentage index / 100),FALSE
12f,12f | Wirral 006A,cyclist,Sefton 008E | warwick st,Sefton 008E,warwick st,Warwick St near Warwick Close,45846;45847;45848,3,Sefton,12.143,23.844,11.701,7,4,3,Path/cycle facility;Road,Path/cycle facility;Road,FALSE,56,0.293193717277487,0,1,1,52.9345238095238,29.6845238095238,0.568921752565942,0.486342459241039,0.885098007215951,0.398755547974912,0.080724760364276,0.264932162365028,0.752616501201951,FALSE,0.421609430850317,0.688619430850317,18,FALSE,Pre-installation percentage index (mean = 100),log(percentage index / 100),FALSE
12f,12f | Wirral 006A,cyclist,Halton 006B | cycle ln,Halton 006B,cycle ln,Cycle Ln near Liverpool Rd / Prescott Rd,16366,1,Halton,12.143,38.588,26.445,7,2,5,Path/cycle facility;Road,Path/cycle facility,FALSE,190,0.994764397905759,0.967741935483871,1,1,35.7982456140351,32.1368421052631,0.900500595947556,1.23723614779371,0.798231632434779,0.439004515358931,0.15822964097528,0.272583870394292,0.878505745154037,FALSE,0.21412088866035,0.72857088866035,19,FALSE,Pre-installation percentage index (mean = 100),log(percentage index / 100),FALSE
12f,12f | Wirral 006A,cyclist,Liverpool 061C | liver st,Liverpool 061C,liver st,Liver St near Park Ln,16364;16365;16388;16389,4,Liverpool,12.143,15.028,2.885,7,6,1,Path/cycle facility;Road,Path/cycle facility;Road,TRUE,191,1,1,1,0.965968586387435,35.6439790575916,117.968586387435,3.24660665809401,1.24396582561018,0.430061053440504,0.81390477216968,0.257748064301994,0.179543217553576,0.774009562216465,FALSE,0.650563845821836,0.729413845821835,20,FALSE,Pre-installation percentage index (mean = 100),log(percentage index / 100),FALSE
12f,12f | Wirral 006A,cyclist,Wirral 013B | meols parade,Wirral 013B,meols parade,Meols Parade,45760;45761;45762;45763,4,Wirral,12.143,5.71,6.433,7,10,3,Path/cycle facility;Road,Other / crossing;Path/cycle facility;Road,FALSE,57,0.298429319371728,0,1,1,52.6023391812866,169.478070175439,3.18042221252455,0.46760400701529,0.7164677356114,0.24886372859611,0.0520254359523874,0.0848633834697712,0.949627504395367,FALSE,0.518327329042229,0.732657329042229,21,FALSE,Pre-installation percentage index (mean = 100),log(percentage index / 100),FALSE
12f,12f | Wirral 006A,cyclist,Liverpool 042C | fir ln,Liverpool 042C,fir ln,Fir Ln near Prince Alfred Rd,23780;23781,2,Liverpool,12.143,34.15,22.007,7,2,5,Path/cycle facility;Road,Path/cycle facility;Road,FALSE,162,0.848167539267016,0.692307692307692,1,1,35.8600823045267,48.9012345679012,1.35380149603662,1.22928868536585,0.950112924844669,0.279175760521185,0.1722756564425,0.371587553602095,0.773613623459694,FALSE,0.277897670301245,0.747967670301245,22,FALSE,Pre-installation percentage index (mean = 100),log(percentage index / 100),FALSE
12f,12f | Wirral 006A,cyclist,St. Helens 022A | warrington rd,St. Helens 022A,warrington rd,Warrington Rd near Clock Face Rd,22894;22895;22896,3,St. Helens,12.143,40.354,28.211,7,2,5,Path/cycle facility;Road,Other / crossing;Path/cycle facility,FALSE,191,1,1,1,1,35.6439790575916,19.39092495637,0.556460446730485,1.24396582561018,1.36628005222252,0.122314226612338,0.0510739339964568,0.132738991690781,0.95028919711783,FALSE,0.234886078664676,0.766996078664676,23,FALSE,Pre-installation percentage index (mean = 100),log(percentage index / 100),FALSE
12f,12f | Wirral 006A,cyclist,Liverpool 023B | breck rd,Liverpool 023B,breck rd,Breck Rd near Spindle Close,22872;22873;22874,3,Liverpool,12.143,46.712,34.569,7,1,6,Path/cycle facility;Road,Other / crossing;Path/cycle facility,FALSE,187,0.979057591623037,0.923076923076923,1,1,35.7557932263815,37.7682709447415,1.05475266731329,1.24685077757623,1.06867154654784,0.17817923102839,0.135583382242464,0.186866436454274,0.85853853659459,FALSE,0.125379438719784,0.771069438719784,24,FALSE,Pre-installation percentage index (mean = 100),log(percentage index / 100),FALSE
12f,12f | Wirral 006A,cyclist,Sefton 038A | stuart rd,Sefton 038A,stuart rd,Stuart Rd,45858;45859;45860;45861,4,Sefton,12.143,29.871,17.728,7,3,4,Path/cycle facility;Road,Path/cycle facility;Road,FALSE,55,0.287958115183246,0,1,1,53.6181818181818,20.7136363636364,0.397553262316911,0.470554122115023,0.487957655312962,0.0174035331979391,0.0265216153228818,0.313660915782906,0.638227850338092,FALSE,0.439528515333567,0.816808515333567,25,FALSE,Pre-installation percentage index (mean = 100),log(percentage index / 100),FALSE
12f,12f | Wirral 006A,cyclist,Sefton 003B | marshside rd,Sefton 003B,marshside rd,Marshside Rd near Fylde Rd,22884;22885;22886,3,Sefton,12.143,40.465,28.322,7,2,5,Path/cycle facility;Road,Path/cycle facility;Road,FALSE,191,1,1,1,1,35.6439790575916,35.9197207678883,1.00752488450731,1.24396582561018,0.553503768777125,0.690462056833058,0.238280629708621,0.394255819323248,0.654922122165667,FALSE,0.296454024004703,0.829674024004703,26,FALSE,Pre-installation percentage index (mean = 100),log(percentage index / 100),FALSE
12f,12f | Wirral 006A,cyclist,Sefton 029B | ashbourne ave,Sefton 029B,ashbourne ave,Ashbourne Ave near Elton Ave,45854,1,Sefton,12.143,40.265,28.122,7,2,5,Path/cycle facility;Road,Path/cycle facility,FALSE,57,0.298429319371728,0,1,1,52.6023391812866,85.9824561403509,1.62273619899629,0.46760400701529,0.624980845413437,0.157376838398146,0.0105951631135492,0.313755530208457,0.663165822159279,FALSE,0.336834867916831,0.868054867916831,27,FALSE,Pre-installation percentage index (mean = 100),log(percentage index / 100),FALSE
12f,12f | Wirral 006A,cyclist,Liverpool 042C | prince alfred rd,Liverpool 042C,prince alfred rd,Prince Alfred Rd near Fir Ln,22877;22878;22879,3,Liverpool,12.143,34.15,22.007,7,2,5,Path/cycle facility;Road,Path/cycle facility;Road,FALSE,190,0.994764397905759,0.966666666666667,1,1,35.7456140350877,22.8333333333333,0.648603485318692,1.24412667817917,0.526602114950222,0.717524563228946,0.222847780717413,0.261883368094078,0.771124346613028,FALSE,0.404835159326409,0.874905159326409,28,FALSE,Pre-installation percentage index (mean = 100),log(percentage index / 100),FALSE
12f,12f | Wirral 006A,cyclist,St. Helens 024E | peasley cross ln,St. Helens 024E,peasley cross ln,Peasley Cross Ln near McManus Dr,22882;22883,2,St. Helens,12.143,40.867,28.724,7,2,5,Path/cycle facility;Road,Path/cycle facility;Road,FALSE,189,0.989528795811518,0.9375,1,1,35.8095238095238,21.7222222222222,0.617291936179388,1.24093285123902,0.74290160610684,0.498031245132175,0.165171845719352,0.232472136029836,0.892176443651908,FALSE,0.33994427368934,0.87718427368934,29,FALSE,Pre-installation percentage index (mean = 100),log(percentage index / 100),FALSE
12f,12f | Wirral 006A,cyclist,Sefton 004I | talbot st,Sefton 004I,talbot st,Talbot St near Portland St,16370;16371;16372,3,Sefton,12.143,55.692,43.549,7,1,6,Path/cycle facility;Road,Other / crossing;Road,FALSE,188,0.984293193717278,0.9375,1,1,35.8900709219858,33.1524822695035,0.925790637316159,1.23108913232744,0.929546398003605,0.301542734323837,0.0990264539359523,0.256346239790402,0.915417562797877,FALSE,0.156326331434548,0.891816331434548,30,FALSE,Pre-installation percentage index (mean = 100),log(percentage index / 100),FALSE
12f,12f | Wirral 006A,cyclist,Sefton 004D | hall st,Sefton 004D,hall st,Hall St near East St,40737;40738;40739,3,Sefton,12.143,33.442,21.299,7,2,5,Path/cycle facility;Road,Other / crossing;Path/cycle facility;Road,FALSE,188,0.984293193717278,0.928571428571429,1,1,35.9078014184397,19.6755319148936,0.560194081475788,1.24587811824563,0.491745217330735,0.754132900914891,0.242670666179075,0.306429574616408,0.803968646427041,FALSE,0.465511814538625,0.928501814538625,31,FALSE,Pre-installation percentage index (mean = 100),log(percentage index / 100),FALSE
12f,12f | Wirral 006A,cyclist,Liverpool 059F | western ave,Liverpool 059F,western ave,Western Ave near of Bray Rd,16361;16386;16387,3,Liverpool,12.143,58.134,45.991,7,1,6,Path/cycle facility;Road,Path/cycle facility;Road,FALSE,189,0.989528795811518,0.964285714285714,1,0.99647266313933,35.8835978835979,39.1005291005291,1.08721847654569,1.24619523237073,0.87530079159006,0.370894440780666,0.127401618136756,0.213633419921501,0.912055306365309,FALSE,0.175934160013998,0.935844160013998,32,FALSE,Pre-installation percentage index (mean = 100),log(percentage index / 100),FALSE
12f,12f | Wirral 006A,cyclist,Sefton 004G | hoghton st,Sefton 004G,hoghton st,Hoghton St near Hoghton Grove; Hoghton St near Queen's Rd,43340;43342;43343;43493;43494;43495,6,Sefton,12.143,45.56,33.417,7,1,6,Path/cycle facility;Road,Path/cycle facility;Road,FALSE,119,0.62303664921466,0,1,0.970588235294118,25.8879551820728,31.0798319327731,1.19309303052401,0.521997143222419,0.125749550851929,0.396247592370489,0.140904732294571,0.297320216526723,0.724421877940955,FALSE,0.307816170303882,0.941986170303883,33,FALSE,Pre-installation percentage index (mean = 100),log(percentage index / 100),FALSE
12f,12f | Wirral 006A,cyclist,Sefton 004D | hawkshead st,Sefton 004D,hawkshead st,Hawkshead St near Kestrel Ct,40734;40735;40736,3,Sefton,12.143,33.442,21.299,7,2,5,Path/cycle facility;Road,Path/cycle facility;Road,FALSE,188,0.984293193717278,0.9375,1,1,35.8581560283688,14.8102836879433,0.428949393881085,1.23264523746732,0.655087339590873,0.577557897876444,0.188996496752472,0.285771316721192,0.877535622037572,FALSE,0.480847582600139,0.943837582600139,34,FALSE,Pre-installation percentage index (mean = 100),log(percentage index / 100),FALSE
12f,12f | Wirral 006A,cyclist,Liverpool 057D | saint mary's rd,Liverpool 057D,saint mary's rd,Saint Mary's Rd near Sidwell St,16375;16376;16395,3,Liverpool,12.143,45.859,33.716,7,1,6,Path/cycle facility;Road,Path/cycle facility;Road,FALSE,191,1,1,1,0.951134380453752,35.6439790575916,64.3856893542758,1.78435014525885,1.24396582561018,0.803747558772115,0.440218266838068,0.139172715042022,0.211898308188374,0.946511645963188,FALSE,0.340587342316759,0.977747342316759,35,FALSE,Pre-installation percentage index (mean = 100),log(percentage index / 100),FALSE
12f,12f | Wirral 006A,cyclist,Sefton 004A | queen's rd,Sefton 004A,queen's rd,Queen's Rd near Hawkshead St,43346;43347,2,Sefton,12.143,40.356,28.213,7,2,5,Path/cycle facility;Road,Road,FALSE,190,0.994764397905759,0.967741935483871,1,1,35.5175438596491,80.1842105263158,2.2231563776123,1.2552881449136,0.748402248659435,0.506885896254169,0.169861937740702,0.317541375026021,0.878021188489847,FALSE,0.446198956939605,0.978328956939605,36,FALSE,Pre-installation percentage index (mean = 100),log(percentage index / 100),FALSE
12f,12f | Wirral 006A,cyclist,Halton 015B | crown gate,Halton 015B,crown gate,Crown Gate,16363,1,Halton,12.143,58.811,46.668,7,1,6,Path/cycle facility;Road,Road,FALSE,191,1,1,1,1,35.6439790575916,38.130890052356,1.06786683811973,1.24396582561018,0.738902503622795,0.505063321987388,0.193178194422419,0.244275040304879,0.871557064635864,FALSE,0.221872181754999,0.988552181754999,37,FALSE,Pre-installation percentage index (mean = 100),log(percentage index / 100),FALSE
12f,12f | Wirral 006A,cyclist,Liverpool 010G | utting ave east,Liverpool 010G,utting ave east,Utting Ave East near Lorenzo Dr,23795,1,Liverpool,12.143,58.76,46.617,7,1,6,Path/cycle facility;Road,Road,FALSE,190,0.994764397905759,0.967741935483871,1,1,35.7754385964912,24.6684210526316,0.697977292243106,1.24660321063733,1.03481462334334,0.211788587293981,0.126133165643732,0.187714498277645,0.835477716764051,FALSE,0.223142754239708,0.989312754239708,38,FALSE,Pre-installation percentage index (mean = 100),log(percentage index / 100),FALSE
12f,12f | Wirral 006A,cyclist,Liverpool 047C | woolton rd,Liverpool 047C,woolton rd,Woolton Rd near Hope Park,22867,1,Liverpool,12.143,3.939,8.204,7,10,3,Path/cycle facility;Road,Path/cycle facility,FALSE,190,0.994764397905759,0.964285714285714,1,1,35.7263157894737,11.2736842105263,0.334193178561192,1.2470780372131,0.216594362011349,1.03048367520175,0.388775654785752,0.496075238800234,0.436565810686763,FALSE,0.772185309242262,1.00422530924226,39,FALSE,Pre-installation percentage index (mean = 100),log(percentage index / 100),FALSE
12f,12f | Wirral 006A,cyclist,Knowsley 008F | stockbridge ln,Knowsley 008F,stockbridge ln,Stockbridge Ln near Waterpark Dr,23811;23812;23813,3,Knowsley,12.143,77.148,65.005,7,1,6,Path/cycle facility;Road,Path/cycle facility;Road,FALSE,190,0.994764397905759,0.9375,1,1,35.7561403508772,37.9315789473684,1.05918571905876,1.2295330258644,1.1416219270448,0.0879110988196032,0.079741323151296,0.187491239154008,0.948172550073222,FALSE,0.0824948153523401,1.03254481535234,40,FALSE,Pre-installation percentage index (mean = 100),log(percentage index / 100),FALSE
12f,12f | Wirral 006A,cyclist,Halton 014D | murdishaw centre,Halton 014D,murdishaw centre,Murdishaw Centre,23806,1,Halton,12.143,58.314,46.171,7,1,6,Path/cycle facility;Road,Road,FALSE,191,1,1,1,1,35.6439790575916,21.2303664921466,0.606658094013431,1.24396582561018,1.59932772588293,0.355361900272742,0.209292130240527,0.261483191171158,0.868616440781183,FALSE,0.31992255168319,1.08163255168319,41,FALSE,Pre-installation percentage index (mean = 100),log(percentage index / 100),FALSE
12f,12f | Wirral 006A,cyclist,Wirral 027D | new chester rd,Wirral 027D,new chester rd,New Chester Rd near Bedford Rd; New Chester Rd near St Paul's Rd,16350;16351;16352;16356;16357;16358,6,Wirral,12.143,59.878,47.735,7,1,6,Path/cycle facility;Road,Path/cycle facility;Road,FALSE,114,0.596858638743456,0,1,1,25.5204678362573,46.0365497076024,1.77359426681367,0.473578430584119,0.402632422755676,0.070946007828443,0.0593645988455827,0.25233493236476,0.785526190341046,FALSE,0.318349808031733,1.09569980803173,42,FALSE,Pre-installation percentage index (mean = 100),log(percentage index / 100),FALSE
12f,12f | Wirral 006A,cyclist,Halton 012F | queensway,Halton 012F,queensway,Queensway near New Rbt,40834;40835,2,Halton,12.143,36.719,24.576,7,2,5,Path/cycle facility;Road,Path/cycle facility;Road,FALSE,187,0.979057591623037,0.875,1,1,35.9893048128342,169.620320855615,4.61269336417522,1.22088767192936,0.864699535355953,0.356188136573404,0.137069252378728,0.167757022288963,0.917904336417337,FALSE,0.607386852703215,1.10314685270321,43,FALSE,Pre-installation percentage index (mean = 100),log(percentage index / 100),FALSE
12f,12f | Wirral 006A,cyclist,Liverpool 024D | west derby rd,Liverpool 024D,west derby rd,"West Derby Rd - Eastbound, near Sheil Rd; West Derby Rd - Westbound, near Sheil Rd",15104;15106;15160;15161;15162,5,Liverpool,12.143,64.417,52.274,7,1,6,Path/cycle facility;Road,Path/cycle facility;Road,FALSE,187,0.979057591623037,0.935483870967742,1,0.957219251336898,35.8288770053476,48.0716577540107,1.33242340641789,1.25280512603871,0.727812358864364,0.524992767174346,0.162947299337154,0.200454432304828,0.94454152800078,FALSE,0.281940724683083,1.10468072468308,44,FALSE,Pre-installation percentage index (mean = 100),log(percentage index / 100),FALSE
12f,12f | Wirral 006A,cyclist,Knowsley 004A | kirkby row,Knowsley 004A,kirkby row,Kirkby Row near Valley Rd,23792;23793;23794,3,Knowsley,12.143,70.978,58.835,7,1,6,Path/cycle facility;Road,Path/cycle facility;Road,FALSE,190,0.994764397905759,0.967741935483871,1,1,35.7754385964912,26.9228070175439,0.759278694781032,1.24660321063733,0.944189515038511,0.302413695598815,0.110162777114929,0.290685306456067,0.91958713683055,FALSE,0.219236394270751,1.10758639427075,45,FALSE,Pre-installation percentage index (mean = 100),log(percentage index / 100),FALSE
12f,12f | Wirral 006A,cyclist,Sefton 004H | king st,Sefton 004H,king st,King St near Wellington St,40740;40741;40742,3,Sefton,12.143,55.692,43.549,7,1,6,Path/cycle facility;Road,Path/cycle facility;Road,FALSE,188,0.984293193717278,0.9375,1,1,35.831560283688,16.5620567375887,0.476820873248929,1.23428313911583,0.896239120062149,0.338044019053678,0.167468672109202,0.236741627738081,0.861666823714284,FALSE,0.381606875822386,1.11709687582239,46,FALSE,Pre-installation percentage index (mean = 100),log(percentage index / 100),FALSE
12f,12f | Wirral 006A,cyclist,Liverpool 027A | prescot rd,Liverpool 027A,prescot rd,Prescot Rd near Barrymore Rd; Prescot Rd near Dunmore Rd,22890;22891;22892;22893,4,Liverpool,12.143,60.219,48.076,7,1,6,Path/cycle facility;Road,Path/cycle facility;Road,FALSE,191,1,1,1,0.992146596858639,35.6439790575916,58.0379581151832,1.61112301757394,1.24396582561018,0.674885414843575,0.569080410766608,0.173644212806296,0.243840950899093,0.948045721474997,FALSE,0.350050577036781,1.13081057703678,47,FALSE,Pre-installation percentage index (mean = 100),log(percentage index / 100),FALSE
12f,12f | Wirral 006A,cyclist,Liverpool 060C | london rd,Liverpool 060C,london rd,"London Rd - Eastbound, near Norton St; London Rd - Westbound, near Norton St",23807;23808,2,Liverpool,12.143,24.01,11.867,7,4,3,Path/cycle facility;Road,Road,FALSE,190,0.994764397905759,0.964285714285714,1,0.992105263157895,35.7263157894737,230.918421052632,6.31477500716538,1.2470780372131,0.319985622634056,0.927092414579046,0.280381963581942,0.17871160375954,0.747077042271253,FALSE,0.886322821797129,1.15499282179713,48,FALSE,Pre-installation percentage index (mean = 100),log(percentage index / 100),FALSE
12f,12f | Wirral 006A,cyclist,Wirral 031C | new chester rd,Wirral 031C,new chester rd,New Chester Rd near Sefton Rd,16381;16382;16383,3,Wirral,12.143,44.541,32.398,7,1,6,Path/cycle facility;Road,Other / crossing;Road,FALSE,189,0.989528795811518,0.9375,1,1,35.8412698412698,89.1234567901235,2.44626358370434,1.22823175108479,0.527137698257224,0.701094052827561,0.218251913187149,0.283686179896712,0.855582920953416,FALSE,0.533751319722416,1.15773131972242,49,FALSE,Pre-installation percentage index (mean = 100),log(percentage index / 100),FALSE
12f,12f | Wirral 006A,cyclist,Liverpool 011C | utting ave east,Liverpool 011C,utting ave east,Utting Ave East near Parthenon Dr,22889,1,Liverpool,12.143,57.15,45.007,7,1,6,Path/cycle facility;Road,Road,FALSE,190,0.994764397905759,0.964285714285714,1,1,35.7263157894737,28.0263157894737,0.790341071940384,1.2470780372131,0.308359731898532,0.93871830531457,0.288726925098421,0.190593508888385,0.741173574934681,FALSE,0.410001656151858,1.16007165615186,50,FALSE,Pre-installation percentage index (mean = 100),log(percentage index / 100),FALSE
12f,12f | Wirral 006A,cyclist,Sefton 037D | merton rd,Sefton 037D,merton rd,Merton Rd near Washington Parade,16353;16392,2,Sefton,12.143,66.265,54.122,7,1,6,Path/cycle facility;Road,Path/cycle facility;Road,FALSE,191,1,1,1,0.986910994764398,35.6439790575916,45.8900523560209,1.27961137305329,1.24396582561018,0.602972237079956,0.640993588530227,0.200100756780274,0.351104727378008,0.846499293377777,FALSE,0.325350467259146,1.16657046725915,51,FALSE,Pre-installation percentage index (mean = 100),log(percentage index / 100),FALSE
12f,12f | Wirral 006A,cyclist,Liverpool 060G | leece st,Liverpool 060G,leece st,"Leece St - Eastbound, near Roscoe St; Leece St near Roscoe St",22880;22881;22887;22888,4,Liverpool,12.143,24.323,12.18,7,4,3,Path/cycle facility;Road,Path/cycle facility;Road,FALSE,190,0.994764397905759,0.9375,1,0.981578947368421,35.5736842105263,270.073684210526,7.41171391567132,1.26976754058371,0.408203985520596,0.861563555063117,0.253992079813452,0.162526636132046,0.808909418053525,FALSE,0.906777372339891,1.17857737233989,52,FALSE,Pre-installation percentage index (mean = 100),log(percentage index / 100),FALSE
12f,12f | Wirral 006A,cyclist,Wirral 011E | fender ln,Wirral 011E,fender ln,Fender Ln,16377;16378;16397;51146;51147;51148,6,Wirral,12.143,72.478,60.335,7,1,6,Path/cycle facility;Road,Other / crossing;Path/cycle facility;Road,FALSE,61,0.319371727748691,0,1,0.994535519125683,52.3879781420765,32.9098360655738,0.635158648925281,0.39737024329516,0.366449305815179,0.0309209374799812,0.144611528492419,0.264839915409567,0.894074041757947,FALSE,0.294197906230098,1.1975479062301,53,FALSE,Pre-installation percentage index (mean = 100),log(percentage index / 100),FALSE
12f,12f | Wirral 006A,cyclist,Knowsley 003D | cherryfield dr,Knowsley 003D,cherryfield dr,Cherryfield Dr near Cherryfield Cres,16347;16348;16349,3,Knowsley,12.143,60.307,48.164,7,1,6,Path/cycle facility;Road,Path/cycle facility;Road,FALSE,191,1,1,1,1,35.6439790575916,23.1099476439791,0.657951135876554,1.24396582561018,0.413780389011185,0.830185436598999,0.259516448065095,0.377585481278931,0.808828915652197,FALSE,0.441912688925482,1.22355268892548,54,FALSE,Pre-installation percentage index (mean = 100),log(percentage index / 100),FALSE
12f,12f | Wirral 006A,cyclist,Liverpool 022D | commercial rd,Liverpool 022D,commercial rd,Commercial Rd near Boundary St,16379;16380;16402;16403,4,Liverpool,12.143,72.513,60.37,7,1,6,Path/cycle facility;Road,Path/cycle facility;Road,FALSE,191,1,1,1,0.968586387434555,35.6439790575916,48.4960732984293,1.35072867552507,1.24396582561018,0.643294243667599,0.600671581942585,0.197700145717136,0.285511732604499,0.865272275487315,FALSE,0.323495812913274,1.22719581291327,55,FALSE,Pre-installation percentage index (mean = 100),log(percentage index / 100),FALSE
12f,12f | Wirral 006A,cyclist,Halton 015B | busway,Halton 015B,busway,"Busway near Palacefields Ave; Busway, near Palacefields Ave",16369;22875,2,Halton,12.143,58.811,46.668,7,1,6,Path/cycle facility;Road,Other / crossing;Road,FALSE,183,0.958115183246073,0.833333333333333,1,0.683060109289618,35.8542805100182,30,0.841150595561706,1.23792444374742,0.279230605734469,0.958693838012947,0.355889467981529,0.234618435174453,0.509976701977617,FALSE,0.46148546546113,1.22816546546113,56,FALSE,Pre-installation percentage index (mean = 100),log(percentage index / 100),FALSE
12f,12f | Wirral 006A,cyclist,Wirral 016G | conway st,Wirral 016G,conway st,"Conway St - Westbound, near Argyle St",45432;45433;45440,3,Wirral,12.143,71.864,59.721,7,1,6,Path/cycle facility;Road,Other / crossing;Path/cycle facility;Road,FALSE,74,0.387434554973822,0,1,0.990990990990991,49.0630630630631,36.4594594594595,0.748245456181393,0.84296325468682,0.504104707749016,0.338858546937805,0.177305035119654,0.332498597957139,0.865193838061496,FALSE,0.334992103908295,1.2322021039083,57,FALSE,Pre-installation percentage index (mean = 100),log(percentage index / 100),FALSE
12f,12f | Wirral 006A,cyclist,Halton 014D | busway,Halton 014D,busway,Busway near Stockham Ln,22897;54966;54967,3,Halton,12.143,58.314,46.171,7,1,6,Path/cycle facility;Road,Other / crossing;Path/cycle facility,FALSE,162,0.848167539267016,0,1,1,37.8971193415638,9.2037037037037,0.26232543377063,1.32863885660282,1.43184310013623,0.103204243533413,0.112925176624243,0.202744242262374,0.866198836734058,FALSE,0.541083089510966,1.30279308951097,58,FALSE,Pre-installation percentage index (mean = 100),log(percentage index / 100),FALSE
12f,12f | Wirral 006A,cyclist,Wirral 016G | conway st eastbound,Wirral 016G,conway st eastbound,"Conway St Eastbound, near Argyle St",45431;45441;45442,3,Wirral,12.143,71.864,59.721,7,1,6,Path/cycle facility;Road,Other / crossing;Path/cycle facility;Road,FALSE,82,0.429319371727749,0,1,0.979674796747967,48.1422764227642,26.3760162601626,0.557076681280503,0.69558580137657,0.364643393973622,0.330942407402948,0.185493779766447,0.238134941403425,0.774752952566264,FALSE,0.421238562312893,1.31844856231289,59,FALSE,Pre-installation percentage index (mean = 100),log(percentage index / 100),FALSE
12f,12f | Wirral 006A,cyclist,"St. Helens 024E | linkway east, sw of cannington",St. Helens 024E,"linkway east, sw of cannington","Linkway East, SW of Cannington",45851;45852;45853,3,St. Helens,12.143,40.867,28.724,7,2,5,Path/cycle facility;Road,Path/cycle facility;Road,FALSE,57,0.298429319371728,0,1,1,52.6023391812866,4.32163742690059,0.0992799476325551,0.46760400701529,0.473490345194573,0.0058863381792828,0.0154858130521069,0.229787790135843,0.800945161857749,FALSE,0.825475043681917,1.36271504368192,60,FALSE,Pre-installation percentage index (mean = 100),log(percentage index / 100),FALSE
12f,12f | Wirral 006A,cyclist,Wirral 016C | conway st,Wirral 016C,conway st,"Conway St - Eastbound, near Europa Boulevard; Conway St - Westbound , near Europa Boulevard",45425;45427;45428;45429;45434;45437,6,Wirral,12.143,75.862,63.719,7,1,6,Path/cycle facility;Road,Other / crossing;Path/cycle facility;Road,FALSE,88,0.460732984293194,0,1,0.848484848484848,47.8371212121212,23.0672348484849,0.49280617389281,0.739509309793219,0.477864844176172,0.261644465617048,0.160707564646924,0.271659946604966,0.885897952110284,FALSE,0.43295973873913,1.37014973873913,61,FALSE,Pre-installation percentage index (mean = 100),log(percentage index / 100),FALSE
12f,12f | Wirral 006A,cyclist,Wirral 016C | europa boulevard - norhtbound,Wirral 016C,europa boulevard - norhtbound,Europa Boulevard - Norhtbound,45426;45435;45436,3,Wirral,12.143,75.862,63.719,7,1,6,Path/cycle facility;Road,Other / crossing;Path/cycle facility;Road,FALSE,71,0.3717277486911,0,1,1,50.2394366197183,19.7230046948357,0.404434671064688,0.680323408630247,0.626405084565939,0.0539183240643076,0.0600373110458517,0.350931767383747,0.751744603572617,FALSE,0.438398890450654,1.37558889045065,62,FALSE,Pre-installation percentage index (mean = 100),log(percentage index / 100),FALSE
12f,12f | Wirral 006A,cyclist,Halton 007B | grn oaks way,Halton 007B,grn oaks way,Grn Oaks Way,16359;16401,2,Halton,12.143,42.077,29.934,7,2,5,Path/cycle facility;Road,Other / crossing;Road,FALSE,128,0.670157068062827,0,1,1,27.9166666666667,2.69921875,0.127926873198847,0.750611094564728,0.370905746578188,0.37970534798654,0.144000658186684,0.160761698064862,0.788836032232123,FALSE,0.844300126249807,1.39364012624981,63,FALSE,Pre-installation percentage index (mean = 100),log(percentage index / 100),FALSE
12f,12f | Wirral 006A,cyclist,Liverpool 058C | western ave,Liverpool 058C,western ave,Western Ave near of Bray Rd,16362,1,Liverpool,12.143,54.692,42.549,7,1,6,Path/cycle facility;Road,Road,FALSE,187,0.979057591623037,0.9375,1,1,36.1336898395722,20.6149732620321,0.582085253456221,1.23439981765208,-0.0659448317845757,1.30034464943666,0.428695772516141,0.172631234223054,-0.145654374282176,FALSE,0.70916750564475,1.43465750564475,64,FALSE,Pre-installation percentage index (mean = 100),log(percentage index / 100),FALSE
12f,12f | Wirral 006A,cyclist,Wirral 016C | europa boulevard - southbound,Wirral 016C,europa boulevard - southbound,Europa Boulevard - Southbound,45430;45438;45439,3,Wirral,12.143,75.862,63.719,7,1,6,Path/cycle facility;Road,Other / crossing;Path/cycle facility;Road,FALSE,83,0.43455497382199,0,1,0.995983935742972,48.1004016064257,13.6064257028112,0.297480778668412,0.813164610541296,0.41496016807286,0.398204442468435,0.142860360264012,0.460990569541138,0.5813978055221,FALSE,0.658277213274071,1.59546721327407,65,FALSE,Pre-installation percentage index (mean = 100),log(percentage index / 100),FALSE
12f,12f | Wirral 006A,cyclist,Sefton 004I | chapel st,Sefton 004I,chapel st,Chapel St,16360,1,Sefton,12.143,55.692,43.549,7,1,6,Path/cycle facility;Road,Road,FALSE,185,0.968586387434555,0.933333333333333,1,1,35.9171171171171,284.843243243243,7.74283762018644,1.2391365041324,0.518251044428683,0.720885459703719,0.226304245934471,0.274466665310651,0.882939968577563,FALSE,0.88356936915043,1.61905936915043,66,FALSE,Pre-installation percentage index (mean = 100),log(percentage index / 100),FALSE
12f,12f | Wirral 006A,cyclist,Liverpool 035G | upper parliament st,Liverpool 035G,upper parliament st,Upper Parliament St near Tunnel Rd,22876;23038;23039,3,Liverpool,12.143,58.2923711892797,46.1493711892797,7,1,6,Path/cycle facility;Road,Other / crossing;Path/cycle facility,FALSE,190,0.994764397905759,0.964285714285714,1,1,35.6333333333333,304.078947368421,8.32790575164025,1.24356130678129,0.312567948193139,0.930993358588154,0.301117945758759,0.304132431681223,0.604382983661477,FALSE,1.00087797225196,1.76237168414475,67,FALSE,Pre-installation percentage index (mean = 100),log(percentage index / 100),FALSE
12f,12f | Wirral 006A,cyclist,Wirral 006A | pasture rd,Wirral 006A,pasture rd,Pasture Rd near Tarran Way North,49489;49490,2,Wirral,12.143,12.143,0,7,7,0,Path/cycle facility;Road,Other / crossing;Path/cycle facility,TRUE,0,0,0,0,0,,,,,,Inf,Inf,Inf,,FALSE,Inf,Inf,68,FALSE,Pre-installation percentage index (mean = 100),log(percentage index / 100),FALSE
12f,12f | Wirral 006A,cyclist,Wirral 006A | reeds ln,Wirral 006A,reeds ln,Reeds Ln near Wirral Circular,50833;50834;50848,3,Wirral,12.143,12.143,0,7,7,0,Path/cycle facility;Road,Other / crossing;Path/cycle facility;Road,TRUE,0,0,0,0,0,,,,,,Inf,Inf,Inf,,FALSE,Inf,Inf,69,FALSE,Pre-installation percentage index (mean = 100),log(percentage index / 100),FALSE
12f,12f | Wirral 006A,cyclist,Halton 016D | clifton rd,Halton 016D,clifton rd,Clifton Rd near Rocksavage Way,49527;49528;49529,3,Halton,12.143,12.138,0.00500000000000078,7,7,0,Path/cycle facility;Road,Other / crossing;Road,TRUE,0,0,0,0,0,,,,,,Inf,Inf,Inf,,FALSE,Inf,Inf,70,FALSE,Pre-installation percentage index (mean = 100),log(percentage index / 100),FALSE
12f,12f | Wirral 006A,cyclist,Halton 016D | rocksavage expressway,Halton 016D,rocksavage expressway,Rocksavage Expressway near Clifton Rbt,49936;49937,2,Halton,12.143,12.138,0.00500000000000078,7,7,0,Path/cycle facility;Road,Path/cycle facility;Road,TRUE,0,0,0,0,0,,,,,,Inf,Inf,Inf,,FALSE,Inf,Inf,71,FALSE,Pre-installation percentage index (mean = 100),log(percentage index / 100),FALSE
12f,12f | Wirral 006A,cyclist,Sefton 012C | coastal rd,Sefton 012C,coastal rd,Coastal Rd near Pinfold Ln,49960;49961,2,Sefton,12.143,12.032,0.111000000000001,7,7,0,Path/cycle facility;Road,Road,TRUE,0,0,0,0,0,,,,,,Inf,Inf,Inf,,FALSE,Inf,Inf,72,FALSE,Pre-installation percentage index (mean = 100),log(percentage index / 100),FALSE
12f,12f | Wirral 006A,cyclist,Sefton 012C | liverpool rd,Sefton 012C,liverpool rd,Liverpool Rd near Coastal Rd,49485;49486;49487;49488,4,Sefton,12.143,12.032,0.111000000000001,7,7,0,Path/cycle facility;Road,Path/cycle facility;Road,TRUE,0,0,0,0,0,,,,,,Inf,Inf,Inf,,FALSE,Inf,Inf,73,FALSE,Pre-installation percentage index (mean = 100),log(percentage index / 100),FALSE
12f,12f | Wirral 006A,cyclist,"Wirral 039A | new chester rd, nw of caldbeck rd",Wirral 039A,"new chester rd, nw of caldbeck rd","New Chester Rd, NW of Caldbeck Rd",49491;49492;49493,3,Wirral,12.143,13.129,0.985999999999999,7,7,0,Path/cycle facility;Road,Other / crossing;Path/cycle facility;Road,TRUE,0,0,0,0,0,,,,,,Inf,Inf,Inf,,FALSE,Inf,Inf,74,FALSE,Pre-installation percentage index (mean = 100),log(percentage index / 100),FALSE
12f,12f | Wirral 006A,cyclist,Liverpool 046A | beaconsfield rd,Liverpool 046A,beaconsfield rd,Beaconsfield Rd near Hillcroft Rd,46627;46628;46629,3,Liverpool,12.143,13.427,1.284,7,7,0,Path/cycle facility;Road,Path/cycle facility;Road,TRUE,0,0,0,0,0,,,,,,Inf,Inf,Inf,,FALSE,Inf,Inf,75,FALSE,Pre-installation percentage index (mean = 100),log(percentage index / 100),FALSE
12f,12f | Wirral 006A,cyclist,Wirral 006D | cross ln,Wirral 006D,cross ln,Cross Ln,50325,1,Wirral,12.143,10.804,1.339,7,8,1,Path/cycle facility;Road,Road,TRUE,0,0,0,0,0,,,,,,Inf,Inf,Inf,,FALSE,Inf,Inf,76,FALSE,Pre-installation percentage index (mean = 100),log(percentage index / 100),FALSE
12f,12f | Wirral 006A,cyclist,Halton 009B | daresbury expressway,Halton 009B,daresbury expressway,Daresbury Expressway,49523,1,Halton,12.143,10.525,1.618,7,8,1,Path/cycle facility;Road,Road,TRUE,0,0,0,0,0,,,,,,Inf,Inf,Inf,,FALSE,Inf,Inf,77,FALSE,Pre-installation percentage index (mean = 100),log(percentage index / 100),FALSE
12f,12f | Wirral 006A,cyclist,Sefton 025C | coronation rd,Sefton 025C,coronation rd,Coronation Rd near Harrington Rd; Coronation Rd near Islington (crossing); Coronation Rd near Islington (NB traffic); Coronation Rd near Islington (SB traffic),49017;49362;49364;49398;52773;52774,6,Sefton,12.143,13.812,1.669,7,7,0,Path/cycle facility;Road,Other / crossing;Road,TRUE,0,0,0,0,0,,,,,,Inf,Inf,Inf,,FALSE,Inf,Inf,78,FALSE,Pre-installation percentage index (mean = 100),log(percentage index / 100),FALSE
12f,12f | Wirral 006A,cyclist,Sefton 025C | great crosby bypass,Sefton 025C,great crosby bypass,"Great Crosby Bypass near Moor Ln; Great Crosby Bypass, E of Liverpool Rd (EB traffic); Great Crosby Bypass, E of Liverpool Rd (WB traffic)",49015;49297;49304;49360;49361;49397,6,Sefton,12.143,13.812,1.669,7,7,0,Path/cycle facility;Road,Other / crossing;Road,TRUE,0,0,0,0,0,,,,,,Inf,Inf,Inf,,FALSE,Inf,Inf,79,FALSE,Pre-installation percentage index (mean = 100),log(percentage index / 100),FALSE
12f,12f | Wirral 006A,cyclist,Sefton 025C | islington,Sefton 025C,islington,"Islington, W of Liverpool Rd",49299;49300;49301;49302;49303,5,Sefton,12.143,13.812,1.669,7,7,0,Path/cycle facility;Road,Other / crossing;Road,TRUE,0,0,0,0,0,,,,,,Inf,Inf,Inf,,FALSE,Inf,Inf,80,FALSE,Pre-installation percentage index (mean = 100),log(percentage index / 100),FALSE
12f,12f | Wirral 006A,cyclist,Sefton 025C | liverpool rd,Sefton 025C,liverpool rd,Liverpool Rd near Islington; Liverpool Rd near Islington (crossing); Liverpool Rd near York Rd,49014;49016;49295;49296,4,Sefton,12.143,13.812,1.669,7,7,0,Path/cycle facility;Road,Other / crossing;Road,TRUE,0,0,0,0,0,,,,,,Inf,Inf,Inf,,FALSE,Inf,Inf,81,FALSE,Pre-installation percentage index (mean = 100),log(percentage index / 100),FALSE
12f,12f | Wirral 006A,cyclist,Sefton 025C | liverpool rd & islington rd (crossing),Sefton 025C,liverpool rd & islington rd (crossing),Liverpool Rd & Islington Rd (crossing),49912;49913,2,Sefton,12.143,13.812,1.669,7,7,0,Path/cycle facility;Road,Other / crossing,TRUE,0,0,0,0,0,,,,,,Inf,Inf,Inf,,FALSE,Inf,Inf,82,FALSE,Pre-installation percentage index (mean = 100),log(percentage index / 100),FALSE
12f,12f | Wirral 006A,cyclist,Sefton 025C | liverpool rd left turn to islington,Sefton 025C,liverpool rd left turn to islington,Liverpool Rd left turn to Islington,49294,1,Sefton,12.143,13.812,1.669,7,7,0,Path/cycle facility;Road,Road,TRUE,0,0,0,0,0,,,,,,Inf,Inf,Inf,,FALSE,Inf,Inf,83,FALSE,Pre-installation percentage index (mean = 100),log(percentage index / 100),FALSE
12f,12f | Wirral 006A,cyclist,Sefton 012B | coastal rd,Sefton 012B,coastal rd,Coastal Rd near Shore Rd,50630;50631;50632,3,Sefton,12.143,10.46,1.683,7,8,1,Path/cycle facility;Road,Other / crossing;Road,TRUE,0,0,0,0,0,,,,,,Inf,Inf,Inf,,FALSE,Inf,Inf,84,FALSE,Pre-installation percentage index (mean = 100),log(percentage index / 100),FALSE
12f,12f | Wirral 006A,cyclist,Halton 009A | busway,Halton 009A,busway,"Busway, N of Chester Rd",47780;47781,2,Halton,12.143,10.215,1.928,7,8,1,Path/cycle facility;Road,Path/cycle facility;Road,TRUE,0,0,0,0,0,,,,,,Inf,Inf,Inf,,FALSE,Inf,Inf,85,FALSE,Pre-installation percentage index (mean = 100),log(percentage index / 100),FALSE
12f,12f | Wirral 006A,cyclist,"Halton 009A | busway, n or chester rd (sb traffic)",Halton 009A,"busway, n or chester rd (sb traffic)","Busway, N or Chester Rd (SB traffic)",51875;51876,2,Halton,12.143,10.215,1.928,7,8,1,Path/cycle facility;Road,Path/cycle facility;Road,TRUE,0,0,0,0,0,,,,,,Inf,Inf,Inf,,FALSE,Inf,Inf,86,FALSE,Pre-installation percentage index (mean = 100),log(percentage index / 100),FALSE
12f,12f | Wirral 006A,cyclist,"Halton 009A | busway, s or chester rd (nb traffic)",Halton 009A,"busway, s or chester rd (nb traffic)","Busway, S or Chester Rd (NB traffic)",51878;51879,2,Halton,12.143,10.215,1.928,7,8,1,Path/cycle facility;Road,Path/cycle facility;Road,TRUE,0,0,0,0,0,,,,,,Inf,Inf,Inf,,FALSE,Inf,Inf,87,FALSE,Pre-installation percentage index (mean = 100),log(percentage index / 100),FALSE
12f,12f | Wirral 006A,cyclist,Halton 009A | chester rd,Halton 009A,chester rd,"Chester Rd near Red Brow Ln; Chester Rd, E of Busway (WB traffic); Chester Rd, W of Busway (EB traffic)",49524;49525;49526;51874;51877;52481;52482,7,Halton,12.143,10.215,1.928,7,8,1,Path/cycle facility;Road,Other / crossing;Path/cycle facility;Road,TRUE,0,0,0,0,0,,,,,,Inf,Inf,Inf,,FALSE,Inf,Inf,88,FALSE,Pre-installation percentage index (mean = 100),log(percentage index / 100),FALSE
12f,12f | Wirral 006A,cyclist,Halton 009A | keckwick ln,Halton 009A,keckwick ln,Keckwick Ln,47777;47778;47779,3,Halton,12.143,10.215,1.928,7,8,1,Path/cycle facility;Road,Path/cycle facility;Road,TRUE,0,0,0,0,0,,,,,,Inf,Inf,Inf,,FALSE,Inf,Inf,89,FALSE,Pre-installation percentage index (mean = 100),log(percentage index / 100),FALSE
12f,12f | Wirral 006A,cyclist,Halton 009A | northwich rd,Halton 009A,northwich rd,"Northwich Rd, E of Preston Brook (WB traffic); Northwich Rd, W of Preston Brook (EB traffic)",51351;51352;51353;51734,4,Halton,12.143,10.215,1.928,7,8,1,Path/cycle facility;Road,Other / crossing;Road,TRUE,0,0,0,0,0,,,,,,Inf,Inf,Inf,,FALSE,Inf,Inf,90,FALSE,Pre-installation percentage index (mean = 100),log(percentage index / 100),FALSE
12f,12f | Wirral 006A,cyclist,Halton 009A | preston brook,Halton 009A,preston brook,"Preston Brook, N of Northwich Rd; Preston Brook, S of Northwich Rd",51223;51224;51225;51230;51231;51232,6,Halton,12.143,10.215,1.928,7,8,1,Path/cycle facility;Road,Path/cycle facility;Road,TRUE,0,0,0,0,0,,,,,,Inf,Inf,Inf,,FALSE,Inf,Inf,91,FALSE,Pre-installation percentage index (mean = 100),log(percentage index / 100),FALSE
12f,12f | Wirral 006A,cyclist,Sefton 018E | northway,Sefton 018E,northway,Northway near Kenyon's Ln (NB traffic),51664;51665;51666,3,Sefton,12.143,9.973,2.17,7,8,1,Path/cycle facility;Road,Other / crossing;Path/cycle facility;Road,TRUE,0,0,0,0,0,,,,,,Inf,Inf,Inf,,FALSE,Inf,Inf,92,FALSE,Pre-installation percentage index (mean = 100),log(percentage index / 100),FALSE
12f,12f | Wirral 006A,cyclist,Knowsley 017B | whitefield ln,Knowsley 017B,whitefield ln,Whitefield Ln near Cronton Rd,46869;46870;46871,3,Knowsley,12.143,14.604,2.461,7,6,1,Path/cycle facility;Road,Other / crossing;Path/cycle facility;Road,TRUE,0,0,0,0,0,,,,,,Inf,Inf,Inf,,FALSE,Inf,Inf,93,FALSE,Pre-installation percentage index (mean = 100),log(percentage index / 100),FALSE
12f,12f | Wirral 006A,cyclist,Sefton 008F | town ln kew,Sefton 008F,town ln kew,Town Ln Kew,50329;50330;50331,3,Sefton,12.143,9.503,2.64,7,8,1,Path/cycle facility;Road,Path/cycle facility;Road,TRUE,0,0,0,0,0,,,,,,Inf,Inf,Inf,,FALSE,Inf,Inf,94,FALSE,Pre-installation percentage index (mean = 100),log(percentage index / 100),FALSE
12f,12f | Wirral 006A,cyclist,Halton 008C | town ln,Halton 008C,town ln,"Town Ln, W of Curlender Way",49535;49536,2,Halton,12.143,14.792,2.649,7,6,1,Path/cycle facility;Road,Path/cycle facility;Road,TRUE,0,0,0,0,0,,,,,,Inf,Inf,Inf,,FALSE,Inf,Inf,95,FALSE,Pre-installation percentage index (mean = 100),log(percentage index / 100),FALSE
12f,12f | Wirral 006A,cyclist,Liverpool 061C | great charlotte st,Liverpool 061C,great charlotte st,Great Charlotte St near Ranelagh St,49965;49966;49967,3,Liverpool,12.143,15.028,2.885,7,6,1,Path/cycle facility;Road,Path/cycle facility;Road,TRUE,0,0,0,0,0,,,,,,Inf,Inf,Inf,,FALSE,Inf,Inf,96,FALSE,Pre-installation percentage index (mean = 100),log(percentage index / 100),FALSE
12f,12f | Wirral 006A,cyclist,Liverpool 061C | renshaw st,Liverpool 061C,renshaw st,Renshaw St near Benson St,53079;53080;53081;53082,4,Liverpool,12.143,15.028,2.885,7,6,1,Path/cycle facility;Road,Other / crossing;Path/cycle facility;Road,TRUE,0,0,0,0,0,,,,,,Inf,Inf,Inf,,FALSE,Inf,Inf,97,FALSE,Pre-installation percentage index (mean = 100),log(percentage index / 100),FALSE
12f,12f | Wirral 006A,cyclist,Sefton 022D | church rd,Sefton 022D,church rd,Church Rd near Islington,49365;49366,2,Sefton,12.143,15.042,2.899,7,6,1,Path/cycle facility;Road,Other / crossing;Road,TRUE,0,0,0,0,0,,,,,,Inf,Inf,Inf,,FALSE,Inf,Inf,98,FALSE,Pre-installation percentage index (mean = 100),log(percentage index / 100),FALSE
12f,12f | Wirral 006A,cyclist,Sefton 022D | islington,Sefton 022D,islington,"Islington near Little Crosby Rd; Islington, W of Coronation Rd (EB traffic); Islington, W of Coronation Rd (WB traffic)",49036;49305;49358,3,Sefton,12.143,15.042,2.899,7,6,1,Path/cycle facility;Road,Road,TRUE,0,0,0,0,0,,,,,,Inf,Inf,Inf,,FALSE,Inf,Inf,99,FALSE,Pre-installation percentage index (mean = 100),log(percentage index / 100),FALSE
12f,12f | Wirral 006A,cyclist,Halton 001C | lunts heath rd,Halton 001C,lunts heath rd,Lunts Heath Rd near Finsbury Park,49558;49559;49562;49563,4,Halton,12.143,9.208,2.935,7,8,1,Path/cycle facility;Road,Path/cycle facility;Road,TRUE,0,0,0,0,0,,,,,,Inf,Inf,Inf,,FALSE,Inf,Inf,100,FALSE,Pre-installation percentage index (mean = 100),log(percentage index / 100),FALSE
12f,12f | Wirral 006A,cyclist,Halton 009C | pitts heath ln,Halton 009C,pitts heath ln,Pitts Heath Ln near Sunniside Ln,47774;47775;47776,3,Halton,12.143,8.835,3.308,7,8,1,Path/cycle facility;Road,Road,TRUE,0,0,0,0,0,,,,,,Inf,Inf,Inf,,FALSE,Inf,Inf,101,FALSE,Pre-installation percentage index (mean = 100),log(percentage index / 100),FALSE
12f,12f | Wirral 006A,cyclist,Halton 001A | mill ln,Halton 001A,mill ln,Mill Ln near Rivenmill Close,49494;49495;49496,3,Halton,12.143,7.615,4.528,7,9,2,Path/cycle facility;Road,Path/cycle facility;Road,FALSE,0,0,0,0,0,,,,,,Inf,Inf,Inf,,FALSE,Inf,Inf,102,FALSE,Pre-installation percentage index (mean = 100),log(percentage index / 100),FALSE
12f,12f | Wirral 006A,cyclist,Halton 005D | birchfield rd,Halton 005D,birchfield rd,Birchfield Rd near Victoria Ave,50270;50271;50272,3,Halton,12.143,16.81,4.667,7,6,1,Path/cycle facility;Road,Path/cycle facility;Road,TRUE,0,0,0,0,0,,,,,,Inf,Inf,Inf,,FALSE,Inf,Inf,103,FALSE,Pre-installation percentage index (mean = 100),log(percentage index / 100),FALSE
12f,12f | Wirral 006A,cyclist,"St. Helens 022F | chester ln, sw of mill ln",St. Helens 022F,"chester ln, sw of mill ln","Chester Ln, SW of Mill Ln",47638;52940,2,St. Helens,12.143,17.475,5.332,7,6,1,Path/cycle facility;Road,Path/cycle facility;Road,TRUE,0,0,0,0,0,,,,,,Inf,Inf,Inf,,FALSE,Inf,Inf,104,FALSE,Pre-installation percentage index (mean = 100),log(percentage index / 100),FALSE
12f,12f | Wirral 006A,cyclist,St. Helens 022F | marshalls cross rd,St. Helens 022F,marshalls cross rd,Marshalls Cross Rd near Chester Ln; Marshalls Cross Rd near Mill Ln,47636;47719;47720,3,St. Helens,12.143,17.475,5.332,7,6,1,Path/cycle facility;Road,Other / crossing;Path/cycle facility;Road,TRUE,0,0,0,0,0,,,,,,Inf,Inf,Inf,,FALSE,Inf,Inf,105,FALSE,Pre-installation percentage index (mean = 100),log(percentage index / 100),FALSE
12f,12f | Wirral 006A,cyclist,Wirral 036D | bromborough rd,Wirral 036D,bromborough rd,Bromborough Rd near Quarry Rd East,49607;49608,2,Wirral,12.143,18.113,5.97,7,5,2,Path/cycle facility;Road,Path/cycle facility;Road,FALSE,0,0,0,0,0,,,,,,Inf,Inf,Inf,,FALSE,Inf,Inf,106,FALSE,Pre-installation percentage index (mean = 100),log(percentage index / 100),FALSE
12f,12f | Wirral 006A,cyclist,Sefton 019D | grange park,Sefton 019D,grange park,Grange Park,50010;50011;50012,3,Sefton,12.143,18.397,6.254,7,5,2,Path/cycle facility;Road,Path/cycle facility;Road,FALSE,0,0,0,0,0,,,,,,Inf,Inf,Inf,,FALSE,Inf,Inf,107,FALSE,Pre-installation percentage index (mean = 100),log(percentage index / 100),FALSE
12f,12f | Wirral 006A,cyclist,Halton 001B | birchfield rd,Halton 001B,birchfield rd,Birchfield Rd near Upton Ln,50268;50269,2,Halton,12.143,5.375,6.768,7,10,3,Path/cycle facility;Road,Other / crossing;Road,FALSE,0,0,0,0,0,,,,,,Inf,Inf,Inf,,FALSE,Inf,Inf,108,FALSE,Pre-installation percentage index (mean = 100),log(percentage index / 100),FALSE
12f,12f | Wirral 006A,cyclist,Halton 001B | wilmere ln north,Halton 001B,wilmere ln north,Wilmere Ln North,47785;47786;47787,3,Halton,12.143,5.375,6.768,7,10,3,Path/cycle facility;Road,Path/cycle facility;Road,FALSE,0,0,0,0,0,,,,,,Inf,Inf,Inf,,FALSE,Inf,Inf,109,FALSE,Pre-installation percentage index (mean = 100),log(percentage index / 100),FALSE
12f,12f | Wirral 006A,cyclist,Sefton 008C | moels park,Sefton 008C,moels park,Moels Park,50810,1,Sefton,12.143,18.946,6.803,7,5,2,Path/cycle facility;Road,Path/cycle facility,FALSE,0,0,0,0,0,,,,,,Inf,Inf,Inf,,FALSE,Inf,Inf,110,FALSE,Pre-installation percentage index (mean = 100),log(percentage index / 100),FALSE
12f,12f | Wirral 006A,cyclist,Liverpool 034B | m62 (eb traffic),Liverpool 034B,m62 (eb traffic),M62 (EB traffic),52396;54839,2,Liverpool,12.143,19.675,7.532,7,5,2,Path/cycle facility;Road,Other / crossing;Road,FALSE,0,0,0,0,0,,,,,,Inf,Inf,Inf,,FALSE,Inf,Inf,111,FALSE,Pre-installation percentage index (mean = 100),log(percentage index / 100),FALSE
12f,12f | Wirral 006A,cyclist,Liverpool 034B | m62 (wb traffic),Liverpool 034B,m62 (wb traffic),M62 (WB traffic),53269;53270,2,Liverpool,12.143,19.675,7.532,7,5,2,Path/cycle facility;Road,Other / crossing;Road,FALSE,0,0,0,0,0,,,,,,Inf,Inf,Inf,,FALSE,Inf,Inf,112,FALSE,Pre-installation percentage index (mean = 100),log(percentage index / 100),FALSE
12f,12f | Wirral 006A,cyclist,Liverpool 034B | queens dr,Liverpool 034B,queens dr,Queens Dr near Glendevon Rd (SB traffic),53277;53278,2,Liverpool,12.143,19.675,7.532,7,5,2,Path/cycle facility;Road,Road,FALSE,0,0,0,0,0,,,,,,Inf,Inf,Inf,,FALSE,Inf,Inf,113,FALSE,Pre-installation percentage index (mean = 100),log(percentage index / 100),FALSE
12f,12f | Wirral 006A,cyclist,Halton 014E | southern expressway,Halton 014E,southern expressway,Southern Expressway near Southern Expressway Rbt,45849;45850,2,Halton,12.143,20.149,8.006,7,5,2,Path/cycle facility;Road,Path/cycle facility;Road,FALSE,24,0.12565445026178,0,1,1,62.9166666666667,56.5625,0.900586701434159,0.0354943340033705,0.337588902996768,0.302094568993397,Inf,0.414646079320475,0.26705316883974,FALSE,Inf,Inf,114,FALSE,Pre-installation percentage index (mean = 100),log(percentage index / 100),FALSE
12f,12f | Wirral 006A,cyclist,Sefton 009C | marine dr,Sefton 009C,marine dr,Marine Dr,49957;49958;49959,3,Sefton,12.143,21.479,9.336,7,5,2,Path/cycle facility;Road,Path/cycle facility;Road,FALSE,0,0,0,0,0,,,,,,Inf,Inf,Inf,,FALSE,Inf,Inf,115,FALSE,Pre-installation percentage index (mean = 100),log(percentage index / 100),FALSE
12f,12f | Wirral 006A,cyclist,St. Helens 020E | marshalls cross rd,St. Helens 020E,marshalls cross rd,Marshalls Cross Rd near Mill Ln,52937,1,St. Helens,12.143,22.036,9.893,7,4,3,Path/cycle facility;Road,Path/cycle facility,FALSE,0,0,0,0,0,,,,,,Inf,Inf,Inf,,FALSE,Inf,Inf,116,FALSE,Pre-installation percentage index (mean = 100),log(percentage index / 100),FALSE
12f,12f | Wirral 006A,cyclist,St. Helens 020E | mill ln,St. Helens 020E,mill ln,Mill Ln; Mill Ln near Marshalls Cross Rd,47637;47640;47823;47824;52938,5,St. Helens,12.143,22.036,9.893,7,4,3,Path/cycle facility;Road,Other / crossing;Path/cycle facility;Road,FALSE,0,0,0,0,0,,,,,,Inf,Inf,Inf,,FALSE,Inf,Inf,117,FALSE,Pre-installation percentage index (mean = 100),log(percentage index / 100),FALSE
12f,12f | Wirral 006A,cyclist,Halton 005B | birchfield rd,Halton 005B,birchfield rd,Birchfield Rd,49497;49501;49502,3,Halton,12.143,23.704,11.561,7,4,3,Path/cycle facility;Road,Path/cycle facility;Road,FALSE,0,0,0,0,0,,,,,,Inf,Inf,Inf,,FALSE,Inf,Inf,118,FALSE,Pre-installation percentage index (mean = 100),log(percentage index / 100),FALSE
12f,12f | Wirral 006A,cyclist,Liverpool 031B | london rd,Liverpool 031B,london rd,London Rd near Pembroke Pl,49392;49393,2,Liverpool,12.143,23.833,11.69,7,4,3,Path/cycle facility;Road,Path/cycle facility;Road,FALSE,0,0,0,0,0,,,,,,Inf,Inf,Inf,,FALSE,Inf,Inf,119,FALSE,Pre-installation percentage index (mean = 100),log(percentage index / 100),FALSE
12f,12f | Wirral 006A,cyclist,Liverpool 060C | st john's ln,Liverpool 060C,st john's ln,St John's Ln,46784;46785,2,Liverpool,12.143,24.01,11.867,7,4,3,Path/cycle facility;Road,Path/cycle facility;Road,FALSE,0,0,0,0,0,,,,,,Inf,Inf,Inf,,FALSE,Inf,Inf,120,FALSE,Pre-installation percentage index (mean = 100),log(percentage index / 100),FALSE
12f,12f | Wirral 006A,cyclist,Sefton 033A | school ln,Sefton 033A,school ln,School Ln near Moss Ln,50028;50029;50030,3,Sefton,12.143,25.806,13.663,7,4,3,Path/cycle facility;Road,Path/cycle facility;Road,FALSE,0,0,0,0,0,,,,,,Inf,Inf,Inf,,FALSE,Inf,Inf,121,FALSE,Pre-installation percentage index (mean = 100),log(percentage index / 100),FALSE
12f,12f | Wirral 006A,cyclist,Sefton 033A | school ln & oxford ave,Sefton 033A,school ln & oxford ave,School Ln & Oxford Ave,50024;50025;50026;50027,4,Sefton,12.143,25.806,13.663,7,4,3,Path/cycle facility;Road,Path/cycle facility;Road,FALSE,0,0,0,0,0,,,,,,Inf,Inf,Inf,,FALSE,Inf,Inf,122,FALSE,Pre-installation percentage index (mean = 100),log(percentage index / 100),FALSE
12f,12f | Wirral 006A,cyclist,Halton 008D | ditton rd,Halton 008D,ditton rd,"Ditton Rd, W of St. Michael's Rd",49555;49556;49557,3,Halton,12.143,26.19,14.047,7,4,3,Path/cycle facility;Road,Path/cycle facility;Road,FALSE,0,0,0,0,0,,,,,,Inf,Inf,Inf,,FALSE,Inf,Inf,123,FALSE,Pre-installation percentage index (mean = 100),log(percentage index / 100),FALSE
12f,12f | Wirral 006A,cyclist,Halton 014A | barnfield ave,Halton 014A,barnfield ave,Barnfield Ave,49477;49478,2,Halton,12.143,27.06,14.917,7,3,4,Path/cycle facility;Road,Road,FALSE,0,0,0,0,0,,,,,,Inf,Inf,Inf,,FALSE,Inf,Inf,124,FALSE,Pre-installation percentage index (mean = 100),log(percentage index / 100),FALSE
12f,12f | Wirral 006A,cyclist,Halton 014A | wood ln,Halton 014A,wood ln,Wood Ln,49938;49939,2,Halton,12.143,27.06,14.917,7,3,4,Path/cycle facility;Road,Other / crossing,FALSE,0,0,0,0,0,,,,,,Inf,Inf,Inf,,FALSE,Inf,Inf,125,FALSE,Pre-installation percentage index (mean = 100),log(percentage index / 100),FALSE
12f,12f | Wirral 006A,cyclist,St. Helens 004F | ravenhead greenway,St. Helens 004F,ravenhead greenway,Ravenhead Greenway,51819,1,St. Helens,12.143,27.133,14.99,7,3,4,Path/cycle facility;Road,Path/cycle facility,FALSE,0,0,0,0,0,,,,,,Inf,Inf,Inf,,FALSE,Inf,Inf,126,FALSE,Pre-installation percentage index (mean = 100),log(percentage index / 100),FALSE
12f,12f | Wirral 006A,cyclist,Liverpool 034E | queens dr,Liverpool 034E,queens dr,"Queens Dr, N of M62 (SB traffic)",54545;55270,2,Liverpool,12.143,28.84,16.697,7,3,4,Path/cycle facility;Road,Road,FALSE,0,0,0,0,0,,,,,,Inf,Inf,Inf,,FALSE,Inf,Inf,127,FALSE,Pre-installation percentage index (mean = 100),log(percentage index / 100),FALSE
12f,12f | Wirral 006A,cyclist,Wirral 036G | new chester rd,Wirral 036G,new chester rd,New Chester Rd near Pool Ln,49537;49538;49539;49540,4,Wirral,12.143,29.136,16.993,7,3,4,Path/cycle facility;Road,Path/cycle facility;Road,FALSE,0,0,0,0,0,,,,,,Inf,Inf,Inf,,FALSE,Inf,Inf,128,FALSE,Pre-installation percentage index (mean = 100),log(percentage index / 100),FALSE
12f,12f | Wirral 006A,cyclist,Liverpool 060B | london rd,Liverpool 060B,london rd,London Rd near Pembroke Pl,49391,1,Liverpool,12.143,30.549,18.406,7,3,4,Path/cycle facility;Road,Path/cycle facility,FALSE,0,0,0,0,0,,,,,,Inf,Inf,Inf,,FALSE,Inf,Inf,129,FALSE,Pre-installation percentage index (mean = 100),log(percentage index / 100),FALSE
12f,12f | Wirral 006A,cyclist,Liverpool 032A | edge ln dr (wb traffic),Liverpool 032A,edge ln dr (wb traffic),Edge Ln Dr (WB traffic),53509;53510,2,Liverpool,12.143,31.451,19.308,7,3,4,Path/cycle facility;Road,Other / crossing;Road,FALSE,0,0,0,0,0,,,,,,Inf,Inf,Inf,,FALSE,Inf,Inf,130,FALSE,Pre-installation percentage index (mean = 100),log(percentage index / 100),FALSE
12f,12f | Wirral 006A,cyclist,Wirral 001D | king's parade,Wirral 001D,king's parade,King's Parade,51858,1,Wirral,12.143,31.687,19.544,7,3,4,Path/cycle facility;Road,Other / crossing,FALSE,0,0,0,0,0,,,,,,Inf,Inf,Inf,,FALSE,Inf,Inf,131,FALSE,Pre-installation percentage index (mean = 100),log(percentage index / 100),FALSE
12f,12f | Wirral 006A,cyclist,Knowsley 013A | carrs ter,Knowsley 013A,carrs ter,Carrs Ter,50106,1,Knowsley,12.143,31.951,19.808,7,3,4,Path/cycle facility;Road,Path/cycle facility,FALSE,0,0,0,0,0,,,,,,Inf,Inf,Inf,,FALSE,Inf,Inf,132,FALSE,Pre-installation percentage index (mean = 100),log(percentage index / 100),FALSE
12f,12f | Wirral 006A,cyclist,Liverpool 058D | highbank dr,Liverpool 058D,highbank dr,Highbank Dr near Haxted Gdns,49546;49547;49548;49549;49566,5,Liverpool,12.143,31.969,19.826,7,3,4,Path/cycle facility;Road,Path/cycle facility;Road,FALSE,0,0,0,0,0,,,,,,Inf,Inf,Inf,,FALSE,Inf,Inf,133,FALSE,Pre-installation percentage index (mean = 100),log(percentage index / 100),FALSE
12f,12f | Wirral 006A,cyclist,St. Helens 005A | penny ln,St. Helens 005A,penny ln,Penny Ln near Old Boston,49949;49950,2,St. Helens,12.143,33.028,20.885,7,3,4,Path/cycle facility;Road,Road,FALSE,0,0,0,0,0,,,,,,Inf,Inf,Inf,,FALSE,Inf,Inf,134,FALSE,Pre-installation percentage index (mean = 100),log(percentage index / 100),FALSE
12f,12f | Wirral 006A,cyclist,St. Helens 007B | bishops rd,St. Helens 007B,bishops rd,Bishops Rd near Wynne Rd,55115;55116;55117;59154;59155,5,St. Helens,12.143,33.517,21.374,7,2,5,Path/cycle facility;Road,Other / crossing;Path/cycle facility;Road,FALSE,0,0,0,0,0,,,,,,Inf,Inf,Inf,,FALSE,Inf,Inf,135,FALSE,Pre-installation percentage index (mean = 100),log(percentage index / 100),FALSE
12f,12f | Wirral 006A,cyclist,St. Helens 007B | wynne rd,St. Helens 007B,wynne rd,Wynne Rd near Wolseley Rd,55112;55113;55114,3,St. Helens,12.143,33.517,21.374,7,2,5,Path/cycle facility;Road,Path/cycle facility;Road,FALSE,0,0,0,0,0,,,,,,Inf,Inf,Inf,,FALSE,Inf,Inf,136,FALSE,Pre-installation percentage index (mean = 100),log(percentage index / 100),FALSE
12f,12f | Wirral 006A,cyclist,Sefton 021F | edge ln,Sefton 021F,edge ln,Edge Ln near Pleasant Hill Close,46624;46625,2,Sefton,12.143,34.007,21.864,7,2,5,Path/cycle facility;Road,Path/cycle facility;Road,FALSE,0,0,0,0,0,,,,,,Inf,Inf,Inf,,FALSE,Inf,Inf,137,FALSE,Pre-installation percentage index (mean = 100),log(percentage index / 100),FALSE
12f,12f | Wirral 006A,cyclist,Liverpool 034A | bowring park rd,Liverpool 034A,bowring park rd,"Bowring Park Rd, E of Queens Dr (left turn); Bowring Park Rd, E of Queens Dr (right turn); Bowring Park Rd, E of Queens Dr (straight)",54534;54535;54838,3,Liverpool,12.143,34.117,21.974,7,2,5,Path/cycle facility;Road,Road,FALSE,0,0,0,0,0,,,,,,Inf,Inf,Inf,,FALSE,Inf,Inf,138,FALSE,Pre-installation percentage index (mean = 100),log(percentage index / 100),FALSE
12f,12f | Wirral 006A,cyclist,Liverpool 034A | queens dr,Liverpool 034A,queens dr,"Queens Dr, N of M62 (right turn)",54583,1,Liverpool,12.143,34.117,21.974,7,2,5,Path/cycle facility;Road,Road,FALSE,0,0,0,0,0,,,,,,Inf,Inf,Inf,,FALSE,Inf,Inf,139,FALSE,Pre-installation percentage index (mean = 100),log(percentage index / 100),FALSE
12f,12f | Wirral 006A,cyclist,Liverpool 038D | lawrence rd,Liverpool 038D,lawrence rd,Lawrence Rd near Cretan Rd,50814;50815,2,Liverpool,12.143,35.357,23.214,7,2,5,Path/cycle facility;Road,Path/cycle facility;Road,FALSE,0,0,0,0,0,,,,,,Inf,Inf,Inf,,FALSE,Inf,Inf,140,FALSE,Pre-installation percentage index (mean = 100),log(percentage index / 100),FALSE
12f,12f | Wirral 006A,cyclist,Knowsley 007D | carr ln,Knowsley 007D,carr ln,Carr Ln,55100;55101;55102,3,Knowsley,12.143,36.256,24.113,7,2,5,Path/cycle facility;Road,Path/cycle facility;Road,FALSE,0,0,0,0,0,,,,,,Inf,Inf,Inf,,FALSE,Inf,Inf,141,FALSE,Pre-installation percentage index (mean = 100),log(percentage index / 100),FALSE
12f,12f | Wirral 006A,cyclist,Halton 012F | bridge st,Halton 012F,bridge st,Bridge St near Bold St,48853;48854;48855,3,Halton,12.143,36.719,24.576,7,2,5,Path/cycle facility;Road,Other / crossing;Road,FALSE,0,0,0,0,0,,,,,,Inf,Inf,Inf,,FALSE,Inf,Inf,142,FALSE,Pre-installation percentage index (mean = 100),log(percentage index / 100),FALSE
12f,12f | Wirral 006A,cyclist,Halton 012F | devonshire pl,Halton 012F,devonshire pl,Devonshire Pl,48386;48387;48388;48389,4,Halton,12.143,36.719,24.576,7,2,5,Path/cycle facility;Road,Other / crossing;Path/cycle facility,FALSE,0,0,0,0,0,,,,,,Inf,Inf,Inf,,FALSE,Inf,Inf,143,FALSE,Pre-installation percentage index (mean = 100),log(percentage index / 100),FALSE
12f,12f | Wirral 006A,cyclist,Halton 012F | leiria way,Halton 012F,leiria way,Leiria Way,47337;47338,2,Halton,12.143,36.719,24.576,7,2,5,Path/cycle facility;Road,Other / crossing;Path/cycle facility,FALSE,0,0,0,0,0,,,,,,Inf,Inf,Inf,,FALSE,Inf,Inf,144,FALSE,Pre-installation percentage index (mean = 100),log(percentage index / 100),FALSE
12f,12f | Wirral 006A,cyclist,St. Helens 017D | fleet ln,St. Helens 017D,fleet ln,Fleet Ln near Broad Ln,51826,1,St. Helens,12.143,36.843,24.7,7,2,5,Path/cycle facility;Road,Path/cycle facility,FALSE,0,0,0,0,0,,,,,,Inf,Inf,Inf,,FALSE,Inf,Inf,145,FALSE,Pre-installation percentage index (mean = 100),log(percentage index / 100),FALSE
12f,12f | Wirral 006A,cyclist,Liverpool 040E | besford rd,Liverpool 040E,besford rd,Besford Rd near Oakwood Close,50822;50823;50824,3,Liverpool,12.143,37.396,25.253,7,2,5,Path/cycle facility;Road,Other / crossing;Path/cycle facility;Road,FALSE,0,0,0,0,0,,,,,,Inf,Inf,Inf,,FALSE,Inf,Inf,146,FALSE,Pre-installation percentage index (mean = 100),log(percentage index / 100),FALSE
12f,12f | Wirral 006A,cyclist,Sefton 038C | hillhead rd,Sefton 038C,hillhead rd,Hillhead Rd near Sidney Rd,50021;50022;50023,3,Sefton,12.143,37.74,25.597,7,2,5,Path/cycle facility;Road,Path/cycle facility;Road,FALSE,0,0,0,0,0,,,,,,Inf,Inf,Inf,,FALSE,Inf,Inf,147,FALSE,Pre-installation percentage index (mean = 100),log(percentage index / 100),FALSE
12f,12f | Wirral 006A,cyclist,Halton 006B | hale rd,Halton 006B,hale rd,Hale Rd near Berry Rd,49533;49534,2,Halton,12.143,38.588,26.445,7,2,5,Path/cycle facility;Road,Other / crossing;Path/cycle facility,FALSE,0,0,0,0,0,,,,,,Inf,Inf,Inf,,FALSE,Inf,Inf,148,FALSE,Pre-installation percentage index (mean = 100),log(percentage index / 100),FALSE
12f,12f | Wirral 006A,cyclist,St. Helens 022E | jubits ln & bell ln,St. Helens 022E,jubits ln & bell ln,Jubits Ln & Bell Ln,53994,1,St. Helens,12.143,39.965,27.822,7,2,5,Path/cycle facility;Road,Road,FALSE,0,0,0,0,0,,,,,,Inf,Inf,Inf,,FALSE,Inf,Inf,149,FALSE,Pre-installation percentage index (mean = 100),log(percentage index / 100),FALSE
12f,12f | Wirral 006A,cyclist,Halton 005C | kingsway,Halton 005C,kingsway,"Kingsway, S of Milton Rd",49503;49504;49505;49506;49507,5,Halton,12.143,40.149,28.006,7,2,5,Path/cycle facility;Road,Other / crossing;Path/cycle facility;Road,FALSE,0,0,0,0,0,,,,,,Inf,Inf,Inf,,FALSE,Inf,Inf,150,FALSE,Pre-installation percentage index (mean = 100),log(percentage index / 100),FALSE
12f,12f | Wirral 006A,cyclist,St. Helens 022A | jubits ln,St. Helens 022A,jubits ln,Jubits Ln near Union Bank Ln,54016;54017;54018;54019,4,St. Helens,12.143,40.354,28.211,7,2,5,Path/cycle facility;Road,Path/cycle facility;Road,FALSE,0,0,0,0,0,,,,,,Inf,Inf,Inf,,FALSE,Inf,Inf,151,FALSE,Pre-installation percentage index (mean = 100),log(percentage index / 100),FALSE
12f,12f | Wirral 006A,cyclist,St. Helens 022A | jubits ln & bell ln,St. Helens 022A,jubits ln & bell ln,Jubits Ln & Bell Ln,53995;53996;53997,3,St. Helens,12.143,40.354,28.211,7,2,5,Path/cycle facility;Road,Path/cycle facility;Road,FALSE,0,0,0,0,0,,,,,,Inf,Inf,Inf,,FALSE,Inf,Inf,152,FALSE,Pre-installation percentage index (mean = 100),log(percentage index / 100),FALSE
12f,12f | Wirral 006A,cyclist,St. Helens 024E | james roby way,St. Helens 024E,james roby way,James Roby Way,51792;51793,2,St. Helens,12.143,40.867,28.724,7,2,5,Path/cycle facility;Road,Path/cycle facility,FALSE,0,0,0,0,0,,,,,,Inf,Inf,Inf,,FALSE,Inf,Inf,153,FALSE,Pre-installation percentage index (mean = 100),log(percentage index / 100),FALSE
12f,12f | Wirral 006A,cyclist,St. Helens 024E | marshalls cross rd (nb traffic),St. Helens 024E,marshalls cross rd (nb traffic),Marshalls Cross Rd (NB traffic),51788;51789,2,St. Helens,12.143,40.867,28.724,7,2,5,Path/cycle facility;Road,Road,FALSE,0,0,0,0,0,,,,,,Inf,Inf,Inf,,FALSE,Inf,Inf,154,FALSE,Pre-installation percentage index (mean = 100),log(percentage index / 100),FALSE
12f,12f | Wirral 006A,cyclist,Liverpool 002E | rice ln,Liverpool 002E,rice ln,Rice Ln near Longmoor Ln,49498;49499;49500,3,Liverpool,12.143,40.978,28.835,7,2,5,Path/cycle facility;Road,Path/cycle facility;Road,FALSE,0,0,0,0,0,,,,,,Inf,Inf,Inf,,FALSE,Inf,Inf,155,FALSE,Pre-installation percentage index (mean = 100),log(percentage index / 100),FALSE
12f,12f | Wirral 006A,cyclist,Liverpool 003D | rice ln & hornby ln,Liverpool 003D,rice ln & hornby ln,Rice Ln & Hornby Ln,49519;49520;49521,3,Liverpool,12.143,43.297,31.154,7,2,5,Path/cycle facility;Road,Road,FALSE,0,0,0,0,0,,,,,,Inf,Inf,Inf,,FALSE,Inf,Inf,156,FALSE,Pre-installation percentage index (mean = 100),log(percentage index / 100),FALSE
12f,12f | Wirral 006A,cyclist,Knowsley 015A | olivia way,Knowsley 015A,olivia way,Olivia Way near West View,50104;50105,2,Knowsley,12.143,43.54,31.397,7,2,5,Path/cycle facility;Road,Path/cycle facility;Road,FALSE,0,0,0,0,0,,,,,,Inf,Inf,Inf,,FALSE,Inf,Inf,157,FALSE,Pre-installation percentage index (mean = 100),log(percentage index / 100),FALSE
12f,12f | Wirral 006A,cyclist,Halton 011C | runcorn spur rd,Halton 011C,runcorn spur rd,Runcorn Spur Rd,46461,1,Halton,12.143,43.653,31.51,7,2,5,Path/cycle facility;Road,Path/cycle facility,FALSE,6,0.031413612565445,0,1,1,73,142,1.93243243243243,-0.135341347869762,0.248354970660706,0.383696318530468,Inf,0.371692654317037,-1,FALSE,Inf,Inf,158,FALSE,Pre-installation percentage index (mean = 100),log(percentage index / 100),FALSE
12f,12f | Wirral 006A,cyclist,Liverpool 037A | catharine st,Liverpool 037A,catharine st,Catharine St near Back Canning St; Catharine St near Caledonia St (NB traffic); Catharine St near Caledonia St (SB traffic),49922;49923;49924;49926;49927;49928;49942;49943;49944;57105;57122,11,Liverpool,12.143,43.775,31.632,7,2,5,Path/cycle facility;Road,Other / crossing;Path/cycle facility;Road,FALSE,0,0,0,0,0,,,,,,Inf,Inf,Inf,,FALSE,Inf,Inf,159,FALSE,Pre-installation percentage index (mean = 100),log(percentage index / 100),FALSE
12f,12f | Wirral 006A,cyclist,Liverpool 037A | upper parliament st,Liverpool 037A,upper parliament st,Upper Parliament St near Hope St,49542,1,Liverpool,12.143,43.775,31.632,7,2,5,Path/cycle facility;Road,Road,FALSE,0,0,0,0,0,,,,,,Inf,Inf,Inf,,FALSE,Inf,Inf,160,FALSE,Pre-installation percentage index (mean = 100),log(percentage index / 100),FALSE
12f,12f | Wirral 006A,cyclist,Halton 014B | murdishaw ave,Halton 014B,murdishaw ave,Murdishaw Ave near Rose Close,47782;47783,2,Halton,12.143,44.323,32.18,7,1,6,Path/cycle facility;Road,Path/cycle facility;Road,FALSE,0,0,0,0,0,,,,,,Inf,Inf,Inf,,FALSE,Inf,Inf,161,FALSE,Pre-installation percentage index (mean = 100),log(percentage index / 100),FALSE
12f,12f | Wirral 006A,cyclist,Halton 014B | murdishaw woods,Halton 014B,murdishaw woods,Murdishaw Woods,50811;50812,2,Halton,12.143,44.323,32.18,7,1,6,Path/cycle facility;Road,Path/cycle facility,FALSE,0,0,0,0,0,,,,,,Inf,Inf,Inf,,FALSE,Inf,Inf,162,FALSE,Pre-installation percentage index (mean = 100),log(percentage index / 100),FALSE
12f,12f | Wirral 006A,cyclist,Liverpool 028D | judges dr,Liverpool 028D,judges dr,Judges Dr,49543;49544;49545,3,Liverpool,12.143,48.364,36.221,7,1,6,Path/cycle facility;Road,Path/cycle facility;Road,FALSE,0,0,0,0,0,,,,,,Inf,Inf,Inf,,FALSE,Inf,Inf,163,FALSE,Pre-installation percentage index (mean = 100),log(percentage index / 100),FALSE
12f,12f | Wirral 006A,cyclist,Liverpool 023D | hunter st,Liverpool 023D,hunter st,Hunter St,49968;54847,2,Liverpool,12.143,48.627,36.484,7,1,6,Path/cycle facility;Road,Path/cycle facility;Road,FALSE,0,0,0,0,0,,,,,,Inf,Inf,Inf,,FALSE,Inf,Inf,164,FALSE,Pre-installation percentage index (mean = 100),log(percentage index / 100),FALSE
12f,12f | Wirral 006A,cyclist,Halton 014C | barnfield ave,Halton 014C,barnfield ave,Barnfield Ave,49476,1,Halton,12.143,49.288,37.145,7,1,6,Path/cycle facility;Road,Road,FALSE,0,0,0,0,0,,,,,,Inf,Inf,Inf,,FALSE,Inf,Inf,165,FALSE,Pre-installation percentage index (mean = 100),log(percentage index / 100),FALSE
12f,12f | Wirral 006A,cyclist,St. Helens 024D | elton head rd,St. Helens 024D,elton head rd,Elton Head Rd near Sherdley Rd,54020;54021;54022;59134,4,St. Helens,12.143,51.363,39.22,7,1,6,Path/cycle facility;Road,Path/cycle facility;Road,FALSE,0,0,0,0,0,,,,,,Inf,Inf,Inf,,FALSE,Inf,Inf,166,FALSE,Pre-installation percentage index (mean = 100),log(percentage index / 100),FALSE
12f,12f | Wirral 006A,cyclist,Sefton 004B | marine dr,Sefton 004B,marine dr,Marine Dr near Marshside Rd,49482;49483;49484,3,Sefton,12.143,51.794,39.651,7,1,6,Path/cycle facility;Road,Other / crossing;Path/cycle facility;Road,FALSE,0,0,0,0,0,,,,,,Inf,Inf,Inf,,FALSE,Inf,Inf,167,FALSE,Pre-installation percentage index (mean = 100),log(percentage index / 100),FALSE
12f,12f | Wirral 006A,cyclist,Liverpool 037H | great george st,Liverpool 037H,great george st,Great George St near Duncan St; Great George St near Upper Parliament St,50776;50778;50779;50850;50851;51468;51469,7,Liverpool,12.143,51.962,39.819,7,1,6,Path/cycle facility;Road,Other / crossing;Path/cycle facility;Road,FALSE,0,0,0,0,0,,,,,,Inf,Inf,Inf,,FALSE,Inf,Inf,168,FALSE,Pre-installation percentage index (mean = 100),log(percentage index / 100),FALSE
12f,12f | Wirral 006A,cyclist,Liverpool 037H | mill st,Liverpool 037H,mill st,Mill St near Upper Harrington St,52638;52639;52640,3,Liverpool,12.143,51.962,39.819,7,1,6,Path/cycle facility;Road,Path/cycle facility;Road,FALSE,0,0,0,0,0,,,,,,Inf,Inf,Inf,,FALSE,Inf,Inf,169,FALSE,Pre-installation percentage index (mean = 100),log(percentage index / 100),FALSE
12f,12f | Wirral 006A,cyclist,Liverpool 037H | parliament st,Liverpool 037H,parliament st,"Parliament St, W of St James Pl",50766;50767;50768;50769,4,Liverpool,12.143,51.962,39.819,7,1,6,Path/cycle facility;Road,Path/cycle facility;Road,FALSE,0,0,0,0,0,,,,,,Inf,Inf,Inf,,FALSE,Inf,Inf,170,FALSE,Pre-installation percentage index (mean = 100),log(percentage index / 100),FALSE
12f,12f | Wirral 006A,cyclist,Liverpool 037H | parliament st crossing,Liverpool 037H,parliament st crossing,Parliament St crossing,53089;53090,2,Liverpool,12.143,51.962,39.819,7,1,6,Path/cycle facility;Road,Other / crossing,FALSE,0,0,0,0,0,,,,,,Inf,Inf,Inf,,FALSE,Inf,Inf,171,FALSE,Pre-installation percentage index (mean = 100),log(percentage index / 100),FALSE
12f,12f | Wirral 006A,cyclist,Liverpool 037H | parliament st walkway,Liverpool 037H,parliament st walkway,Parliament St walkway,50808,1,Liverpool,12.143,51.962,39.819,7,1,6,Path/cycle facility;Road,Path/cycle facility,FALSE,0,0,0,0,0,,,,,,Inf,Inf,Inf,,FALSE,Inf,Inf,172,FALSE,Pre-installation percentage index (mean = 100),log(percentage index / 100),FALSE
12f,12f | Wirral 006A,cyclist,Liverpool 037H | st james place,Liverpool 037H,st james place,"St James Place, S of Upper Parliament St",50759;50760;50761,3,Liverpool,12.143,51.962,39.819,7,1,6,Path/cycle facility;Road,Road,FALSE,0,0,0,0,0,,,,,,Inf,Inf,Inf,,FALSE,Inf,Inf,173,FALSE,Pre-installation percentage index (mean = 100),log(percentage index / 100),FALSE
12f,12f | Wirral 006A,cyclist,Liverpool 037H | st james st,Liverpool 037H,st james st,St James St near Great George St; St James St near New Bird St,50781;50782;50783;50809,4,Liverpool,12.143,51.962,39.819,7,1,6,Path/cycle facility;Road,Path/cycle facility;Road,FALSE,0,0,0,0,0,,,,,,Inf,Inf,Inf,,FALSE,Inf,Inf,174,FALSE,Pre-installation percentage index (mean = 100),log(percentage index / 100),FALSE
12f,12f | Wirral 006A,cyclist,Liverpool 037H | stanhope st,Liverpool 037H,stanhope st,Stanhope St,50701,1,Liverpool,12.143,51.962,39.819,7,1,6,Path/cycle facility;Road,Road,FALSE,0,0,0,0,0,,,,,,Inf,Inf,Inf,,FALSE,Inf,Inf,175,FALSE,Pre-installation percentage index (mean = 100),log(percentage index / 100),FALSE
12f,12f | Wirral 006A,cyclist,Liverpool 037H | upper parliament st,Liverpool 037H,upper parliament st,Upper Parliament St near Hope St; Upper Parliament St near St James Pl,49541;50784;50785;50786,4,Liverpool,12.143,51.962,39.819,7,1,6,Path/cycle facility;Road,Other / crossing;Path/cycle facility;Road,FALSE,0,0,0,0,0,,,,,,Inf,Inf,Inf,,FALSE,Inf,Inf,176,FALSE,Pre-installation percentage index (mean = 100),log(percentage index / 100),FALSE
12f,12f | Wirral 006A,cyclist,Liverpool 037H | upper parliament st & st james pl junction,Liverpool 037H,upper parliament st & st james pl junction,Upper Parliament St & St James Pl junction,53230;53231;53232,3,Liverpool,12.143,51.962,39.819,7,1,6,Path/cycle facility;Road,Road,FALSE,0,0,0,0,0,,,,,,Inf,Inf,Inf,,FALSE,Inf,Inf,177,FALSE,Pre-installation percentage index (mean = 100),log(percentage index / 100),FALSE
12f,12f | Wirral 006A,cyclist,Liverpool 037H | upper parliament st crossing,Liverpool 037H,upper parliament st crossing,Upper Parliament St crossing,53071,1,Liverpool,12.143,51.962,39.819,7,1,6,Path/cycle facility;Road,Other / crossing,FALSE,0,0,0,0,0,,,,,,Inf,Inf,Inf,,FALSE,Inf,Inf,178,FALSE,Pre-installation percentage index (mean = 100),log(percentage index / 100),FALSE
12f,12f | Wirral 006A,cyclist,Liverpool 037H | upper stanhope st,Liverpool 037H,upper stanhope st,Upper Stanhope St,50816,1,Liverpool,12.143,51.962,39.819,7,1,6,Path/cycle facility;Road,Road,FALSE,0,0,0,0,0,,,,,,Inf,Inf,Inf,,FALSE,Inf,Inf,179,FALSE,Pre-installation percentage index (mean = 100),log(percentage index / 100),FALSE
12f,12f | Wirral 006A,cyclist,Halton 013C | runcorn spur rd,Halton 013C,runcorn spur rd,Runcorn Spur Rd,46460;46462,2,Halton,12.143,52.546,40.403,7,1,6,Path/cycle facility;Road,Path/cycle facility;Road,FALSE,6,0.031413612565445,0,1,1,73,9.91666666666667,0.147522522522523,-0.135341347869762,0.0458095360312943,0.181150883901057,Inf,0.445701863268264,-1,FALSE,Inf,Inf,180,FALSE,Pre-installation percentage index (mean = 100),log(percentage index / 100),FALSE
12f,12f | Wirral 006A,cyclist,Liverpool 026A | broad green rd,Liverpool 026A,broad green rd,"Broad Green Rd near Queens Dr; Broad Green Rd, W of Queens Dr (right turn); Broad Green Rd, W of Queens Dr (straight)",53268;54536;54537,3,Liverpool,12.143,53.323,41.18,7,1,6,Path/cycle facility;Road,Road,FALSE,0,0,0,0,0,,,,,,Inf,Inf,Inf,,FALSE,Inf,Inf,181,FALSE,Pre-installation percentage index (mean = 100),log(percentage index / 100),FALSE
12f,12f | Wirral 006A,cyclist,Liverpool 026A | east prescot rd walkway,Liverpool 026A,east prescot rd walkway,East Prescot Rd walkway,50817,1,Liverpool,12.143,53.323,41.18,7,1,6,Path/cycle facility;Road,Path/cycle facility,FALSE,0,0,0,0,0,,,,,,Inf,Inf,Inf,,FALSE,Inf,Inf,182,FALSE,Pre-installation percentage index (mean = 100),log(percentage index / 100),FALSE
12f,12f | Wirral 006A,cyclist,Liverpool 026A | queens dr,Liverpool 026A,queens dr,Queens Dr near Broadgreen Hospital (SB traffic),53271;53272,2,Liverpool,12.143,53.323,41.18,7,1,6,Path/cycle facility;Road,Other / crossing;Road,FALSE,0,0,0,0,0,,,,,,Inf,Inf,Inf,,FALSE,Inf,Inf,183,FALSE,Pre-installation percentage index (mean = 100),log(percentage index / 100),FALSE
12f,12f | Wirral 006A,cyclist,Liverpool 037D | princes rd,Liverpool 037D,princes rd,Princes Rd near Upper Stanhope St,49940;49941;49945,3,Liverpool,12.143,54.618,42.475,7,1,6,Path/cycle facility;Road,Other / crossing;Path/cycle facility;Road,FALSE,0,0,0,0,0,,,,,,Inf,Inf,Inf,,FALSE,Inf,Inf,184,FALSE,Pre-installation percentage index (mean = 100),log(percentage index / 100),FALSE
12f,12f | Wirral 006A,cyclist,Liverpool 037D | upper parliament st,Liverpool 037D,upper parliament st,Upper Parliament St near Princes Rd,49929;49930;49931;49932,4,Liverpool,12.143,54.618,42.475,7,1,6,Path/cycle facility;Road,Other / crossing;Path/cycle facility;Road,FALSE,0,0,0,0,0,,,,,,Inf,Inf,Inf,,FALSE,Inf,Inf,185,FALSE,Pre-installation percentage index (mean = 100),log(percentage index / 100),FALSE
12f,12f | Wirral 006A,cyclist,Sefton 004I | london st,Sefton 004I,london st,London St near Hawesside St,46621;46622;46623,3,Sefton,12.143,55.692,43.549,7,1,6,Path/cycle facility;Road,Path/cycle facility;Road,FALSE,0,0,0,0,0,,,,,,Inf,Inf,Inf,,FALSE,Inf,Inf,186,FALSE,Pre-installation percentage index (mean = 100),log(percentage index / 100),FALSE
12f,12f | Wirral 006A,cyclist,Halton 007A | gerrard st,Halton 007A,gerrard st,Gerrard St near Widnes Rd,50273;50274;50275;50396,4,Halton,12.143,58.639,46.496,7,1,6,Path/cycle facility;Road,Other / crossing;Road,FALSE,0,0,0,0,0,,,,,,Inf,Inf,Inf,,FALSE,Inf,Inf,187,FALSE,Pre-installation percentage index (mean = 100),log(percentage index / 100),FALSE
12f,12f | Wirral 006A,cyclist,Halton 007A | waterfront rbt,Halton 007A,waterfront rbt,Waterfront Rbt near Grn Oaks Way,49530;49531;49532,3,Halton,12.143,58.639,46.496,7,1,6,Path/cycle facility;Road,Other / crossing;Path/cycle facility;Road,FALSE,0,0,0,0,0,,,,,,Inf,Inf,Inf,,FALSE,Inf,Inf,188,FALSE,Pre-installation percentage index (mean = 100),log(percentage index / 100),FALSE
12f,12f | Wirral 006A,cyclist,St. Helens 012E | windle st,St. Helens 012E,windle st,Windle St near North Rd,55118;55119;55120,3,St. Helens,12.143,59.045,46.902,7,1,6,Path/cycle facility;Road,Path/cycle facility;Road,FALSE,0,0,0,0,0,,,,,,Inf,Inf,Inf,,FALSE,Inf,Inf,189,FALSE,Pre-installation percentage index (mean = 100),log(percentage index / 100),FALSE
12f,12f | Wirral 006A,cyclist,St. Helens 017A | fleet ln,St. Helens 017A,fleet ln,Fleet Ln near Broad Ln,51827,1,St. Helens,12.143,59.972,47.829,7,1,6,Path/cycle facility;Road,Path/cycle facility,FALSE,0,0,0,0,0,,,,,,Inf,Inf,Inf,,FALSE,Inf,Inf,190,FALSE,Pre-installation percentage index (mean = 100),log(percentage index / 100),FALSE
12f,12f | Wirral 006A,cyclist,St. Helens 017A | newton rd,St. Helens 017A,newton rd,Newton Rd near Waring Ave,51810;51811;51813,3,St. Helens,12.143,59.972,47.829,7,1,6,Path/cycle facility;Road,Path/cycle facility;Road,FALSE,0,0,0,0,0,,,,,,Inf,Inf,Inf,,FALSE,Inf,Inf,191,FALSE,Pre-installation percentage index (mean = 100),log(percentage index / 100),FALSE
12f,12f | Wirral 006A,cyclist,Halton 007D | victoria rd,Halton 007D,victoria rd,Victoria Rd near Ashley Way West,51662;51663;51679,3,Halton,12.143,60.023,47.88,7,1,6,Path/cycle facility;Road,Path/cycle facility;Road,FALSE,0,0,0,0,0,,,,,,Inf,Inf,Inf,,FALSE,Inf,Inf,192,FALSE,Pre-installation percentage index (mean = 100),log(percentage index / 100),FALSE
12f,12f | Wirral 006A,cyclist,Halton 007D | waterloo rd,Halton 007D,waterloo rd,Waterloo Rd near West Bank St,50313;50314;50315,3,Halton,12.143,60.023,47.88,7,1,6,Path/cycle facility;Road,Path/cycle facility;Road,FALSE,0,0,0,0,0,,,,,,Inf,Inf,Inf,,FALSE,Inf,Inf,193,FALSE,Pre-installation percentage index (mean = 100),log(percentage index / 100),FALSE
12f,12f | Wirral 006A,cyclist,Knowsley 020C | higher rd,Knowsley 020C,higher rd,"Higher Rd, E of Old Hutte Ln; Higher Rd, W of Old Hutte Ln",49271;49272;49273;49274;49275;49399;49400,7,Knowsley,12.143,60.604,48.461,7,1,6,Path/cycle facility;Road,Other / crossing;Path/cycle facility;Road,FALSE,0,0,0,0,0,,,,,,Inf,Inf,Inf,,FALSE,Inf,Inf,194,FALSE,Pre-installation percentage index (mean = 100),log(percentage index / 100),FALSE
12f,12f | Wirral 006A,cyclist,Knowsley 020C | old hutte ln,Knowsley 020C,old hutte ln,Old Hutte Ln near Higher Rd,49276;49277;49278,3,Knowsley,12.143,60.604,48.461,7,1,6,Path/cycle facility;Road,Other / crossing;Path/cycle facility;Road,FALSE,0,0,0,0,0,,,,,,Inf,Inf,Inf,,FALSE,Inf,Inf,195,FALSE,Pre-installation percentage index (mean = 100),log(percentage index / 100),FALSE
12f,12f | Wirral 006A,cyclist,Sefton 038B | cambridge rd,Sefton 038B,cambridge rd,Cambridge Rd near Sidney Rd,50018;50019;50020,3,Sefton,12.143,61.295,49.152,7,1,6,Path/cycle facility;Road,Path/cycle facility;Road,FALSE,0,0,0,0,0,,,,,,Inf,Inf,Inf,,FALSE,Inf,Inf,196,FALSE,Pre-installation percentage index (mean = 100),log(percentage index / 100),FALSE
12f,12f | Wirral 006A,cyclist,Halton 007C | dundalk rd,Halton 007C,dundalk rd,Dundalk Rd,46457;46458;46459,3,Halton,12.143,62.648,50.505,7,1,6,Path/cycle facility;Road,Path/cycle facility;Road,FALSE,6,0.031413612565445,0,1,1,73,75.1111111111111,1.02852852852853,-0.135341347869762,0.0204386676772738,0.155780015547036,Inf,0.239692698766629,-1,FALSE,Inf,Inf,197,FALSE,Pre-installation percentage index (mean = 100),log(percentage index / 100),FALSE
12f,12f | Wirral 006A,cyclist,Wirral 005A | egremont promenade,Wirral 005A,egremont promenade,Egremont Promenade,49587;49588;49589,3,Wirral,12.143,63.141,50.998,7,1,6,Path/cycle facility;Road,Path/cycle facility,FALSE,0,0,0,0,0,,,,,,Inf,Inf,Inf,,FALSE,Inf,Inf,198,FALSE,Pre-installation percentage index (mean = 100),log(percentage index / 100),FALSE
12f,12f | Wirral 006A,cyclist,Liverpool 038C | wellington rd,Liverpool 038C,wellington rd,Wellington Rd,53536;53537;53538;53668,4,Liverpool,12.143,63.285,51.142,7,1,6,Path/cycle facility;Road,Other / crossing;Path/cycle facility;Road,FALSE,0,0,0,0,0,,,,,,Inf,Inf,Inf,,FALSE,Inf,Inf,199,FALSE,Pre-installation percentage index (mean = 100),log(percentage index / 100),FALSE
12f,12f | Wirral 006A,cyclist,Wirral 010G | beaufort rd,Wirral 010G,beaufort rd,Beaufort Rd near Ilchester Rd,50825;50828;50829;50830,4,Wirral,12.143,63.355,51.212,7,1,6,Path/cycle facility;Road,Other / crossing;Path/cycle facility;Road,FALSE,0,0,0,0,0,,,,,,Inf,Inf,Inf,,FALSE,Inf,Inf,200,FALSE,Pre-installation percentage index (mean = 100),log(percentage index / 100),FALSE
12f,12f | Wirral 006A,cyclist,Liverpool 031G | quorn st,Liverpool 031G,quorn st,Quorn St near Wedgewood St,49394,1,Liverpool,12.143,63.779,51.636,7,1,6,Path/cycle facility;Road,Road,FALSE,0,0,0,0,0,,,,,,Inf,Inf,Inf,,FALSE,Inf,Inf,201,FALSE,Pre-installation percentage index (mean = 100),log(percentage index / 100),FALSE
12f,12f | Wirral 006A,cyclist,Liverpool 023C | shaw st,Liverpool 023C,shaw st,Shaw St near William Henry St,52815;52816;52817;52818,4,Liverpool,12.143,65.01,52.867,7,1,6,Path/cycle facility;Road,Path/cycle facility;Road,FALSE,0,0,0,0,0,,,,,,Inf,Inf,Inf,,FALSE,Inf,Inf,202,FALSE,Pre-installation percentage index (mean = 100),log(percentage index / 100),FALSE
12f,12f | Wirral 006A,cyclist,St. Helens 014C | peasley cross ln,St. Helens 014C,peasley cross ln,Peasley Cross Ln near Parr St,54619;54620;54621;54622,4,St. Helens,12.143,65.045,52.902,7,1,6,Path/cycle facility;Road,Path/cycle facility;Road,FALSE,0,0,0,0,0,,,,,,Inf,Inf,Inf,,FALSE,Inf,Inf,203,FALSE,Pre-installation percentage index (mean = 100),log(percentage index / 100),FALSE
12f,12f | Wirral 006A,cyclist,St. Helens 014C | waterside,St. Helens 014C,waterside,Waterside near Standish St,51846;51847,2,St. Helens,12.143,65.045,52.902,7,1,6,Path/cycle facility;Road,Path/cycle facility;Road,FALSE,0,0,0,0,0,,,,,,Inf,Inf,Inf,,FALSE,Inf,Inf,204,FALSE,Pre-installation percentage index (mean = 100),log(percentage index / 100),FALSE
12f,12f | Wirral 006A,cyclist,Liverpool 039D | lodge ln,Liverpool 039D,lodge ln,Lodge Ln near Tunnel Rd,49964,1,Liverpool,12.143,65.143,53,7,1,6,Path/cycle facility;Road,Path/cycle facility,FALSE,0,0,0,0,0,,,,,,Inf,Inf,Inf,,FALSE,Inf,Inf,205,FALSE,Pre-installation percentage index (mean = 100),log(percentage index / 100),FALSE
12f,12f | Wirral 006A,cyclist,Wirral 009A | wirral circular,Wirral 009A,wirral circular,Wirral Circular near Scoresby Rd,50835,1,Wirral,12.143,67.045,54.902,7,1,6,Path/cycle facility;Road,Path/cycle facility,FALSE,0,0,0,0,0,,,,,,Inf,Inf,Inf,,FALSE,Inf,Inf,206,FALSE,Pre-installation percentage index (mean = 100),log(percentage index / 100),FALSE
12f,12f | Wirral 006A,cyclist,Liverpool 044A | st james pl,Liverpool 044A,st james pl,St James Pl near Hill St,50705;50710,2,Liverpool,12.143,68.396,56.253,7,1,6,Path/cycle facility;Road,Other / crossing;Road,FALSE,0,0,0,0,0,,,,,,Inf,Inf,Inf,,FALSE,Inf,Inf,207,FALSE,Pre-installation percentage index (mean = 100),log(percentage index / 100),FALSE
12f,12f | Wirral 006A,cyclist,Liverpool 030A | holt rd,Liverpool 030A,holt rd,Holt Rd near Edge Ln,49388;49389;49390,3,Liverpool,12.143,69.234,57.091,7,1,6,Path/cycle facility;Road,Path/cycle facility;Road,FALSE,0,0,0,0,0,,,,,,Inf,Inf,Inf,,FALSE,Inf,Inf,208,FALSE,Pre-installation percentage index (mean = 100),log(percentage index / 100),FALSE
12f,12f | Wirral 006A,cyclist,Liverpool 030A | ling st,Liverpool 030A,ling st,Ling St near Holt Rd,49969,1,Liverpool,12.143,69.234,57.091,7,1,6,Path/cycle facility;Road,Road,FALSE,0,0,0,0,0,,,,,,Inf,Inf,Inf,,FALSE,Inf,Inf,209,FALSE,Pre-installation percentage index (mean = 100),log(percentage index / 100),FALSE
12f,12f | Wirral 006A,cyclist,Liverpool 030A | quorn st,Liverpool 030A,quorn st,Quorn St near Brae St,49395,1,Liverpool,12.143,69.234,57.091,7,1,6,Path/cycle facility;Road,Road,FALSE,0,0,0,0,0,,,,,,Inf,Inf,Inf,,FALSE,Inf,Inf,210,FALSE,Pre-installation percentage index (mean = 100),log(percentage index / 100),FALSE
12f,12f | Wirral 006A,cyclist,Liverpool 030A | wedgewood st,Liverpool 030A,wedgewood st,Wedgewood St near Quorn St,49396,1,Liverpool,12.143,69.234,57.091,7,1,6,Path/cycle facility;Road,Road,FALSE,0,0,0,0,0,,,,,,Inf,Inf,Inf,,FALSE,Inf,Inf,211,FALSE,Pre-installation percentage index (mean = 100),log(percentage index / 100),FALSE
12f,12f | Wirral 006A,cyclist,Liverpool 039B | lodge ln,Liverpool 039B,lodge ln,Lodge Ln near Tunnel Rd,49962;49963,2,Liverpool,12.143,70.045,57.902,7,1,6,Path/cycle facility;Road,Path/cycle facility;Road,FALSE,0,0,0,0,0,,,,,,Inf,Inf,Inf,,FALSE,Inf,Inf,212,FALSE,Pre-installation percentage index (mean = 100),log(percentage index / 100),FALSE
12f,12f | Wirral 006A,cyclist,Wirral 016F | argyle st,Wirral 016F,argyle st,Argyle St near Bridge St,46429;46430;46431,3,Wirral,12.143,71.864,59.721,7,1,6,Path/cycle facility;Road,Path/cycle facility;Road,FALSE,6,0.031413612565445,0,1,1,68,21.9444444444444,0.332528180354267,-0.183462458229746,-0.164549387048157,0.0189130711815897,Inf,0.289482539505088,1,FALSE,Inf,Inf,213,FALSE,Pre-installation percentage index (mean = 100),log(percentage index / 100),FALSE
12f,12f | Wirral 006A,cyclist,Wirral 016F | hamilton st,Wirral 016F,hamilton st,Hamilton St near Hamilton Sq,47771,1,Wirral,12.143,71.864,59.721,7,1,6,Path/cycle facility;Road,Road,FALSE,0,0,0,0,0,,,,,,Inf,Inf,Inf,,FALSE,Inf,Inf,214,FALSE,Pre-installation percentage index (mean = 100),log(percentage index / 100),FALSE
12f,12f | Wirral 006A,cyclist,Wirral 016G | argyle st,Wirral 016G,argyle st,Argyle St; Argyle St near Hamilton Sq,46424;46425;46426;46427;46428,5,Wirral,12.143,71.864,59.721,7,1,6,Path/cycle facility;Road,Path/cycle facility;Road,FALSE,7,0.0366492146596859,0,1,0.942857142857143,70.3333333333333,51.6952380952381,0.73871829105474,-0.0574938379869238,-0.0246091523278408,0.032884685659083,Inf,0.229321131976927,1,FALSE,Inf,Inf,215,FALSE,Pre-installation percentage index (mean = 100),log(percentage index / 100),FALSE
12f,12f | Wirral 006A,cyclist,Wirral 016G | chester st,Wirral 016G,chester st,Chester St,46436;46437;46438,3,Wirral,12.143,71.864,59.721,7,1,6,Path/cycle facility;Road,Other / crossing;Road,FALSE,7,0.0366492146596859,0,1,0.952380952380952,70.3333333333333,27.0238095238095,0.392857142857143,-0.0574938379869238,-0.206412435277933,0.148918597291009,Inf,0.230653535300114,1,FALSE,Inf,Inf,216,FALSE,Pre-installation percentage index (mean = 100),log(percentage index / 100),FALSE
12f,12f | Wirral 006A,cyclist,Wirral 016G | hamilton st,Wirral 016G,hamilton st,Hamilton St near Chester St; Hamilton St near Hamilton Sq; Hamilton St near Shore Rd,46432;46433;46434;46435;47770,5,Wirral,12.143,71.864,59.721,7,1,6,Path/cycle facility;Road,Other / crossing;Road,FALSE,7,0.0366492146596859,0,1,1,70.3333333333333,31.6071428571429,0.457109479305741,-0.0574938379869238,-0.0461620417631626,0.0113317962237612,Inf,0.109405212573841,1,FALSE,Inf,Inf,217,FALSE,Pre-installation percentage index (mean = 100),log(percentage index / 100),FALSE
12f,12f | Wirral 006A,cyclist,Liverpool 022D | boundary st,Liverpool 022D,boundary st,Boundary St; Boundary St near Commercial Rd,46780;46781;46782;46786;46787;46789,6,Liverpool,12.143,72.513,60.37,7,1,6,Path/cycle facility;Road,Path/cycle facility;Road,FALSE,0,0,0,0,0,,,,,,Inf,Inf,Inf,,FALSE,Inf,Inf,218,FALSE,Pre-installation percentage index (mean = 100),log(percentage index / 100),FALSE
12f,12f | Wirral 006A,cyclist,Liverpool 022D | vauxhall rd,Liverpool 022D,vauxhall rd,Vauxhall Rd near Boundary St,46776;46777;46778;46779,4,Liverpool,12.143,72.513,60.37,7,1,6,Path/cycle facility;Road,Other / crossing;Path/cycle facility;Road,FALSE,0,0,0,0,0,,,,,,Inf,Inf,Inf,,FALSE,Inf,Inf,219,FALSE,Pre-installation percentage index (mean = 100),log(percentage index / 100),FALSE
12f,12f | Wirral 006A,cyclist,Sefton 036C | chesnut grove,Sefton 036C,chesnut grove,Chesnut Grove,50017,1,Sefton,12.143,74.774,62.631,7,1,6,Path/cycle facility;Road,Path/cycle facility,FALSE,0,0,0,0,0,,,,,,Inf,Inf,Inf,,FALSE,Inf,Inf,220,FALSE,Pre-installation percentage index (mean = 100),log(percentage index / 100),FALSE
12f,12f | Wirral 006A,cyclist,Wirral 008C | birkenhead rd,Wirral 008C,birkenhead rd,Birkenhead Rd,49567;49568,2,Wirral,12.143,76.106,63.963,7,1,6,Path/cycle facility;Road,Path/cycle facility;Road,FALSE,0,0,0,0,0,,,,,,Inf,Inf,Inf,,FALSE,Inf,Inf,221,FALSE,Pre-installation percentage index (mean = 100),log(percentage index / 100),FALSE
12f,12f | Wirral 006A,cyclist,Sefton 037B | chesnut grove,Sefton 037B,chesnut grove,Chesnut Grove,50015;50016,2,Sefton,12.143,77.125,64.982,7,1,6,Path/cycle facility;Road,Path/cycle facility;Road,FALSE,0,0,0,0,0,,,,,,Inf,Inf,Inf,,FALSE,Inf,Inf,222,FALSE,Pre-installation percentage index (mean = 100),log(percentage index / 100),FALSE
12f,12f | Wirral 006A,pedestrian,Sefton 009A | dover rd,Sefton 009A,dover rd,Dover Rd near Conyers Ave,40743;40744,2,Sefton,12.143,8.868,3.275,7,8,1,Path/cycle facility;Road,Path/cycle facility;Road,TRUE,187,0.979057591623037,0.923076923076923,1,1,73.4331550802139,82.8770053475935,1.12687693081399,0.976754783013731,1.15323685077847,0.176482067764738,0.0551654965593636,0.133917105504611,0.932767840461828,TRUE,0.115996825541551,0.198746825541551,1,TRUE,Pre-installation percentage index (mean = 100),log(percentage index / 100),FALSE
12f,12f | Wirral 006A,pedestrian,Sefton 011D | liverpool rd,Sefton 011D,liverpool rd,Liverpool Rd near Saint Thomas More Dr,22871;26532;40723;40724,4,Sefton,12.143,15.515,3.372,7,6,1,Path/cycle facility;Road,Other / crossing;Path/cycle facility;Road,TRUE,191,1,1,1,0.992146596858639,72.9476439790576,67.9908376963351,0.932968705749079,0.982500253626245,0.52743334366735,0.455066909958895,0.14384625048163,0.133557777693593,0.855807997512723,TRUE,0.191518711830505,0.275238711830505,2,FALSE,Pre-installation percentage index (mean = 100),log(percentage index / 100),FALSE
12f,12f | Wirral 006A,pedestrian,Sefton 002C | preston new rd,Sefton 002C,preston new rd,Preston New Rd near Mallee Cres; Preston New Rd near Rathmore Cres,40730;40731;40732;40733,4,Sefton,12.143,7.648,4.495,7,9,2,Path/cycle facility;Road,Path/cycle facility;Road,FALSE,190,0.994764397905759,0.967741935483871,1,0.994736842105263,73.1491228070175,93.6092105263158,1.27593162190938,0.981339699581438,0.696773675426153,0.284566024155285,0.113644063494141,0.231025639359754,0.808486374684449,FALSE,0.211365065122857,0.356315065122857,3,FALSE,Pre-installation percentage index (mean = 100),log(percentage index / 100),FALSE
12f,12f | Wirral 006A,pedestrian,Sefton 009F | waterloo rd,Sefton 009F,waterloo rd,Waterloo Rd near Cromer Rd; Waterloo Rd near Grnbank Dr,22870;40725;40726,3,Sefton,12.143,7.398,4.745,7,9,2,Path/cycle facility;Road,Other / crossing;Path/cycle facility;Road,FALSE,191,1,1,1,0.989528795811518,72.9476439790576,65.7722513089005,0.9029665817049,0.982500253626245,0.441236305886436,0.541263947739809,0.182507627720715,0.149470606265515,0.66601624417052,FALSE,0.25130742919663,0.39875742919663,4,FALSE,Pre-installation percentage index (mean = 100),log(percentage index / 100),FALSE
12f,12f | Wirral 006A,pedestrian,Sefton 009F | trafalgar rd,Sefton 009F,trafalgar rd,Trafalgar Rd near Churchfields,40727;40728;40729,3,Sefton,12.143,7.398,4.745,7,9,2,Path/cycle facility;Road,Path/cycle facility;Road,FALSE,185,0.968586387434555,0.935483870967742,1,1,73.0126126126126,103.181981981982,1.40762470482265,0.995342532613557,0.641084415372252,0.354258117241306,0.137815519670479,0.229113781409685,0.877429345077337,FALSE,0.258663667158395,0.406113667158395,5,FALSE,Pre-installation percentage index (mean = 100),log(percentage index / 100),FALSE
12f,12f | Wirral 006A,pedestrian,Sefton 003D | park cres,Sefton 003D,park cres,Park Cres,40720;40721;40722,3,Sefton,12.143,18.584,6.441,7,5,2,Path/cycle facility;Road,Path/cycle facility;Road,FALSE,181,0.947643979057592,0.875,1,1,73.1749539594843,143.36832412523,1.94632172207463,0.994458859457061,0.926552498288134,0.0679063611689265,0.0400872373429043,0.0898859817233041,0.953274115100911,FALSE,0.247305413942057,0.411715413942057,6,FALSE,Pre-installation percentage index (mean = 100),log(percentage index / 100),FALSE
12f,12f | Wirral 006A,pedestrian,Wirral 003B | harrison dr,Wirral 003B,harrison dr,Harrison Dr,23802;23803;23804,3,Wirral,12.143,9.32,2.823,7,8,1,Path/cycle facility;Road,Path/cycle facility;Road,TRUE,145,0.759162303664922,0.483870967741936,1,1,68.9885057471264,153.034482758621,2.20085399901462,0.827724098530642,0.605981129867996,0.221742968662646,0.109670339044633,0.0620174041996478,0.889008454867411,FALSE,0.369172681260965,0.447402681260965,7,FALSE,Pre-installation percentage index (mean = 100),log(percentage index / 100),FALSE
12f,12f | Wirral 006A,pedestrian,Wirral 019B | upton rd,Wirral 019B,upton rd,Upton Rd near Westwood Rd,41136;41137,2,Wirral,12.143,21.574,9.431,7,4,3,Path/cycle facility;Road,Path/cycle facility;Road,FALSE,190,0.994764397905759,0.9375,1,1,73.2140350877193,78.8631578947369,1.07611933241927,0.967556073022256,0.484068273118252,0.483487799904003,0.157112593493666,0.139830460352525,0.76533263923011,FALSE,0.215139438689371,0.459449438689371,8,FALSE,Pre-installation percentage index (mean = 100),log(percentage index / 100),FALSE
12f,12f | Wirral 006A,pedestrian,Wirral 013B | meols parade,Wirral 013B,meols parade,Meols Parade,45760;45761;45762;45763,4,Wirral,12.143,5.71,6.433,7,10,3,Path/cycle facility;Road,Other / crossing;Path/cycle facility;Road,FALSE,57,0.298429319371728,0,1,1,95.0701754385965,148.263157894737,1.55368882395909,0.18692752483896,0.164536859689352,0.0223906651496087,0.0216146504055886,0.129132758867716,0.784861038019492,FALSE,0.261615899458292,0.475945899458293,9,FALSE,Pre-installation percentage index (mean = 100),log(percentage index / 100),FALSE
12f,12f | Wirral 006A,pedestrian,Wirral 034B | arrowe park rd,Wirral 034B,arrowe park rd,Arrowe Park Rd,23796;23797;23798,3,Wirral,12.143,18.837,6.694,7,5,2,Path/cycle facility;Road,Path/cycle facility,FALSE,181,0.947643979057592,0.9,1,1,71.9208103130755,34.622467771639,0.488508940297,0.945607726091646,0.655539834763751,0.290067891327896,0.0941577077906207,0.133306187331724,0.862566693317682,FALSE,0.340959516679903,0.507899516679903,10,FALSE,Pre-installation percentage index (mean = 100),log(percentage index / 100),FALSE
12f,12f | Wirral 006A,pedestrian,Liverpool 047D | woolton rd,Liverpool 047D,woolton rd,Woolton Rd near Hope Park,22868;22869,2,Liverpool,12.143,7.072,5.071,7,9,2,Path/cycle facility;Road,Other / crossing;Path/cycle facility,FALSE,190,0.994764397905759,0.964285714285714,1,1,72.5947368421053,148.244736842105,2.02792676821855,0.980201428369987,0.755491991223833,0.224709437146155,0.164696353321527,0.218164280998005,0.664417549924931,FALSE,0.358642989867896,0.509352989867896,11,FALSE,Pre-installation percentage index (mean = 100),log(percentage index / 100),FALSE
12f,12f | Wirral 006A,pedestrian,Wirral 009B | fender ln,Wirral 009B,fender ln,Fender Ln near Hoylake Rd,16367;16368;16390;16391;52615,5,Wirral,12.143,25.557,13.414,7,4,3,Path/cycle facility;Road,Path/cycle facility;Road,FALSE,190,0.994764397905759,0.966666666666667,1,0.991578947368421,72.9982456140351,65.0449122807018,0.892519974394841,0.983335430786004,1.29066438485772,0.307328954071713,0.578172028658971,0.205075793927481,0.547771552780317,FALSE,0.29465848335873,0.57879848335873,12,FALSE,Pre-installation percentage index (mean = 100),log(percentage index / 100),FALSE
12f,12f | Wirral 006A,pedestrian,Sefton 004D | hawkshead st,Sefton 004D,hawkshead st,Hawkshead St near Kestrel Ct,40734;40735;40736,3,Sefton,12.143,33.442,21.299,7,2,5,Path/cycle facility;Road,Path/cycle facility;Road,FALSE,188,0.984293193717278,0.9375,1,1,72.7056737588653,73.5975177304965,1.01210007216743,0.976974779152502,0.657139981203334,0.319834797949168,0.119002187328795,0.228517073426159,0.843934546136706,FALSE,0.14973596545134,0.61272596545134,13,FALSE,Pre-installation percentage index (mean = 100),log(percentage index / 100),FALSE
12f,12f | Wirral 006A,pedestrian,Sefton 008E | warwick st,Sefton 008E,warwick st,Warwick St near Warwick Close,45846;45847;45848,3,Sefton,12.143,23.844,11.701,7,4,3,Path/cycle facility;Road,Path/cycle facility;Road,FALSE,56,0.293193717277487,0,1,1,95.2797619047619,134.660714285714,1.40902627511592,0.192463605130384,0.413357815585574,0.22089421045519,0.0604609917236495,0.116597848788575,0.181843193149606,FALSE,0.349001194899219,0.616011194899219,14,FALSE,Pre-installation percentage index (mean = 100),log(percentage index / 100),FALSE
12f,12f | Wirral 006A,pedestrian,Sefton 026B | maghull ln,Sefton 026B,maghull ln,Maghull Ln near Maghull Ln Interchange,40745;40746,2,Sefton,12.143,26.451,14.308,7,4,3,Path/cycle facility;Road,Other / crossing;Path/cycle facility,FALSE,190,0.994764397905759,0.967741935483871,1,1,73.1491228070175,33.8236842105263,0.469643913403526,0.981339699581438,0.773141318091824,0.208198381489614,0.118938230085616,0.105534015684103,0.882693365033448,FALSE,0.326730140529655,0.619810140529655,15,FALSE,Pre-installation percentage index (mean = 100),log(percentage index / 100),FALSE
12f,12f | Wirral 006A,pedestrian,Liverpool 060C | london rd,Liverpool 060C,london rd,"London Rd - Eastbound, near Norton St; London Rd - Westbound, near Norton St",23807;23808,2,Liverpool,12.143,24.01,11.867,7,4,3,Path/cycle facility;Road,Road,FALSE,190,0.994764397905759,0.964285714285714,1,0.992105263157895,72.5947368421053,126.194736842105,1.72831295144104,0.980201428369987,0.404160951534499,0.576040476835488,0.203626738351241,0.127063055499815,0.756755362747291,FALSE,0.388352195429543,0.657022195429543,16,FALSE,Pre-installation percentage index (mean = 100),log(percentage index / 100),FALSE
12f,12f | Wirral 006A,pedestrian,St. Helens 022F | clock face rd,St. Helens 022F,clock face rd,Clock Face Rd; Clock Face Rd near Chester Ln; Clock Face Rd near Four Acre Ln,16354;16355;16396;47639;47641;47642;47825;52939,8,St. Helens,12.143,17.475,5.332,7,6,1,Path/cycle facility;Road,Other / crossing;Path/cycle facility;Road,TRUE,158,0.827225130890052,0.580645161290323,1,0.932489451476793,69.3270042194093,164.894514767932,2.35890205489725,0.949896796566949,0.32153035062702,0.628366445939929,0.25233155151696,0.314152774594187,0.453096911949854,FALSE,0.584104404812431,0.687424404812431,17,FALSE,Pre-installation percentage index (mean = 100),log(percentage index / 100),FALSE
12f,12f | Wirral 006A,pedestrian,St. Helens 024E | peasley cross ln,St. Helens 024E,peasley cross ln,Peasley Cross Ln near McManus Dr,22882;22883,2,St. Helens,12.143,40.867,28.724,7,2,5,Path/cycle facility;Road,Path/cycle facility;Road,FALSE,189,0.989528795811518,0.9375,1,1,73.2627865961199,65.5925925925926,0.896715510485192,0.979022631204719,0.733776327301112,0.245246303903606,0.0794271993985072,0.253714090081414,0.797235320321021,FALSE,0.15919844020443,0.69643844020443,18,FALSE,Pre-installation percentage index (mean = 100),log(percentage index / 100),FALSE
12f,12f | Wirral 006A,pedestrian,St. Helens 020F | clock face rd,St. Helens 020F,clock face rd,Clock Face Rd near Gartons Ln,22898;22899;22900,3,St. Helens,12.143,25.825,13.682,7,4,3,Path/cycle facility;Road,Path/cycle facility;Road,FALSE,189,0.989528795811518,0.9375,1,1,73.2716049382716,187.708994708995,2.54079597264438,0.983895437451713,0.622473608688308,0.361421828763405,0.120538968369956,0.192409786925998,0.844893394269938,FALSE,0.432606672438546,0.719426672438546,19,FALSE,Pre-installation percentage index (mean = 100),log(percentage index / 100),FALSE
12f,12f | Wirral 006A,pedestrian,Liverpool 042C | fir ln,Liverpool 042C,fir ln,Fir Ln near Prince Alfred Rd,23780;23781,2,Liverpool,12.143,34.15,22.007,7,2,5,Path/cycle facility;Road,Path/cycle facility;Road,FALSE,162,0.848167539267016,0.692307692307692,1,1,72.8765432098765,107.493827160494,1.46858288770054,0.977878903763334,0.85617880640539,0.121700097357944,0.139490173132553,0.245252761682576,0.666274047219777,FALSE,0.254486542988598,0.724556542988598,20,FALSE,Pre-installation percentage index (mean = 100),log(percentage index / 100),FALSE
12f,12f | Wirral 006A,pedestrian,Halton 012F | queensway,Halton 012F,queensway,Queensway near New Rbt,40834;40835,2,Halton,12.143,36.719,24.576,7,2,5,Path/cycle facility;Road,Path/cycle facility;Road,FALSE,187,0.979057591623037,0.875,1,1,73.3992869875223,82.5213903743316,1.12261009152331,0.977591407192255,0.451361259513254,0.526230147679,0.19269417304863,0.0521120318739589,0.744755311385673,FALSE,0.242826087868932,0.738586087868933,21,FALSE,Pre-installation percentage index (mean = 100),log(percentage index / 100),FALSE
12f,12f | Wirral 006A,pedestrian,Sefton 038A | stuart rd,Sefton 038A,stuart rd,Stuart Rd,45858;45859;45860;45861,4,Sefton,12.143,29.871,17.728,7,3,4,Path/cycle facility;Road,Path/cycle facility;Road,FALSE,55,0.287958115183246,0,1,1,96.2060606060606,116.040909090909,1.20404950433319,0.178145217582136,0.520722884398111,0.342577666815975,0.0911952135304291,0.133781607746382,-0.168315705024626,FALSE,0.375402423707169,0.752682423707169,22,FALSE,Pre-installation percentage index (mean = 100),log(percentage index / 100),FALSE
12f,12f | Wirral 006A,pedestrian,Sefton 004D | hall st,Sefton 004D,hall st,Hall St near East St,40737;40738;40739,3,Sefton,12.143,33.442,21.299,7,2,5,Path/cycle facility;Road,Other / crossing;Path/cycle facility;Road,FALSE,188,0.984293193717278,0.928571428571429,1,1,72.7570921985816,89.5514184397163,1.22769778119666,0.979876595546164,0.293019612770352,0.686856982775812,0.218851749631058,0.229707184978058,0.765310022661342,FALSE,0.32782328861292,0.79081328861292,23,FALSE,Pre-installation percentage index (mean = 100),log(percentage index / 100),FALSE
12f,12f | Wirral 006A,pedestrian,Liverpool 042C | prince alfred rd,Liverpool 042C,prince alfred rd,Prince Alfred Rd near Fir Ln,22877;22878;22879,3,Liverpool,12.143,34.15,22.007,7,2,5,Path/cycle facility;Road,Path/cycle facility;Road,FALSE,190,0.994764397905759,0.966666666666667,1,1,73.0947368421053,152.936842105263,2.07756783634039,0.981923536165602,0.74481380306381,0.237109733101793,0.0745846803886992,0.197136733460328,0.715222579248581,FALSE,0.343673601571481,0.813743601571481,24,FALSE,Pre-installation percentage index (mean = 100),log(percentage index / 100),FALSE
12f,12f | Wirral 006A,pedestrian,Liverpool 023B | breck rd,Liverpool 023B,breck rd,Breck Rd near Spindle Close,22872;22873;22874,3,Liverpool,12.143,46.712,34.569,7,1,6,Path/cycle facility;Road,Other / crossing;Path/cycle facility,FALSE,187,0.979057591623037,0.923076923076923,1,1,72.7130124777184,146.966131907308,2.00732715885184,0.978539735043838,1.02749029877752,0.0489505637336796,0.0473617413431658,0.120430016955678,0.914930964092088,FALSE,0.256194388380759,0.901884388380759,25,FALSE,Pre-installation percentage index (mean = 100),log(percentage index / 100),FALSE
12f,12f | Wirral 006A,pedestrian,Liverpool 047C | woolton rd,Liverpool 047C,woolton rd,Woolton Rd near Hope Park,22867,1,Liverpool,12.143,3.939,8.204,7,10,3,Path/cycle facility;Road,Path/cycle facility,FALSE,190,0.994764397905759,0.964285714285714,1,1,72.5947368421053,390.868421052632,5.32467996853322,0.980201428369987,0.420309309146221,0.559892119223766,0.194351046329832,0.360564241559319,0.532183774668085,FALSE,0.765434563146494,0.997474563146494,26,FALSE,Pre-installation percentage index (mean = 100),log(percentage index / 100),FALSE
12f,12f | Wirral 006A,pedestrian,St. Helens 022F | chester ln,St. Helens 022F,chester ln,Chester Ln; Chester Ln near Four Acre Ln; Chester Ln near Marshalls Cross Rd,16672;16673;16676;47643;47725;47826;47827,7,St. Helens,12.143,17.475,5.332,7,6,1,Path/cycle facility;Road,Other / crossing;Path/cycle facility;Road,TRUE,189,0.989528795811518,0.961538461538461,1,0.994708994708995,73.0952380952381,200.705467372134,2.72224602494525,0.978018253049982,-0.412029683625471,1.39004793667545,0.64333903098662,0.172672285356682,-0.182507178410222,FALSE,0.914846109350031,1.01816610935003,27,FALSE,Pre-installation percentage index (mean = 100),log(percentage index / 100),FALSE
12f,12f | Wirral 006A,pedestrian,Liverpool 059F | western ave,Liverpool 059F,western ave,Western Ave near of Bray Rd,16361;16386;16387,3,Liverpool,12.143,58.134,45.991,7,1,6,Path/cycle facility;Road,Path/cycle facility;Road,FALSE,189,0.989528795811518,0.964285714285714,1,0.99647266313933,73.2680776014109,84.1693121693122,1.14678223699834,0.986661140097427,0.426625872352339,0.560035267745089,0.191938424580279,0.234168638352602,0.829604328901314,FALSE,0.262426563851138,1.02233656385114,28,FALSE,Pre-installation percentage index (mean = 100),log(percentage index / 100),FALSE
12f,12f | Wirral 006A,pedestrian,St. Helens 022A | warrington rd,St. Helens 022A,warrington rd,Warrington Rd near Clock Face Rd,22894;22895;22896,3,St. Helens,12.143,40.354,28.211,7,2,5,Path/cycle facility;Road,Other / crossing;Path/cycle facility,FALSE,191,1,1,1,1,72.9476439790576,14.5479930191972,0.210256773340886,0.982500253626245,0.972533638937696,0.00996661468854865,0.0940023789431341,0.187138624106372,0.922831271518034,FALSE,0.515550594218321,1.04766059421832,29,FALSE,Pre-installation percentage index (mean = 100),log(percentage index / 100),FALSE
12f,12f | Wirral 006A,pedestrian,Halton 015B | crown gate,Halton 015B,crown gate,Crown Gate,16363,1,Halton,12.143,58.811,46.668,7,1,6,Path/cycle facility;Road,Road,FALSE,191,1,1,1,1,72.9476439790576,81.5916230366492,1.11689323137921,0.982500253626245,0.279655688602049,0.702844565024196,0.241488533446735,0.11701137560117,0.680634384276814,FALSE,0.300811826186173,1.06749182618617,30,FALSE,Pre-installation percentage index (mean = 100),log(percentage index / 100),FALSE
12f,12f | Wirral 006A,pedestrian,Knowsley 003D | cherryfield dr,Knowsley 003D,cherryfield dr,Cherryfield Dr near Cherryfield Cres,16347;16348;16349,3,Knowsley,12.143,60.307,48.164,7,1,6,Path/cycle facility;Road,Path/cycle facility;Road,FALSE,191,1,1,1,1,72.9476439790576,82.9075043630018,1.13468800151043,0.982500253626245,0.340438954190252,0.642061299435992,0.237330935911867,0.236140205480354,0.659711561498361,FALSE,0.303531693821827,1.08517169382183,31,FALSE,Pre-installation percentage index (mean = 100),log(percentage index / 100),FALSE
12f,12f | Wirral 006A,pedestrian,Liverpool 022D | commercial rd,Liverpool 022D,commercial rd,Commercial Rd near Boundary St,16379;16380;16402;16403,4,Liverpool,12.143,72.513,60.37,7,1,6,Path/cycle facility;Road,Path/cycle facility;Road,FALSE,191,1,1,1,0.968586387434555,72.9476439790576,64.6282722513089,0.887496459926367,0.982500253626245,0.474015062918029,0.508485190708216,0.181294665414703,0.189756616418118,0.856991304613828,FALSE,0.234032666505461,1.13773266650546,32,FALSE,Pre-installation percentage index (mean = 100),log(percentage index / 100),FALSE
12f,12f | Wirral 006A,pedestrian,Sefton 003B | marshside rd,Sefton 003B,marshside rd,Marshside Rd near Fylde Rd,22884;22885;22886,3,Sefton,12.143,40.465,28.322,7,2,5,Path/cycle facility;Road,Path/cycle facility;Road,FALSE,191,1,1,1,1,72.9476439790576,177.652705061082,2.41593505144907,0.982500253626245,0.253585212201452,0.728915041424793,0.268684122093777,0.380780646276682,0.252392398866775,FALSE,0.613430328625802,1.1466503286258,33,FALSE,Pre-installation percentage index (mean = 100),log(percentage index / 100),FALSE
12f,12f | Wirral 006A,pedestrian,Sefton 004H | king st,Sefton 004H,king st,King St near Wellington St,40740;40741;40742,3,Sefton,12.143,55.692,43.549,7,1,6,Path/cycle facility;Road,Path/cycle facility;Road,FALSE,188,0.984293193717278,0.9375,1,1,73.1223404255319,174.962765957447,2.37395048439182,0.968961402521011,0.60419065428602,0.364770748234991,0.157180493566226,0.186768639214906,0.84280868355213,FALSE,0.420301753205628,1.15579175320563,34,FALSE,Pre-installation percentage index (mean = 100),log(percentage index / 100),FALSE
12f,12f | Wirral 006A,pedestrian,Halton 014D | murdishaw centre,Halton 014D,murdishaw centre,Murdishaw Centre,23806,1,Halton,12.143,58.314,46.171,7,1,6,Path/cycle facility;Road,Road,FALSE,191,1,1,1,1,72.9476439790576,155.329842931937,2.11406117247239,0.982500253626245,0.598430852978069,0.384069400648175,0.147919887737194,0.28629829406636,0.797684368735733,FALSE,0.399045967402314,1.16075596740231,35,FALSE,Pre-installation percentage index (mean = 100),log(percentage index / 100),FALSE
12f,12f | Wirral 006A,pedestrian,Knowsley 008F | stockbridge ln,Knowsley 008F,stockbridge ln,Stockbridge Ln near Waterpark Dr,23811;23812;23813,3,Knowsley,12.143,77.148,65.005,7,1,6,Path/cycle facility;Road,Path/cycle facility;Road,FALSE,190,0.994764397905759,0.9375,1,1,73.1175438596491,134.071929824561,1.82240159064549,0.97927360440876,0.966492022729388,0.0127815816793713,0.0472168259310208,0.142693423980961,0.931697138686785,FALSE,0.217171725202313,1.16722172520231,36,FALSE,Pre-installation percentage index (mean = 100),log(percentage index / 100),FALSE
12f,12f | Wirral 006A,pedestrian,Sefton 029B | ashbourne ave,Sefton 029B,ashbourne ave,Ashbourne Ave near Elton Ave,45854,1,Sefton,12.143,40.265,28.122,7,2,5,Path/cycle facility;Road,Path/cycle facility,FALSE,57,0.298429319371728,0,1,1,95.0701754385965,328.631578947368,3.43115412710007,0.18692752483896,0.419393910034183,0.232466385195223,0.0751350903583789,0.214986672305382,0.0325323331464641,FALSE,0.646336587753342,1.17755658775334,37,FALSE,Pre-installation percentage index (mean = 100),log(percentage index / 100),FALSE
12f,12f | Wirral 006A,pedestrian,Sefton 027A | park ln,Sefton 027A,park ln,Park Ln near Deltic Way,45855;45856;45857,3,Sefton,12.143,22.016,9.873,7,4,3,Path/cycle facility;Road,Path/cycle facility;Road,FALSE,54,0.282722513089005,0,1,1,95.9814814814815,350.018518518518,3.61943860989116,0.118131414046715,-0.502661579676252,0.620792993722967,0.399905185615993,0.537928928358543,-0.707193539064166,FALSE,0.931451086743045,1.18018108674305,38,FALSE,Pre-installation percentage index (mean = 100),log(percentage index / 100),FALSE
12f,12f | Wirral 006A,pedestrian,Halton 014D | busway,Halton 014D,busway,Busway near Stockham Ln,22897;54966;54967,3,Halton,12.143,58.314,46.171,7,1,6,Path/cycle facility;Road,Other / crossing;Path/cycle facility,FALSE,162,0.848167539267016,0,1,1,78.0843621399177,30.820987654321,0.40236763366723,0.839584140840779,0.759552429628669,0.0800317112121098,0.0741153184034054,0.310117050220311,0.748338920434111,FALSE,0.421717156498197,1.1834271564982,39,FALSE,Pre-installation percentage index (mean = 100),log(percentage index / 100),FALSE
12f,12f | Wirral 006A,pedestrian,Liverpool 061C | liver st,Liverpool 061C,liver st,Liver St near Park Ln,16364;16365;16388;16389,4,Liverpool,12.143,15.028,2.885,7,6,1,Path/cycle facility;Road,Path/cycle facility;Road,TRUE,191,1,1,1,0.965968586387435,72.9476439790576,1358.81020942408,18.3888239875389,0.982500253626245,0.386176593971653,0.596323659654592,0.20788524275133,0.14817707036796,0.643338152886307,FALSE,1.11636635232154,1.19521635232154,40,FALSE,Pre-installation percentage index (mean = 100),log(percentage index / 100),FALSE
12f,12f | Wirral 006A,pedestrian,Wirral 011E | fender ln,Wirral 011E,fender ln,Fender Ln,16377;16378;16397;51146;51147;51148,6,Wirral,12.143,72.478,60.335,7,1,6,Path/cycle facility;Road,Other / crossing;Path/cycle facility;Road,FALSE,61,0.319371727748691,0,1,0.994535519125683,96.3825136612022,74.1898907103825,0.772108748106167,0.105274876191063,0.289382065865856,0.184107189674793,0.0809657267101017,0.210762427259991,0.373237135239781,FALSE,0.307866071655661,1.21121607165566,41,FALSE,Pre-installation percentage index (mean = 100),log(percentage index / 100),FALSE
12f,12f | Wirral 006A,pedestrian,Wirral 027D | new chester rd,Wirral 027D,new chester rd,New Chester Rd near Bedford Rd; New Chester Rd near St Paul's Rd,16350;16351;16352;16356;16357;16358,6,Wirral,12.143,59.878,47.735,7,1,6,Path/cycle facility;Road,Path/cycle facility;Road,FALSE,114,0.596858638743456,0,1,1,57.3157894736842,103.869883040936,1.79831026875251,0.600961722544523,0.221515081396518,0.379446641148005,0.132423880028626,0.331416059350485,0.661645877782215,FALSE,0.434534767840851,1.21188476784085,42,FALSE,Pre-installation percentage index (mean = 100),log(percentage index / 100),FALSE
12f,12f | Wirral 006A,pedestrian,Halton 006B | cycle ln,Halton 006B,cycle ln,Cycle Ln near Liverpool Rd / Prescott Rd,16366,1,Halton,12.143,38.588,26.445,7,2,5,Path/cycle facility;Road,Path/cycle facility,FALSE,190,0.994764397905759,0.967741935483871,1,1,73.1491228070175,205.384210526316,2.78336685200521,0.981339699581438,0.0658756544425152,0.915464045138923,0.280592650213844,0.294003520531002,0.163951503616397,FALSE,0.706962814177101,1.2214128141771,43,FALSE,Pre-installation percentage index (mean = 100),log(percentage index / 100),FALSE
12f,12f | Wirral 006A,pedestrian,Liverpool 024D | west derby rd,Liverpool 024D,west derby rd,"West Derby Rd - Eastbound, near Sheil Rd; West Derby Rd - Westbound, near Sheil Rd",15104;15106;15160;15161;15162,5,Liverpool,12.143,64.417,52.274,7,1,6,Path/cycle facility;Road,Path/cycle facility;Road,FALSE,187,0.979057591623037,0.935483870967742,1,0.957219251336898,73.3065953654189,120.069875222816,1.62932879144077,0.983071137549426,0.346402771310147,0.636668366239279,0.20379836746693,0.191742689451859,0.694608678329504,FALSE,0.402502574155067,1.22524257415507,44,FALSE,Pre-installation percentage index (mean = 100),log(percentage index / 100),FALSE
12f,12f | Wirral 006A,pedestrian,Liverpool 027A | prescot rd,Liverpool 027A,prescot rd,Prescot Rd near Barrymore Rd; Prescot Rd near Dunmore Rd,22890;22891;22892;22893,4,Liverpool,12.143,60.219,48.076,7,1,6,Path/cycle facility;Road,Path/cycle facility;Road,FALSE,191,1,1,1,0.992146596858639,72.9476439790576,199.787958115183,2.71527187765505,0.982500253626245,0.603193318903193,0.379306934723052,0.14174606034738,0.199386101028757,0.888838494822181,FALSE,0.454291002769499,1.2350510027695,45,FALSE,Pre-installation percentage index (mean = 100),log(percentage index / 100),FALSE
12f,12f | Wirral 006A,pedestrian,Sefton 004I | talbot st,Sefton 004I,talbot st,Talbot St near Portland St,16370;16371;16372,3,Sefton,12.143,55.692,43.549,7,1,6,Path/cycle facility;Road,Other / crossing;Road,FALSE,188,0.984293193717278,0.9375,1,1,72.8847517730497,217.356382978723,2.95536464207722,0.974260714152182,0.537992668793627,0.436268045358555,0.162972367589819,0.184805917929453,0.850358509964389,FALSE,0.504103178442005,1.239593178442,46,FALSE,Pre-installation percentage index (mean = 100),log(percentage index / 100),FALSE
12f,12f | Wirral 006A,pedestrian,Knowsley 002B | kirkby row,Knowsley 002B,kirkby row,Kirkby Row near Whitefield Dr,23789;23790;23791,3,Knowsley,12.143,33.737,21.594,7,2,5,Path/cycle facility;Road,Path/cycle facility;Road,FALSE,167,0.87434554973822,0.5,1,1,74.315369261477,528.920159680639,7.03601621922455,0.903725727567767,0.371674344950304,0.532051382617464,0.192995621954439,0.292031376652706,0.724769457672645,FALSE,0.84493352407121,1.31087352407121,47,FALSE,Pre-installation percentage index (mean = 100),log(percentage index / 100),FALSE
12f,12f | Wirral 006A,pedestrian,Sefton 004G | hoghton st,Sefton 004G,hoghton st,Hoghton St near Hoghton Grove; Hoghton St near Queen's Rd,43340;43342;43343;43493;43494;43495,6,Sefton,12.143,45.56,33.417,7,1,6,Path/cycle facility;Road,Path/cycle facility;Road,FALSE,119,0.62303664921466,0,1,0.970588235294118,59.2212885154062,223.281512605042,3.72428950183729,0.716145161156184,0.220915663954212,0.495229497201973,0.164258793309094,0.266519920779161,0.591800077376068,FALSE,0.688912701840271,1.32308270184027,48,FALSE,Pre-installation percentage index (mean = 100),log(percentage index / 100),FALSE
12f,12f | Wirral 006A,pedestrian,Sefton 037D | merton rd,Sefton 037D,merton rd,Merton Rd near Washington Parade,16353;16392,2,Sefton,12.143,66.265,54.122,7,1,6,Path/cycle facility;Road,Path/cycle facility;Road,FALSE,191,1,1,1,0.986910994764398,72.9476439790576,123.767015706806,1.68723449447748,0.982500253626245,0.293295941909561,0.689204311716684,0.24737455246492,0.518441754858511,0.374162570319322,FALSE,0.493785595571827,1.33500559557183,49,FALSE,Pre-installation percentage index (mean = 100),log(percentage index / 100),FALSE
12f,12f | Wirral 006A,pedestrian,Knowsley 004A | kirkby row,Knowsley 004A,kirkby row,Kirkby Row near Valley Rd,23792;23793;23794,3,Knowsley,12.143,70.978,58.835,7,1,6,Path/cycle facility;Road,Path/cycle facility;Road,FALSE,190,0.994764397905759,0.967741935483871,1,1,73.1,159.942105263158,2.17195823567015,0.987122086669198,0.471394860972406,0.515727225696793,0.196905501235817,0.296713736107238,0.704459071740593,FALSE,0.462101808450743,1.35045180845074,50,FALSE,Pre-installation percentage index (mean = 100),log(percentage index / 100),FALSE
12f,12f | Wirral 006A,pedestrian,Wirral 031C | new chester rd,Wirral 031C,new chester rd,New Chester Rd near Sefton Rd,16381;16382;16383,3,Wirral,12.143,44.541,32.398,7,1,6,Path/cycle facility;Road,Other / crossing;Road,FALSE,189,0.989528795811518,0.9375,1,1,73.1693121693122,449.114638447972,6.06874494697294,0.980108781568519,0.29951564937537,0.680593132193149,0.215353627053939,0.269532289378145,0.752050225632947,FALSE,0.809561321170979,1.43354132117098,51,FALSE,Pre-installation percentage index (mean = 100),log(percentage index / 100),FALSE
12f,12f | Wirral 006A,pedestrian,"St. Helens 024E | linkway east, sw of cannington",St. Helens 024E,"linkway east, sw of cannington","Linkway East, SW of Cannington",45851;45852;45853,3,St. Helens,12.143,40.867,28.724,7,2,5,Path/cycle facility;Road,Path/cycle facility;Road,FALSE,57,0.298429319371728,0,1,1,95.0701754385965,8.35672514619883,0.0973946919892866,0.18692752483896,0.528785574840604,0.341858050001644,0.090663334829169,0.182652431681249,0.531578702129251,FALSE,0.952478156507431,1.48971815650743,52,FALSE,Pre-installation percentage index (mean = 100),log(percentage index / 100),FALSE
12f,12f | Wirral 006A,pedestrian,Sefton 004A | queen's rd,Sefton 004A,queen's rd,Queen's Rd near Hawkshead St,43346;43347,2,Sefton,12.143,40.356,28.213,7,2,5,Path/cycle facility;Road,Road,FALSE,190,0.994764397905759,0.967741935483871,1,1,72.759649122807,6.87894736842105,0.106819208905169,0.992544918464222,0.40548694028469,0.587057978179533,0.287211476461658,0.178480667443354,0.309908317950437,FALSE,0.963923961106839,1.49605396110684,53,FALSE,Pre-installation percentage index (mean = 100),log(percentage index / 100),FALSE
12f,12f | Wirral 006A,pedestrian,Wirral 016C | europa boulevard - norhtbound,Wirral 016C,europa boulevard - norhtbound,Europa Boulevard - Norhtbound,45426;45435;45436,3,Wirral,12.143,75.862,63.719,7,1,6,Path/cycle facility;Road,Other / crossing;Path/cycle facility;Road,FALSE,71,0.3717277486911,0,1,1,94.6995305164319,306.06103286385,3.20859497645212,0.245931986441108,0.399364718431401,0.153432731990294,0.0525844799843973,0.318588220680703,0.467782696003725,FALSE,0.565119185812372,1.50230918581237,54,FALSE,Pre-installation percentage index (mean = 100),log(percentage index / 100),FALSE
12f,12f | Wirral 006A,pedestrian,Halton 007B | grn oaks way,Halton 007B,grn oaks way,Grn Oaks Way,16359;16401,2,Halton,12.143,42.077,29.934,7,2,5,Path/cycle facility;Road,Other / crossing;Road,FALSE,128,0.670157068062827,0,1,1,61.5182291666667,5.4609375,0.103344857749823,0.780300520899184,0.1369512550151,0.643349265884084,0.220132089481418,0.164155310757426,0.427056757059149,FALSE,1.02597086126754,1.57531086126754,55,FALSE,Pre-installation percentage index (mean = 100),log(percentage index / 100),FALSE
12f,12f | Wirral 006A,pedestrian,Wirral 016C | conway st,Wirral 016C,conway st,"Conway St - Eastbound, near Europa Boulevard; Conway St - Westbound , near Europa Boulevard",45425;45427;45428;45429;45434;45437,6,Wirral,12.143,75.862,63.719,7,1,6,Path/cycle facility;Road,Other / crossing;Path/cycle facility;Road,FALSE,88,0.460732984293194,0,1,0.848484848484848,92.7121212121212,333.291666666667,3.56721907841552,0.312782963530853,0.170159196676449,0.142623766854403,0.124245933499319,0.433400837537432,0.255903394233069,FALSE,0.644329877886663,1.58151987788666,56,FALSE,Pre-installation percentage index (mean = 100),log(percentage index / 100),FALSE
12f,12f | Wirral 006A,pedestrian,Liverpool 011C | utting ave east,Liverpool 011C,utting ave east,Utting Ave East near Parthenon Dr,22889,1,Liverpool,12.143,57.15,45.007,7,1,6,Path/cycle facility;Road,Road,FALSE,190,0.994764397905759,0.964285714285714,1,1,72.5947368421053,26.6157894736842,0.375241364514053,0.980201428369987,-0.274774106072485,1.25497553444247,0.46374305951386,0.345938448899647,-0.190345939026409,FALSE,0.856224175102664,1.60629417510266,57,FALSE,Pre-installation percentage index (mean = 100),log(percentage index / 100),FALSE
12f,12f | Wirral 006A,pedestrian,Liverpool 010G | utting ave east,Liverpool 010G,utting ave east,Utting Ave East near Lorenzo Dr,23795,1,Liverpool,12.143,58.76,46.617,7,1,6,Path/cycle facility;Road,Road,FALSE,190,0.994764397905759,0.967741935483871,1,1,73.1,5.57894736842105,0.0887847148234959,0.987122086669198,0.723181625454036,0.263940461215163,0.105241269574668,0.205264325038257,0.712782513890807,FALSE,0.864618465913842,1.63078846591384,58,FALSE,Pre-installation percentage index (mean = 100),log(percentage index / 100),FALSE
12f,12f | Wirral 006A,pedestrian,Liverpool 057D | saint mary's rd,Liverpool 057D,saint mary's rd,Saint Mary's Rd near Sidwell St,16375;16376;16395,3,Liverpool,12.143,45.859,33.716,7,1,6,Path/cycle facility;Road,Path/cycle facility;Road,FALSE,191,1,1,1,0.951134380453752,72.9476439790576,601.458987783595,8.14710185971868,0.982500253626245,0.0314103782284329,0.951089875397812,0.295037499240408,0.313553337831788,0.210329924451537,FALSE,1.03884427020614,1.67600427020614,59,FALSE,Pre-installation percentage index (mean = 100),log(percentage index / 100),FALSE
12f,12f | Wirral 006A,pedestrian,Wirral 016C | europa boulevard - southbound,Wirral 016C,europa boulevard - southbound,Europa Boulevard - Southbound,45430;45438;45439,3,Wirral,12.143,75.862,63.719,7,1,6,Path/cycle facility;Road,Other / crossing;Path/cycle facility;Road,FALSE,83,0.43455497382199,0,1,0.995983935742972,92.7670682730924,392.048192771084,4.19175089943464,0.353854609163441,0.14179957691909,0.212055032244351,0.249687486455359,0.590165792016737,0.0381488266405001,FALSE,0.766561563134039,1.70375156313404,60,FALSE,Pre-installation percentage index (mean = 100),log(percentage index / 100),FALSE
12f,12f | Wirral 006A,pedestrian,Liverpool 060G | leece st,Liverpool 060G,leece st,"Leece St - Eastbound, near Roscoe St; Leece St near Roscoe St",22880;22881;22887;22888,4,Liverpool,12.143,24.323,12.18,7,4,3,Path/cycle facility;Road,Path/cycle facility;Road,FALSE,190,0.994764397905759,0.9375,1,0.981578947368421,72.9842105263158,3263.89342105263,44.1295973536317,0.994041550539853,0.319106649843108,0.674934900696745,0.24248583551145,0.15785924433684,0.402667559975535,FALSE,1.43319710319197,1.70499710319197,61,FALSE,Pre-installation percentage index (mean = 100),log(percentage index / 100),FALSE
12f,12f | Wirral 006A,pedestrian,Wirral 016G | conway st,Wirral 016G,conway st,"Conway St - Westbound, near Argyle St",45432;45433;45440,3,Wirral,12.143,71.864,59.721,7,1,6,Path/cycle facility;Road,Other / crossing;Path/cycle facility;Road,FALSE,74,0.387434554973822,0,1,0.990990990990991,92.8648648648649,737.833333333333,7.87124484115558,0.358110571233396,0.169456515542155,0.188654055691241,0.0745048261075612,0.284535644724124,0.507278929681148,FALSE,0.839833740975524,1.73704374097552,62,FALSE,Pre-installation percentage index (mean = 100),log(percentage index / 100),FALSE
12f,12f | Wirral 006A,pedestrian,Halton 015B | busway,Halton 015B,busway,"Busway near Palacefields Ave; Busway, near Palacefields Ave",16369;22875,2,Halton,12.143,58.811,46.668,7,1,6,Path/cycle facility;Road,Other / crossing;Road,FALSE,183,0.958115183246073,0.833333333333333,1,0.683060109289618,73.3406193078324,79.4863387978142,1.08266973758361,0.975285768278902,-1.45090816918927,2.42619393746817,0.895218172077927,0.24536302903597,-0.541776584219841,FALSE,1.01440963983437,1.78108963983437,63,FALSE,Pre-installation percentage index (mean = 100),log(percentage index / 100),FALSE
12f,12f | Wirral 006A,pedestrian,Wirral 016G | conway st eastbound,Wirral 016G,conway st eastbound,"Conway St Eastbound, near Argyle St",45431;45441;45442,3,Wirral,12.143,71.864,59.721,7,1,6,Path/cycle facility;Road,Other / crossing;Path/cycle facility;Road,FALSE,82,0.429319371727749,0,1,0.979674796747967,91.8983739837399,625.284552845529,6.74160941670678,0.302118620474203,-0.0537990754743591,0.355917695948562,0.127037581427138,0.105351544668636,-0.299866783216555,FALSE,0.906948669321586,1.80415866932159,64,FALSE,Pre-installation percentage index (mean = 100),log(percentage index / 100),FALSE
12f,12f | Wirral 006A,pedestrian,Liverpool 035G | upper parliament st,Liverpool 035G,upper parliament st,Upper Parliament St near Tunnel Rd,22876;23038;23039,3,Liverpool,12.143,58.2923711892797,46.1493711892797,7,1,6,Path/cycle facility;Road,Other / crossing;Path/cycle facility,FALSE,190,0.994764397905759,0.964285714285714,1,1,72.9,1201.76666666667,16.2755976544881,0.982207586624151,0.371001104472758,0.611206482151392,0.278741965766185,0.399980091724885,0.272890039014,FALSE,1.16020658625131,1.9217002981441,65,FALSE,Pre-installation percentage index (mean = 100),log(percentage index / 100),FALSE
12f,12f | Wirral 006A,pedestrian,Liverpool 058C | western ave,Liverpool 058C,western ave,Western Ave near of Bray Rd,16362,1,Liverpool,12.143,54.692,42.549,7,1,6,Path/cycle facility;Road,Road,FALSE,187,0.979057591623037,0.9375,1,1,73.5989304812834,1.97860962566845,0.0399283154121864,0.988056323922896,0.237477322998349,0.750579000924547,0.282353000070053,0.190040462060288,0.265472478321581,FALSE,1.30694513323453,2.03243513323453,66,FALSE,Pre-installation percentage index (mean = 100),log(percentage index / 100),FALSE
12f,12f | Wirral 006A,pedestrian,Sefton 004I | chapel st,Sefton 004I,chapel st,Chapel St,16360,1,Sefton,12.143,55.692,43.549,7,1,6,Path/cycle facility;Road,Road,FALSE,185,0.968586387434555,0.933333333333333,1,1,72.7279279279279,8167.32972972973,110.790170825289,0.973388250714184,0.285242576206124,0.68814567450806,0.240282598551684,0.219217777712706,0.708601121581611,FALSE,1.68835003573658,2.42384003573658,67,FALSE,Pre-installation percentage index (mean = 100),log(percentage index / 100),FALSE
12f,12f | Wirral 006A,pedestrian,Wirral 006A | pasture rd,Wirral 006A,pasture rd,Pasture Rd near Tarran Way North,49489;49490,2,Wirral,12.143,12.143,0,7,7,0,Path/cycle facility;Road,Other / crossing;Path/cycle facility,TRUE,0,0,0,0,0,,,,,,Inf,Inf,Inf,,FALSE,Inf,Inf,68,FALSE,Pre-installation percentage index (mean = 100),log(percentage index / 100),FALSE
12f,12f | Wirral 006A,pedestrian,Wirral 006A | reeds ln,Wirral 006A,reeds ln,Reeds Ln near Wirral Circular,50833;50834;50848,3,Wirral,12.143,12.143,0,7,7,0,Path/cycle facility;Road,Other / crossing;Path/cycle facility;Road,TRUE,0,0,0,0,0,,,,,,Inf,Inf,Inf,,FALSE,Inf,Inf,69,FALSE,Pre-installation percentage index (mean = 100),log(percentage index / 100),FALSE
12f,12f | Wirral 006A,pedestrian,Halton 016D | clifton rd,Halton 016D,clifton rd,Clifton Rd near Rocksavage Way,49527;49528;49529,3,Halton,12.143,12.138,0.00500000000000078,7,7,0,Path/cycle facility;Road,Other / crossing;Road,TRUE,0,0,0,0,0,,,,,,Inf,Inf,Inf,,FALSE,Inf,Inf,70,FALSE,Pre-installation percentage index (mean = 100),log(percentage index / 100),FALSE
12f,12f | Wirral 006A,pedestrian,Halton 016D | rocksavage expressway,Halton 016D,rocksavage expressway,Rocksavage Expressway near Clifton Rbt,49936;49937,2,Halton,12.143,12.138,0.00500000000000078,7,7,0,Path/cycle facility;Road,Path/cycle facility;Road,TRUE,0,0,0,0,0,,,,,,Inf,Inf,Inf,,FALSE,Inf,Inf,71,FALSE,Pre-installation percentage index (mean = 100),log(percentage index / 100),FALSE
12f,12f | Wirral 006A,pedestrian,Sefton 012C | coastal rd,Sefton 012C,coastal rd,Coastal Rd near Pinfold Ln,49960;49961,2,Sefton,12.143,12.032,0.111000000000001,7,7,0,Path/cycle facility;Road,Road,TRUE,0,0,0,0,0,,,,,,Inf,Inf,Inf,,FALSE,Inf,Inf,72,FALSE,Pre-installation percentage index (mean = 100),log(percentage index / 100),FALSE
12f,12f | Wirral 006A,pedestrian,Sefton 012C | liverpool rd,Sefton 012C,liverpool rd,Liverpool Rd near Coastal Rd,49485;49486;49487;49488,4,Sefton,12.143,12.032,0.111000000000001,7,7,0,Path/cycle facility;Road,Path/cycle facility;Road,TRUE,0,0,0,0,0,,,,,,Inf,Inf,Inf,,FALSE,Inf,Inf,73,FALSE,Pre-installation percentage index (mean = 100),log(percentage index / 100),FALSE
12f,12f | Wirral 006A,pedestrian,"Wirral 039A | new chester rd, nw of caldbeck rd",Wirral 039A,"new chester rd, nw of caldbeck rd","New Chester Rd, NW of Caldbeck Rd",49491;49492;49493,3,Wirral,12.143,13.129,0.985999999999999,7,7,0,Path/cycle facility;Road,Other / crossing;Path/cycle facility;Road,TRUE,0,0,0,0,0,,,,,,Inf,Inf,Inf,,FALSE,Inf,Inf,74,FALSE,Pre-installation percentage index (mean = 100),log(percentage index / 100),FALSE
12f,12f | Wirral 006A,pedestrian,Liverpool 046A | beaconsfield rd,Liverpool 046A,beaconsfield rd,Beaconsfield Rd near Hillcroft Rd,46627;46628;46629,3,Liverpool,12.143,13.427,1.284,7,7,0,Path/cycle facility;Road,Path/cycle facility;Road,TRUE,0,0,0,0,0,,,,,,Inf,Inf,Inf,,FALSE,Inf,Inf,75,FALSE,Pre-installation percentage index (mean = 100),log(percentage index / 100),FALSE
12f,12f | Wirral 006A,pedestrian,Wirral 006D | cross ln,Wirral 006D,cross ln,Cross Ln,50325,1,Wirral,12.143,10.804,1.339,7,8,1,Path/cycle facility;Road,Road,TRUE,0,0,0,0,0,,,,,,Inf,Inf,Inf,,FALSE,Inf,Inf,76,FALSE,Pre-installation percentage index (mean = 100),log(percentage index / 100),FALSE
12f,12f | Wirral 006A,pedestrian,Halton 009B | daresbury expressway,Halton 009B,daresbury expressway,Daresbury Expressway,49523,1,Halton,12.143,10.525,1.618,7,8,1,Path/cycle facility;Road,Road,TRUE,0,0,0,0,0,,,,,,Inf,Inf,Inf,,FALSE,Inf,Inf,77,FALSE,Pre-installation percentage index (mean = 100),log(percentage index / 100),FALSE
12f,12f | Wirral 006A,pedestrian,Sefton 025C | coronation rd,Sefton 025C,coronation rd,Coronation Rd near Harrington Rd; Coronation Rd near Islington (crossing); Coronation Rd near Islington (NB traffic); Coronation Rd near Islington (SB traffic),49017;49362;49364;49398;52773;52774,6,Sefton,12.143,13.812,1.669,7,7,0,Path/cycle facility;Road,Other / crossing;Road,TRUE,0,0,0,0,0,,,,,,Inf,Inf,Inf,,FALSE,Inf,Inf,78,FALSE,Pre-installation percentage index (mean = 100),log(percentage index / 100),FALSE
12f,12f | Wirral 006A,pedestrian,Sefton 025C | great crosby bypass,Sefton 025C,great crosby bypass,"Great Crosby Bypass near Moor Ln; Great Crosby Bypass, E of Liverpool Rd (EB traffic); Great Crosby Bypass, E of Liverpool Rd (WB traffic)",49015;49297;49304;49360;49361;49397,6,Sefton,12.143,13.812,1.669,7,7,0,Path/cycle facility;Road,Other / crossing;Road,TRUE,0,0,0,0,0,,,,,,Inf,Inf,Inf,,FALSE,Inf,Inf,79,FALSE,Pre-installation percentage index (mean = 100),log(percentage index / 100),FALSE
12f,12f | Wirral 006A,pedestrian,Sefton 025C | islington,Sefton 025C,islington,"Islington, W of Liverpool Rd",49299;49300;49301;49302;49303,5,Sefton,12.143,13.812,1.669,7,7,0,Path/cycle facility;Road,Other / crossing;Road,TRUE,0,0,0,0,0,,,,,,Inf,Inf,Inf,,FALSE,Inf,Inf,80,FALSE,Pre-installation percentage index (mean = 100),log(percentage index / 100),FALSE
12f,12f | Wirral 006A,pedestrian,Sefton 025C | liverpool rd,Sefton 025C,liverpool rd,Liverpool Rd near Islington; Liverpool Rd near Islington (crossing); Liverpool Rd near York Rd,49014;49016;49295;49296,4,Sefton,12.143,13.812,1.669,7,7,0,Path/cycle facility;Road,Other / crossing;Road,TRUE,0,0,0,0,0,,,,,,Inf,Inf,Inf,,FALSE,Inf,Inf,81,FALSE,Pre-installation percentage index (mean = 100),log(percentage index / 100),FALSE
12f,12f | Wirral 006A,pedestrian,Sefton 025C | liverpool rd & islington rd (crossing),Sefton 025C,liverpool rd & islington rd (crossing),Liverpool Rd & Islington Rd (crossing),49912;49913,2,Sefton,12.143,13.812,1.669,7,7,0,Path/cycle facility;Road,Other / crossing,TRUE,0,0,0,0,0,,,,,,Inf,Inf,Inf,,FALSE,Inf,Inf,82,FALSE,Pre-installation percentage index (mean = 100),log(percentage index / 100),FALSE
12f,12f | Wirral 006A,pedestrian,Sefton 025C | liverpool rd left turn to islington,Sefton 025C,liverpool rd left turn to islington,Liverpool Rd left turn to Islington,49294,1,Sefton,12.143,13.812,1.669,7,7,0,Path/cycle facility;Road,Road,TRUE,0,0,0,0,0,,,,,,Inf,Inf,Inf,,FALSE,Inf,Inf,83,FALSE,Pre-installation percentage index (mean = 100),log(percentage index / 100),FALSE
12f,12f | Wirral 006A,pedestrian,Sefton 012B | coastal rd,Sefton 012B,coastal rd,Coastal Rd near Shore Rd,50630;50631;50632,3,Sefton,12.143,10.46,1.683,7,8,1,Path/cycle facility;Road,Other / crossing;Road,TRUE,0,0,0,0,0,,,,,,Inf,Inf,Inf,,FALSE,Inf,Inf,84,FALSE,Pre-installation percentage index (mean = 100),log(percentage index / 100),FALSE
12f,12f | Wirral 006A,pedestrian,Halton 009A | busway,Halton 009A,busway,"Busway, N of Chester Rd",47780;47781,2,Halton,12.143,10.215,1.928,7,8,1,Path/cycle facility;Road,Path/cycle facility;Road,TRUE,0,0,0,0,0,,,,,,Inf,Inf,Inf,,FALSE,Inf,Inf,85,FALSE,Pre-installation percentage index (mean = 100),log(percentage index / 100),FALSE
12f,12f | Wirral 006A,pedestrian,"Halton 009A | busway, n or chester rd (sb traffic)",Halton 009A,"busway, n or chester rd (sb traffic)","Busway, N or Chester Rd (SB traffic)",51875;51876,2,Halton,12.143,10.215,1.928,7,8,1,Path/cycle facility;Road,Path/cycle facility;Road,TRUE,0,0,0,0,0,,,,,,Inf,Inf,Inf,,FALSE,Inf,Inf,86,FALSE,Pre-installation percentage index (mean = 100),log(percentage index / 100),FALSE
12f,12f | Wirral 006A,pedestrian,"Halton 009A | busway, s or chester rd (nb traffic)",Halton 009A,"busway, s or chester rd (nb traffic)","Busway, S or Chester Rd (NB traffic)",51878;51879,2,Halton,12.143,10.215,1.928,7,8,1,Path/cycle facility;Road,Path/cycle facility;Road,TRUE,0,0,0,0,0,,,,,,Inf,Inf,Inf,,FALSE,Inf,Inf,87,FALSE,Pre-installation percentage index (mean = 100),log(percentage index / 100),FALSE
12f,12f | Wirral 006A,pedestrian,Halton 009A | chester rd,Halton 009A,chester rd,"Chester Rd near Red Brow Ln; Chester Rd, E of Busway (WB traffic); Chester Rd, W of Busway (EB traffic)",49524;49525;49526;51874;51877;52481;52482,7,Halton,12.143,10.215,1.928,7,8,1,Path/cycle facility;Road,Other / crossing;Path/cycle facility;Road,TRUE,0,0,0,0,0,,,,,,Inf,Inf,Inf,,FALSE,Inf,Inf,88,FALSE,Pre-installation percentage index (mean = 100),log(percentage index / 100),FALSE
12f,12f | Wirral 006A,pedestrian,Halton 009A | keckwick ln,Halton 009A,keckwick ln,Keckwick Ln,47777;47778;47779,3,Halton,12.143,10.215,1.928,7,8,1,Path/cycle facility;Road,Path/cycle facility;Road,TRUE,0,0,0,0,0,,,,,,Inf,Inf,Inf,,FALSE,Inf,Inf,89,FALSE,Pre-installation percentage index (mean = 100),log(percentage index / 100),FALSE
12f,12f | Wirral 006A,pedestrian,Halton 009A | northwich rd,Halton 009A,northwich rd,"Northwich Rd, E of Preston Brook (WB traffic); Northwich Rd, W of Preston Brook (EB traffic)",51351;51352;51353;51734,4,Halton,12.143,10.215,1.928,7,8,1,Path/cycle facility;Road,Other / crossing;Road,TRUE,0,0,0,0,0,,,,,,Inf,Inf,Inf,,FALSE,Inf,Inf,90,FALSE,Pre-installation percentage index (mean = 100),log(percentage index / 100),FALSE
12f,12f | Wirral 006A,pedestrian,Halton 009A | preston brook,Halton 009A,preston brook,"Preston Brook, N of Northwich Rd; Preston Brook, S of Northwich Rd",51223;51224;51225;51230;51231;51232,6,Halton,12.143,10.215,1.928,7,8,1,Path/cycle facility;Road,Path/cycle facility;Road,TRUE,0,0,0,0,0,,,,,,Inf,Inf,Inf,,FALSE,Inf,Inf,91,FALSE,Pre-installation percentage index (mean = 100),log(percentage index / 100),FALSE
12f,12f | Wirral 006A,pedestrian,Sefton 018E | northway,Sefton 018E,northway,Northway near Kenyon's Ln (NB traffic),51664;51665;51666,3,Sefton,12.143,9.973,2.17,7,8,1,Path/cycle facility;Road,Other / crossing;Path/cycle facility;Road,TRUE,0,0,0,0,0,,,,,,Inf,Inf,Inf,,FALSE,Inf,Inf,92,FALSE,Pre-installation percentage index (mean = 100),log(percentage index / 100),FALSE
12f,12f | Wirral 006A,pedestrian,Knowsley 017B | whitefield ln,Knowsley 017B,whitefield ln,Whitefield Ln near Cronton Rd,46869;46870;46871,3,Knowsley,12.143,14.604,2.461,7,6,1,Path/cycle facility;Road,Other / crossing;Path/cycle facility;Road,TRUE,0,0,0,0,0,,,,,,Inf,Inf,Inf,,FALSE,Inf,Inf,93,FALSE,Pre-installation percentage index (mean = 100),log(percentage index / 100),FALSE
12f,12f | Wirral 006A,pedestrian,Sefton 008F | town ln kew,Sefton 008F,town ln kew,Town Ln Kew,50329;50330;50331,3,Sefton,12.143,9.503,2.64,7,8,1,Path/cycle facility;Road,Path/cycle facility;Road,TRUE,0,0,0,0,0,,,,,,Inf,Inf,Inf,,FALSE,Inf,Inf,94,FALSE,Pre-installation percentage index (mean = 100),log(percentage index / 100),FALSE
12f,12f | Wirral 006A,pedestrian,Halton 008C | town ln,Halton 008C,town ln,"Town Ln, W of Curlender Way",49535;49536,2,Halton,12.143,14.792,2.649,7,6,1,Path/cycle facility;Road,Path/cycle facility;Road,TRUE,0,0,0,0,0,,,,,,Inf,Inf,Inf,,FALSE,Inf,Inf,95,FALSE,Pre-installation percentage index (mean = 100),log(percentage index / 100),FALSE
12f,12f | Wirral 006A,pedestrian,Liverpool 061C | great charlotte st,Liverpool 061C,great charlotte st,Great Charlotte St near Ranelagh St,49965;49966;49967,3,Liverpool,12.143,15.028,2.885,7,6,1,Path/cycle facility;Road,Path/cycle facility;Road,TRUE,0,0,0,0,0,,,,,,Inf,Inf,Inf,,FALSE,Inf,Inf,96,FALSE,Pre-installation percentage index (mean = 100),log(percentage index / 100),FALSE
12f,12f | Wirral 006A,pedestrian,Liverpool 061C | renshaw st,Liverpool 061C,renshaw st,Renshaw St near Benson St,53079;53080;53081;53082,4,Liverpool,12.143,15.028,2.885,7,6,1,Path/cycle facility;Road,Other / crossing;Path/cycle facility;Road,TRUE,0,0,0,0,0,,,,,,Inf,Inf,Inf,,FALSE,Inf,Inf,97,FALSE,Pre-installation percentage index (mean = 100),log(percentage index / 100),FALSE
12f,12f | Wirral 006A,pedestrian,Sefton 022D | church rd,Sefton 022D,church rd,Church Rd near Islington,49365;49366,2,Sefton,12.143,15.042,2.899,7,6,1,Path/cycle facility;Road,Other / crossing;Road,TRUE,0,0,0,0,0,,,,,,Inf,Inf,Inf,,FALSE,Inf,Inf,98,FALSE,Pre-installation percentage index (mean = 100),log(percentage index / 100),FALSE
12f,12f | Wirral 006A,pedestrian,Sefton 022D | islington,Sefton 022D,islington,"Islington near Little Crosby Rd; Islington, W of Coronation Rd (EB traffic); Islington, W of Coronation Rd (WB traffic)",49036;49305;49358,3,Sefton,12.143,15.042,2.899,7,6,1,Path/cycle facility;Road,Road,TRUE,0,0,0,0,0,,,,,,Inf,Inf,Inf,,FALSE,Inf,Inf,99,FALSE,Pre-installation percentage index (mean = 100),log(percentage index / 100),FALSE
12f,12f | Wirral 006A,pedestrian,Halton 001C | lunts heath rd,Halton 001C,lunts heath rd,Lunts Heath Rd near Finsbury Park,49558;49559;49562;49563,4,Halton,12.143,9.208,2.935,7,8,1,Path/cycle facility;Road,Path/cycle facility;Road,TRUE,0,0,0,0,0,,,,,,Inf,Inf,Inf,,FALSE,Inf,Inf,100,FALSE,Pre-installation percentage index (mean = 100),log(percentage index / 100),FALSE
12f,12f | Wirral 006A,pedestrian,Halton 009C | pitts heath ln,Halton 009C,pitts heath ln,Pitts Heath Ln near Sunniside Ln,47774;47775;47776,3,Halton,12.143,8.835,3.308,7,8,1,Path/cycle facility;Road,Road,TRUE,0,0,0,0,0,,,,,,Inf,Inf,Inf,,FALSE,Inf,Inf,101,FALSE,Pre-installation percentage index (mean = 100),log(percentage index / 100),FALSE
12f,12f | Wirral 006A,pedestrian,Halton 001A | mill ln,Halton 001A,mill ln,Mill Ln near Rivenmill Close,49494;49495;49496,3,Halton,12.143,7.615,4.528,7,9,2,Path/cycle facility;Road,Path/cycle facility;Road,FALSE,0,0,0,0,0,,,,,,Inf,Inf,Inf,,FALSE,Inf,Inf,102,FALSE,Pre-installation percentage index (mean = 100),log(percentage index / 100),FALSE
12f,12f | Wirral 006A,pedestrian,Halton 005D | birchfield rd,Halton 005D,birchfield rd,Birchfield Rd near Victoria Ave,50270;50271;50272,3,Halton,12.143,16.81,4.667,7,6,1,Path/cycle facility;Road,Path/cycle facility;Road,TRUE,0,0,0,0,0,,,,,,Inf,Inf,Inf,,FALSE,Inf,Inf,103,FALSE,Pre-installation percentage index (mean = 100),log(percentage index / 100),FALSE
12f,12f | Wirral 006A,pedestrian,"St. Helens 022F | chester ln, sw of mill ln",St. Helens 022F,"chester ln, sw of mill ln","Chester Ln, SW of Mill Ln",47638;52940,2,St. Helens,12.143,17.475,5.332,7,6,1,Path/cycle facility;Road,Path/cycle facility;Road,TRUE,0,0,0,0,0,,,,,,Inf,Inf,Inf,,FALSE,Inf,Inf,104,FALSE,Pre-installation percentage index (mean = 100),log(percentage index / 100),FALSE
12f,12f | Wirral 006A,pedestrian,St. Helens 022F | marshalls cross rd,St. Helens 022F,marshalls cross rd,Marshalls Cross Rd near Chester Ln; Marshalls Cross Rd near Mill Ln,47636;47719;47720,3,St. Helens,12.143,17.475,5.332,7,6,1,Path/cycle facility;Road,Other / crossing;Path/cycle facility;Road,TRUE,0,0,0,0,0,,,,,,Inf,Inf,Inf,,FALSE,Inf,Inf,105,FALSE,Pre-installation percentage index (mean = 100),log(percentage index / 100),FALSE
12f,12f | Wirral 006A,pedestrian,Wirral 036D | bromborough rd,Wirral 036D,bromborough rd,Bromborough Rd near Quarry Rd East,49607;49608,2,Wirral,12.143,18.113,5.97,7,5,2,Path/cycle facility;Road,Path/cycle facility;Road,FALSE,0,0,0,0,0,,,,,,Inf,Inf,Inf,,FALSE,Inf,Inf,106,FALSE,Pre-installation percentage index (mean = 100),log(percentage index / 100),FALSE
12f,12f | Wirral 006A,pedestrian,Sefton 019D | grange park,Sefton 019D,grange park,Grange Park,50010;50011;50012,3,Sefton,12.143,18.397,6.254,7,5,2,Path/cycle facility;Road,Path/cycle facility;Road,FALSE,0,0,0,0,0,,,,,,Inf,Inf,Inf,,FALSE,Inf,Inf,107,FALSE,Pre-installation percentage index (mean = 100),log(percentage index / 100),FALSE
12f,12f | Wirral 006A,pedestrian,Halton 001B | birchfield rd,Halton 001B,birchfield rd,Birchfield Rd near Upton Ln,50268;50269,2,Halton,12.143,5.375,6.768,7,10,3,Path/cycle facility;Road,Other / crossing;Road,FALSE,0,0,0,0,0,,,,,,Inf,Inf,Inf,,FALSE,Inf,Inf,108,FALSE,Pre-installation percentage index (mean = 100),log(percentage index / 100),FALSE
12f,12f | Wirral 006A,pedestrian,Halton 001B | wilmere ln north,Halton 001B,wilmere ln north,Wilmere Ln North,47785;47786;47787,3,Halton,12.143,5.375,6.768,7,10,3,Path/cycle facility;Road,Path/cycle facility;Road,FALSE,0,0,0,0,0,,,,,,Inf,Inf,Inf,,FALSE,Inf,Inf,109,FALSE,Pre-installation percentage index (mean = 100),log(percentage index / 100),FALSE
12f,12f | Wirral 006A,pedestrian,Sefton 008C | moels park,Sefton 008C,moels park,Moels Park,50810,1,Sefton,12.143,18.946,6.803,7,5,2,Path/cycle facility;Road,Path/cycle facility,FALSE,0,0,0,0,0,,,,,,Inf,Inf,Inf,,FALSE,Inf,Inf,110,FALSE,Pre-installation percentage index (mean = 100),log(percentage index / 100),FALSE
12f,12f | Wirral 006A,pedestrian,Liverpool 034B | m62 (eb traffic),Liverpool 034B,m62 (eb traffic),M62 (EB traffic),52396;54839,2,Liverpool,12.143,19.675,7.532,7,5,2,Path/cycle facility;Road,Other / crossing;Road,FALSE,0,0,0,0,0,,,,,,Inf,Inf,Inf,,FALSE,Inf,Inf,111,FALSE,Pre-installation percentage index (mean = 100),log(percentage index / 100),FALSE
12f,12f | Wirral 006A,pedestrian,Liverpool 034B | m62 (wb traffic),Liverpool 034B,m62 (wb traffic),M62 (WB traffic),53269;53270,2,Liverpool,12.143,19.675,7.532,7,5,2,Path/cycle facility;Road,Other / crossing;Road,FALSE,0,0,0,0,0,,,,,,Inf,Inf,Inf,,FALSE,Inf,Inf,112,FALSE,Pre-installation percentage index (mean = 100),log(percentage index / 100),FALSE
12f,12f | Wirral 006A,pedestrian,Liverpool 034B | queens dr,Liverpool 034B,queens dr,Queens Dr near Glendevon Rd (SB traffic),53277;53278,2,Liverpool,12.143,19.675,7.532,7,5,2,Path/cycle facility;Road,Road,FALSE,0,0,0,0,0,,,,,,Inf,Inf,Inf,,FALSE,Inf,Inf,113,FALSE,Pre-installation percentage index (mean = 100),log(percentage index / 100),FALSE
12f,12f | Wirral 006A,pedestrian,Halton 014E | southern expressway,Halton 014E,southern expressway,Southern Expressway near Southern Expressway Rbt,45849;45850,2,Halton,12.143,20.149,8.006,7,5,2,Path/cycle facility;Road,Path/cycle facility;Road,FALSE,24,0.12565445026178,0,1,1,98.5277777777778,50.5208333333333,0.517652804912085,0.170812121992283,0.0602446108549985,0.110567511137285,Inf,0.119341934312031,0.201095142488614,FALSE,Inf,Inf,114,FALSE,Pre-installation percentage index (mean = 100),log(percentage index / 100),FALSE
12f,12f | Wirral 006A,pedestrian,Sefton 009C | marine dr,Sefton 009C,marine dr,Marine Dr,49957;49958;49959,3,Sefton,12.143,21.479,9.336,7,5,2,Path/cycle facility;Road,Path/cycle facility;Road,FALSE,0,0,0,0,0,,,,,,Inf,Inf,Inf,,FALSE,Inf,Inf,115,FALSE,Pre-installation percentage index (mean = 100),log(percentage index / 100),FALSE
12f,12f | Wirral 006A,pedestrian,St. Helens 020E | marshalls cross rd,St. Helens 020E,marshalls cross rd,Marshalls Cross Rd near Mill Ln,52937,1,St. Helens,12.143,22.036,9.893,7,4,3,Path/cycle facility;Road,Path/cycle facility,FALSE,0,0,0,0,0,,,,,,Inf,Inf,Inf,,FALSE,Inf,Inf,116,FALSE,Pre-installation percentage index (mean = 100),log(percentage index / 100),FALSE
12f,12f | Wirral 006A,pedestrian,St. Helens 020E | mill ln,St. Helens 020E,mill ln,Mill Ln; Mill Ln near Marshalls Cross Rd,47637;47640;47823;47824;52938,5,St. Helens,12.143,22.036,9.893,7,4,3,Path/cycle facility;Road,Other / crossing;Path/cycle facility;Road,FALSE,0,0,0,0,0,,,,,,Inf,Inf,Inf,,FALSE,Inf,Inf,117,FALSE,Pre-installation percentage index (mean = 100),log(percentage index / 100),FALSE
12f,12f | Wirral 006A,pedestrian,Halton 005B | birchfield rd,Halton 005B,birchfield rd,Birchfield Rd,49497;49501;49502,3,Halton,12.143,23.704,11.561,7,4,3,Path/cycle facility;Road,Path/cycle facility;Road,FALSE,0,0,0,0,0,,,,,,Inf,Inf,Inf,,FALSE,Inf,Inf,118,FALSE,Pre-installation percentage index (mean = 100),log(percentage index / 100),FALSE
12f,12f | Wirral 006A,pedestrian,Liverpool 031B | london rd,Liverpool 031B,london rd,London Rd near Pembroke Pl,49392;49393,2,Liverpool,12.143,23.833,11.69,7,4,3,Path/cycle facility;Road,Path/cycle facility;Road,FALSE,0,0,0,0,0,,,,,,Inf,Inf,Inf,,FALSE,Inf,Inf,119,FALSE,Pre-installation percentage index (mean = 100),log(percentage index / 100),FALSE
12f,12f | Wirral 006A,pedestrian,Liverpool 060C | st john's ln,Liverpool 060C,st john's ln,St John's Ln,46784;46785,2,Liverpool,12.143,24.01,11.867,7,4,3,Path/cycle facility;Road,Path/cycle facility;Road,FALSE,0,0,0,0,0,,,,,,Inf,Inf,Inf,,FALSE,Inf,Inf,120,FALSE,Pre-installation percentage index (mean = 100),log(percentage index / 100),FALSE
12f,12f | Wirral 006A,pedestrian,Sefton 033A | school ln,Sefton 033A,school ln,School Ln near Moss Ln,50028;50029;50030,3,Sefton,12.143,25.806,13.663,7,4,3,Path/cycle facility;Road,Path/cycle facility;Road,FALSE,0,0,0,0,0,,,,,,Inf,Inf,Inf,,FALSE,Inf,Inf,121,FALSE,Pre-installation percentage index (mean = 100),log(percentage index / 100),FALSE
12f,12f | Wirral 006A,pedestrian,Sefton 033A | school ln & oxford ave,Sefton 033A,school ln & oxford ave,School Ln & Oxford Ave,50024;50025;50026;50027,4,Sefton,12.143,25.806,13.663,7,4,3,Path/cycle facility;Road,Path/cycle facility;Road,FALSE,0,0,0,0,0,,,,,,Inf,Inf,Inf,,FALSE,Inf,Inf,122,FALSE,Pre-installation percentage index (mean = 100),log(percentage index / 100),FALSE
12f,12f | Wirral 006A,pedestrian,Halton 008D | ditton rd,Halton 008D,ditton rd,"Ditton Rd, W of St. Michael's Rd",49555;49556;49557,3,Halton,12.143,26.19,14.047,7,4,3,Path/cycle facility;Road,Path/cycle facility;Road,FALSE,0,0,0,0,0,,,,,,Inf,Inf,Inf,,FALSE,Inf,Inf,123,FALSE,Pre-installation percentage index (mean = 100),log(percentage index / 100),FALSE
12f,12f | Wirral 006A,pedestrian,Halton 014A | barnfield ave,Halton 014A,barnfield ave,Barnfield Ave,49477;49478,2,Halton,12.143,27.06,14.917,7,3,4,Path/cycle facility;Road,Road,FALSE,0,0,0,0,0,,,,,,Inf,Inf,Inf,,FALSE,Inf,Inf,124,FALSE,Pre-installation percentage index (mean = 100),log(percentage index / 100),FALSE
12f,12f | Wirral 006A,pedestrian,Halton 014A | wood ln,Halton 014A,wood ln,Wood Ln,49938;49939,2,Halton,12.143,27.06,14.917,7,3,4,Path/cycle facility;Road,Other / crossing,FALSE,0,0,0,0,0,,,,,,Inf,Inf,Inf,,FALSE,Inf,Inf,125,FALSE,Pre-installation percentage index (mean = 100),log(percentage index / 100),FALSE
12f,12f | Wirral 006A,pedestrian,St. Helens 004F | ravenhead greenway,St. Helens 004F,ravenhead greenway,Ravenhead Greenway,51819,1,St. Helens,12.143,27.133,14.99,7,3,4,Path/cycle facility;Road,Path/cycle facility,FALSE,0,0,0,0,0,,,,,,Inf,Inf,Inf,,FALSE,Inf,Inf,126,FALSE,Pre-installation percentage index (mean = 100),log(percentage index / 100),FALSE
12f,12f | Wirral 006A,pedestrian,Liverpool 034E | queens dr,Liverpool 034E,queens dr,"Queens Dr, N of M62 (SB traffic)",54545;55270,2,Liverpool,12.143,28.84,16.697,7,3,4,Path/cycle facility;Road,Road,FALSE,0,0,0,0,0,,,,,,Inf,Inf,Inf,,FALSE,Inf,Inf,127,FALSE,Pre-installation percentage index (mean = 100),log(percentage index / 100),FALSE
12f,12f | Wirral 006A,pedestrian,Wirral 036G | new chester rd,Wirral 036G,new chester rd,New Chester Rd near Pool Ln,49537;49538;49539;49540,4,Wirral,12.143,29.136,16.993,7,3,4,Path/cycle facility;Road,Path/cycle facility;Road,FALSE,0,0,0,0,0,,,,,,Inf,Inf,Inf,,FALSE,Inf,Inf,128,FALSE,Pre-installation percentage index (mean = 100),log(percentage index / 100),FALSE
12f,12f | Wirral 006A,pedestrian,Liverpool 060B | london rd,Liverpool 060B,london rd,London Rd near Pembroke Pl,49391,1,Liverpool,12.143,30.549,18.406,7,3,4,Path/cycle facility;Road,Path/cycle facility,FALSE,0,0,0,0,0,,,,,,Inf,Inf,Inf,,FALSE,Inf,Inf,129,FALSE,Pre-installation percentage index (mean = 100),log(percentage index / 100),FALSE
12f,12f | Wirral 006A,pedestrian,Liverpool 032A | edge ln dr (wb traffic),Liverpool 032A,edge ln dr (wb traffic),Edge Ln Dr (WB traffic),53509;53510,2,Liverpool,12.143,31.451,19.308,7,3,4,Path/cycle facility;Road,Other / crossing;Road,FALSE,0,0,0,0,0,,,,,,Inf,Inf,Inf,,FALSE,Inf,Inf,130,FALSE,Pre-installation percentage index (mean = 100),log(percentage index / 100),FALSE
12f,12f | Wirral 006A,pedestrian,Wirral 001D | king's parade,Wirral 001D,king's parade,King's Parade,51858,1,Wirral,12.143,31.687,19.544,7,3,4,Path/cycle facility;Road,Other / crossing,FALSE,0,0,0,0,0,,,,,,Inf,Inf,Inf,,FALSE,Inf,Inf,131,FALSE,Pre-installation percentage index (mean = 100),log(percentage index / 100),FALSE
12f,12f | Wirral 006A,pedestrian,Knowsley 013A | carrs ter,Knowsley 013A,carrs ter,Carrs Ter,50106,1,Knowsley,12.143,31.951,19.808,7,3,4,Path/cycle facility;Road,Path/cycle facility,FALSE,0,0,0,0,0,,,,,,Inf,Inf,Inf,,FALSE,Inf,Inf,132,FALSE,Pre-installation percentage index (mean = 100),log(percentage index / 100),FALSE
12f,12f | Wirral 006A,pedestrian,Liverpool 058D | highbank dr,Liverpool 058D,highbank dr,Highbank Dr near Haxted Gdns,49546;49547;49548;49549;49566,5,Liverpool,12.143,31.969,19.826,7,3,4,Path/cycle facility;Road,Path/cycle facility;Road,FALSE,0,0,0,0,0,,,,,,Inf,Inf,Inf,,FALSE,Inf,Inf,133,FALSE,Pre-installation percentage index (mean = 100),log(percentage index / 100),FALSE
12f,12f | Wirral 006A,pedestrian,St. Helens 005A | penny ln,St. Helens 005A,penny ln,Penny Ln near Old Boston,49949;49950,2,St. Helens,12.143,33.028,20.885,7,3,4,Path/cycle facility;Road,Road,FALSE,0,0,0,0,0,,,,,,Inf,Inf,Inf,,FALSE,Inf,Inf,134,FALSE,Pre-installation percentage index (mean = 100),log(percentage index / 100),FALSE
12f,12f | Wirral 006A,pedestrian,St. Helens 007B | bishops rd,St. Helens 007B,bishops rd,Bishops Rd near Wynne Rd,55115;55116;55117;59154;59155,5,St. Helens,12.143,33.517,21.374,7,2,5,Path/cycle facility;Road,Other / crossing;Path/cycle facility;Road,FALSE,0,0,0,0,0,,,,,,Inf,Inf,Inf,,FALSE,Inf,Inf,135,FALSE,Pre-installation percentage index (mean = 100),log(percentage index / 100),FALSE
12f,12f | Wirral 006A,pedestrian,St. Helens 007B | wynne rd,St. Helens 007B,wynne rd,Wynne Rd near Wolseley Rd,55112;55113;55114,3,St. Helens,12.143,33.517,21.374,7,2,5,Path/cycle facility;Road,Path/cycle facility;Road,FALSE,0,0,0,0,0,,,,,,Inf,Inf,Inf,,FALSE,Inf,Inf,136,FALSE,Pre-installation percentage index (mean = 100),log(percentage index / 100),FALSE
12f,12f | Wirral 006A,pedestrian,Sefton 021F | edge ln,Sefton 021F,edge ln,Edge Ln near Pleasant Hill Close,46624;46625,2,Sefton,12.143,34.007,21.864,7,2,5,Path/cycle facility;Road,Path/cycle facility;Road,FALSE,0,0,0,0,0,,,,,,Inf,Inf,Inf,,FALSE,Inf,Inf,137,FALSE,Pre-installation percentage index (mean = 100),log(percentage index / 100),FALSE
12f,12f | Wirral 006A,pedestrian,Liverpool 034A | bowring park rd,Liverpool 034A,bowring park rd,"Bowring Park Rd, E of Queens Dr (left turn); Bowring Park Rd, E of Queens Dr (right turn); Bowring Park Rd, E of Queens Dr (straight)",54534;54535;54838,3,Liverpool,12.143,34.117,21.974,7,2,5,Path/cycle facility;Road,Road,FALSE,0,0,0,0,0,,,,,,Inf,Inf,Inf,,FALSE,Inf,Inf,138,FALSE,Pre-installation percentage index (mean = 100),log(percentage index / 100),FALSE
12f,12f | Wirral 006A,pedestrian,Liverpool 034A | queens dr,Liverpool 034A,queens dr,"Queens Dr, N of M62 (right turn)",54583,1,Liverpool,12.143,34.117,21.974,7,2,5,Path/cycle facility;Road,Road,FALSE,0,0,0,0,0,,,,,,Inf,Inf,Inf,,FALSE,Inf,Inf,139,FALSE,Pre-installation percentage index (mean = 100),log(percentage index / 100),FALSE
12f,12f | Wirral 006A,pedestrian,Liverpool 038D | lawrence rd,Liverpool 038D,lawrence rd,Lawrence Rd near Cretan Rd,50814;50815,2,Liverpool,12.143,35.357,23.214,7,2,5,Path/cycle facility;Road,Path/cycle facility;Road,FALSE,0,0,0,0,0,,,,,,Inf,Inf,Inf,,FALSE,Inf,Inf,140,FALSE,Pre-installation percentage index (mean = 100),log(percentage index / 100),FALSE
12f,12f | Wirral 006A,pedestrian,Knowsley 007D | carr ln,Knowsley 007D,carr ln,Carr Ln,55100;55101;55102,3,Knowsley,12.143,36.256,24.113,7,2,5,Path/cycle facility;Road,Path/cycle facility;Road,FALSE,0,0,0,0,0,,,,,,Inf,Inf,Inf,,FALSE,Inf,Inf,141,FALSE,Pre-installation percentage index (mean = 100),log(percentage index / 100),FALSE
12f,12f | Wirral 006A,pedestrian,Halton 012F | bridge st,Halton 012F,bridge st,Bridge St near Bold St,48853;48854;48855,3,Halton,12.143,36.719,24.576,7,2,5,Path/cycle facility;Road,Other / crossing;Road,FALSE,0,0,0,0,0,,,,,,Inf,Inf,Inf,,FALSE,Inf,Inf,142,FALSE,Pre-installation percentage index (mean = 100),log(percentage index / 100),FALSE
12f,12f | Wirral 006A,pedestrian,Halton 012F | devonshire pl,Halton 012F,devonshire pl,Devonshire Pl,48386;48387;48388;48389,4,Halton,12.143,36.719,24.576,7,2,5,Path/cycle facility;Road,Other / crossing;Path/cycle facility,FALSE,0,0,0,0,0,,,,,,Inf,Inf,Inf,,FALSE,Inf,Inf,143,FALSE,Pre-installation percentage index (mean = 100),log(percentage index / 100),FALSE
12f,12f | Wirral 006A,pedestrian,Halton 012F | leiria way,Halton 012F,leiria way,Leiria Way,47337;47338,2,Halton,12.143,36.719,24.576,7,2,5,Path/cycle facility;Road,Other / crossing;Path/cycle facility,FALSE,0,0,0,0,0,,,,,,Inf,Inf,Inf,,FALSE,Inf,Inf,144,FALSE,Pre-installation percentage index (mean = 100),log(percentage index / 100),FALSE
12f,12f | Wirral 006A,pedestrian,St. Helens 017D | fleet ln,St. Helens 017D,fleet ln,Fleet Ln near Broad Ln,51826,1,St. Helens,12.143,36.843,24.7,7,2,5,Path/cycle facility;Road,Path/cycle facility,FALSE,0,0,0,0,0,,,,,,Inf,Inf,Inf,,FALSE,Inf,Inf,145,FALSE,Pre-installation percentage index (mean = 100),log(percentage index / 100),FALSE
12f,12f | Wirral 006A,pedestrian,Liverpool 040E | besford rd,Liverpool 040E,besford rd,Besford Rd near Oakwood Close,50822;50823;50824,3,Liverpool,12.143,37.396,25.253,7,2,5,Path/cycle facility;Road,Other / crossing;Path/cycle facility;Road,FALSE,0,0,0,0,0,,,,,,Inf,Inf,Inf,,FALSE,Inf,Inf,146,FALSE,Pre-installation percentage index (mean = 100),log(percentage index / 100),FALSE
12f,12f | Wirral 006A,pedestrian,Sefton 038C | hillhead rd,Sefton 038C,hillhead rd,Hillhead Rd near Sidney Rd,50021;50022;50023,3,Sefton,12.143,37.74,25.597,7,2,5,Path/cycle facility;Road,Path/cycle facility;Road,FALSE,0,0,0,0,0,,,,,,Inf,Inf,Inf,,FALSE,Inf,Inf,147,FALSE,Pre-installation percentage index (mean = 100),log(percentage index / 100),FALSE
12f,12f | Wirral 006A,pedestrian,Halton 006B | hale rd,Halton 006B,hale rd,Hale Rd near Berry Rd,49533;49534,2,Halton,12.143,38.588,26.445,7,2,5,Path/cycle facility;Road,Other / crossing;Path/cycle facility,FALSE,0,0,0,0,0,,,,,,Inf,Inf,Inf,,FALSE,Inf,Inf,148,FALSE,Pre-installation percentage index (mean = 100),log(percentage index / 100),FALSE
12f,12f | Wirral 006A,pedestrian,St. Helens 022E | jubits ln & bell ln,St. Helens 022E,jubits ln & bell ln,Jubits Ln & Bell Ln,53994,1,St. Helens,12.143,39.965,27.822,7,2,5,Path/cycle facility;Road,Road,FALSE,0,0,0,0,0,,,,,,Inf,Inf,Inf,,FALSE,Inf,Inf,149,FALSE,Pre-installation percentage index (mean = 100),log(percentage index / 100),FALSE
12f,12f | Wirral 006A,pedestrian,Halton 005C | kingsway,Halton 005C,kingsway,"Kingsway, S of Milton Rd",49503;49504;49505;49506;49507,5,Halton,12.143,40.149,28.006,7,2,5,Path/cycle facility;Road,Other / crossing;Path/cycle facility;Road,FALSE,0,0,0,0,0,,,,,,Inf,Inf,Inf,,FALSE,Inf,Inf,150,FALSE,Pre-installation percentage index (mean = 100),log(percentage index / 100),FALSE
12f,12f | Wirral 006A,pedestrian,St. Helens 022A | jubits ln,St. Helens 022A,jubits ln,Jubits Ln near Union Bank Ln,54016;54017;54018;54019,4,St. Helens,12.143,40.354,28.211,7,2,5,Path/cycle facility;Road,Path/cycle facility;Road,FALSE,0,0,0,0,0,,,,,,Inf,Inf,Inf,,FALSE,Inf,Inf,151,FALSE,Pre-installation percentage index (mean = 100),log(percentage index / 100),FALSE
12f,12f | Wirral 006A,pedestrian,St. Helens 022A | jubits ln & bell ln,St. Helens 022A,jubits ln & bell ln,Jubits Ln & Bell Ln,53995;53996;53997,3,St. Helens,12.143,40.354,28.211,7,2,5,Path/cycle facility;Road,Path/cycle facility;Road,FALSE,0,0,0,0,0,,,,,,Inf,Inf,Inf,,FALSE,Inf,Inf,152,FALSE,Pre-installation percentage index (mean = 100),log(percentage index / 100),FALSE
12f,12f | Wirral 006A,pedestrian,St. Helens 024E | james roby way,St. Helens 024E,james roby way,James Roby Way,51792;51793,2,St. Helens,12.143,40.867,28.724,7,2,5,Path/cycle facility;Road,Path/cycle facility,FALSE,0,0,0,0,0,,,,,,Inf,Inf,Inf,,FALSE,Inf,Inf,153,FALSE,Pre-installation percentage index (mean = 100),log(percentage index / 100),FALSE
12f,12f | Wirral 006A,pedestrian,St. Helens 024E | marshalls cross rd (nb traffic),St. Helens 024E,marshalls cross rd (nb traffic),Marshalls Cross Rd (NB traffic),51788;51789,2,St. Helens,12.143,40.867,28.724,7,2,5,Path/cycle facility;Road,Road,FALSE,0,0,0,0,0,,,,,,Inf,Inf,Inf,,FALSE,Inf,Inf,154,FALSE,Pre-installation percentage index (mean = 100),log(percentage index / 100),FALSE
12f,12f | Wirral 006A,pedestrian,Liverpool 002E | rice ln,Liverpool 002E,rice ln,Rice Ln near Longmoor Ln,49498;49499;49500,3,Liverpool,12.143,40.978,28.835,7,2,5,Path/cycle facility;Road,Path/cycle facility;Road,FALSE,0,0,0,0,0,,,,,,Inf,Inf,Inf,,FALSE,Inf,Inf,155,FALSE,Pre-installation percentage index (mean = 100),log(percentage index / 100),FALSE
12f,12f | Wirral 006A,pedestrian,Liverpool 003D | rice ln & hornby ln,Liverpool 003D,rice ln & hornby ln,Rice Ln & Hornby Ln,49519;49520;49521,3,Liverpool,12.143,43.297,31.154,7,2,5,Path/cycle facility;Road,Road,FALSE,0,0,0,0,0,,,,,,Inf,Inf,Inf,,FALSE,Inf,Inf,156,FALSE,Pre-installation percentage index (mean = 100),log(percentage index / 100),FALSE
12f,12f | Wirral 006A,pedestrian,Knowsley 015A | olivia way,Knowsley 015A,olivia way,Olivia Way near West View,50104;50105,2,Knowsley,12.143,43.54,31.397,7,2,5,Path/cycle facility;Road,Path/cycle facility;Road,FALSE,0,0,0,0,0,,,,,,Inf,Inf,Inf,,FALSE,Inf,Inf,157,FALSE,Pre-installation percentage index (mean = 100),log(percentage index / 100),FALSE
12f,12f | Wirral 006A,pedestrian,Halton 011C | runcorn spur rd,Halton 011C,runcorn spur rd,Runcorn Spur Rd,46461,1,Halton,12.143,43.653,31.51,7,2,5,Path/cycle facility;Road,Path/cycle facility,FALSE,6,0.031413612565445,0,1,1,117.722222222222,160.333333333333,1.35891436593355,0.0683466679103452,-0.0206618920639569,0.0890085599743021,Inf,0.156532035628325,-1,FALSE,Inf,Inf,158,FALSE,Pre-installation percentage index (mean = 100),log(percentage index / 100),FALSE
12f,12f | Wirral 006A,pedestrian,Liverpool 037A | catharine st,Liverpool 037A,catharine st,Catharine St near Back Canning St; Catharine St near Caledonia St (NB traffic); Catharine St near Caledonia St (SB traffic),49922;49923;49924;49926;49927;49928;49942;49943;49944;57105;57122,11,Liverpool,12.143,43.775,31.632,7,2,5,Path/cycle facility;Road,Other / crossing;Path/cycle facility;Road,FALSE,0,0,0,0,0,,,,,,Inf,Inf,Inf,,FALSE,Inf,Inf,159,FALSE,Pre-installation percentage index (mean = 100),log(percentage index / 100),FALSE
12f,12f | Wirral 006A,pedestrian,Liverpool 037A | upper parliament st,Liverpool 037A,upper parliament st,Upper Parliament St near Hope St,49542,1,Liverpool,12.143,43.775,31.632,7,2,5,Path/cycle facility;Road,Road,FALSE,0,0,0,0,0,,,,,,Inf,Inf,Inf,,FALSE,Inf,Inf,160,FALSE,Pre-installation percentage index (mean = 100),log(percentage index / 100),FALSE
12f,12f | Wirral 006A,pedestrian,Halton 014B | murdishaw ave,Halton 014B,murdishaw ave,Murdishaw Ave near Rose Close,47782;47783,2,Halton,12.143,44.323,32.18,7,1,6,Path/cycle facility;Road,Path/cycle facility;Road,FALSE,0,0,0,0,0,,,,,,Inf,Inf,Inf,,FALSE,Inf,Inf,161,FALSE,Pre-installation percentage index (mean = 100),log(percentage index / 100),FALSE
12f,12f | Wirral 006A,pedestrian,Halton 014B | murdishaw woods,Halton 014B,murdishaw woods,Murdishaw Woods,50811;50812,2,Halton,12.143,44.323,32.18,7,1,6,Path/cycle facility;Road,Path/cycle facility,FALSE,0,0,0,0,0,,,,,,Inf,Inf,Inf,,FALSE,Inf,Inf,162,FALSE,Pre-installation percentage index (mean = 100),log(percentage index / 100),FALSE
12f,12f | Wirral 006A,pedestrian,Liverpool 028D | judges dr,Liverpool 028D,judges dr,Judges Dr,49543;49544;49545,3,Liverpool,12.143,48.364,36.221,7,1,6,Path/cycle facility;Road,Path/cycle facility;Road,FALSE,0,0,0,0,0,,,,,,Inf,Inf,Inf,,FALSE,Inf,Inf,163,FALSE,Pre-installation percentage index (mean = 100),log(percentage index / 100),FALSE
12f,12f | Wirral 006A,pedestrian,Liverpool 023D | hunter st,Liverpool 023D,hunter st,Hunter St,49968;54847,2,Liverpool,12.143,48.627,36.484,7,1,6,Path/cycle facility;Road,Path/cycle facility;Road,FALSE,0,0,0,0,0,,,,,,Inf,Inf,Inf,,FALSE,Inf,Inf,164,FALSE,Pre-installation percentage index (mean = 100),log(percentage index / 100),FALSE
12f,12f | Wirral 006A,pedestrian,Halton 014C | barnfield ave,Halton 014C,barnfield ave,Barnfield Ave,49476,1,Halton,12.143,49.288,37.145,7,1,6,Path/cycle facility;Road,Road,FALSE,0,0,0,0,0,,,,,,Inf,Inf,Inf,,FALSE,Inf,Inf,165,FALSE,Pre-installation percentage index (mean = 100),log(percentage index / 100),FALSE
12f,12f | Wirral 006A,pedestrian,St. Helens 024D | elton head rd,St. Helens 024D,elton head rd,Elton Head Rd near Sherdley Rd,54020;54021;54022;59134,4,St. Helens,12.143,51.363,39.22,7,1,6,Path/cycle facility;Road,Path/cycle facility;Road,FALSE,0,0,0,0,0,,,,,,Inf,Inf,Inf,,FALSE,Inf,Inf,166,FALSE,Pre-installation percentage index (mean = 100),log(percentage index / 100),FALSE
12f,12f | Wirral 006A,pedestrian,Sefton 004B | marine dr,Sefton 004B,marine dr,Marine Dr near Marshside Rd,49482;49483;49484,3,Sefton,12.143,51.794,39.651,7,1,6,Path/cycle facility;Road,Other / crossing;Path/cycle facility;Road,FALSE,0,0,0,0,0,,,,,,Inf,Inf,Inf,,FALSE,Inf,Inf,167,FALSE,Pre-installation percentage index (mean = 100),log(percentage index / 100),FALSE
12f,12f | Wirral 006A,pedestrian,Liverpool 037H | great george st,Liverpool 037H,great george st,Great George St near Duncan St; Great George St near Upper Parliament St,50776;50778;50779;50850;50851;51468;51469,7,Liverpool,12.143,51.962,39.819,7,1,6,Path/cycle facility;Road,Other / crossing;Path/cycle facility;Road,FALSE,0,0,0,0,0,,,,,,Inf,Inf,Inf,,FALSE,Inf,Inf,168,FALSE,Pre-installation percentage index (mean = 100),log(percentage index / 100),FALSE
12f,12f | Wirral 006A,pedestrian,Liverpool 037H | mill st,Liverpool 037H,mill st,Mill St near Upper Harrington St,52638;52639;52640,3,Liverpool,12.143,51.962,39.819,7,1,6,Path/cycle facility;Road,Path/cycle facility;Road,FALSE,0,0,0,0,0,,,,,,Inf,Inf,Inf,,FALSE,Inf,Inf,169,FALSE,Pre-installation percentage index (mean = 100),log(percentage index / 100),FALSE
12f,12f | Wirral 006A,pedestrian,Liverpool 037H | parliament st,Liverpool 037H,parliament st,"Parliament St, W of St James Pl",50766;50767;50768;50769,4,Liverpool,12.143,51.962,39.819,7,1,6,Path/cycle facility;Road,Path/cycle facility;Road,FALSE,0,0,0,0,0,,,,,,Inf,Inf,Inf,,FALSE,Inf,Inf,170,FALSE,Pre-installation percentage index (mean = 100),log(percentage index / 100),FALSE
12f,12f | Wirral 006A,pedestrian,Liverpool 037H | parliament st crossing,Liverpool 037H,parliament st crossing,Parliament St crossing,53089;53090,2,Liverpool,12.143,51.962,39.819,7,1,6,Path/cycle facility;Road,Other / crossing,FALSE,0,0,0,0,0,,,,,,Inf,Inf,Inf,,FALSE,Inf,Inf,171,FALSE,Pre-installation percentage index (mean = 100),log(percentage index / 100),FALSE
12f,12f | Wirral 006A,pedestrian,Liverpool 037H | parliament st walkway,Liverpool 037H,parliament st walkway,Parliament St walkway,50808,1,Liverpool,12.143,51.962,39.819,7,1,6,Path/cycle facility;Road,Path/cycle facility,FALSE,0,0,0,0,0,,,,,,Inf,Inf,Inf,,FALSE,Inf,Inf,172,FALSE,Pre-installation percentage index (mean = 100),log(percentage index / 100),FALSE
12f,12f | Wirral 006A,pedestrian,Liverpool 037H | st james place,Liverpool 037H,st james place,"St James Place, S of Upper Parliament St",50759;50760;50761,3,Liverpool,12.143,51.962,39.819,7,1,6,Path/cycle facility;Road,Road,FALSE,0,0,0,0,0,,,,,,Inf,Inf,Inf,,FALSE,Inf,Inf,173,FALSE,Pre-installation percentage index (mean = 100),log(percentage index / 100),FALSE
12f,12f | Wirral 006A,pedestrian,Liverpool 037H | st james st,Liverpool 037H,st james st,St James St near Great George St; St James St near New Bird St,50781;50782;50783;50809,4,Liverpool,12.143,51.962,39.819,7,1,6,Path/cycle facility;Road,Path/cycle facility;Road,FALSE,0,0,0,0,0,,,,,,Inf,Inf,Inf,,FALSE,Inf,Inf,174,FALSE,Pre-installation percentage index (mean = 100),log(percentage index / 100),FALSE
12f,12f | Wirral 006A,pedestrian,Liverpool 037H | stanhope st,Liverpool 037H,stanhope st,Stanhope St,50701,1,Liverpool,12.143,51.962,39.819,7,1,6,Path/cycle facility;Road,Road,FALSE,0,0,0,0,0,,,,,,Inf,Inf,Inf,,FALSE,Inf,Inf,175,FALSE,Pre-installation percentage index (mean = 100),log(percentage index / 100),FALSE
12f,12f | Wirral 006A,pedestrian,Liverpool 037H | upper parliament st,Liverpool 037H,upper parliament st,Upper Parliament St near Hope St; Upper Parliament St near St James Pl,49541;50784;50785;50786,4,Liverpool,12.143,51.962,39.819,7,1,6,Path/cycle facility;Road,Other / crossing;Path/cycle facility;Road,FALSE,0,0,0,0,0,,,,,,Inf,Inf,Inf,,FALSE,Inf,Inf,176,FALSE,Pre-installation percentage index (mean = 100),log(percentage index / 100),FALSE
12f,12f | Wirral 006A,pedestrian,Liverpool 037H | upper parliament st & st james pl junction,Liverpool 037H,upper parliament st & st james pl junction,Upper Parliament St & St James Pl junction,53230;53231;53232,3,Liverpool,12.143,51.962,39.819,7,1,6,Path/cycle facility;Road,Road,FALSE,0,0,0,0,0,,,,,,Inf,Inf,Inf,,FALSE,Inf,Inf,177,FALSE,Pre-installation percentage index (mean = 100),log(percentage index / 100),FALSE
12f,12f | Wirral 006A,pedestrian,Liverpool 037H | upper parliament st crossing,Liverpool 037H,upper parliament st crossing,Upper Parliament St crossing,53071,1,Liverpool,12.143,51.962,39.819,7,1,6,Path/cycle facility;Road,Other / crossing,FALSE,0,0,0,0,0,,,,,,Inf,Inf,Inf,,FALSE,Inf,Inf,178,FALSE,Pre-installation percentage index (mean = 100),log(percentage index / 100),FALSE
12f,12f | Wirral 006A,pedestrian,Liverpool 037H | upper stanhope st,Liverpool 037H,upper stanhope st,Upper Stanhope St,50816,1,Liverpool,12.143,51.962,39.819,7,1,6,Path/cycle facility;Road,Road,FALSE,0,0,0,0,0,,,,,,Inf,Inf,Inf,,FALSE,Inf,Inf,179,FALSE,Pre-installation percentage index (mean = 100),log(percentage index / 100),FALSE
12f,12f | Wirral 006A,pedestrian,Halton 013C | runcorn spur rd,Halton 013C,runcorn spur rd,Runcorn Spur Rd,46460;46462,2,Halton,12.143,52.546,40.403,7,1,6,Path/cycle facility;Road,Path/cycle facility;Road,FALSE,6,0.031413612565445,0,1,1,117.722222222222,29.1666666666667,0.254094525035096,0.0683466679103452,0.19955462391773,0.131207956007384,Inf,0.193109196797927,1,FALSE,Inf,Inf,180,FALSE,Pre-installation percentage index (mean = 100),log(percentage index / 100),FALSE
12f,12f | Wirral 006A,pedestrian,Liverpool 026A | broad green rd,Liverpool 026A,broad green rd,"Broad Green Rd near Queens Dr; Broad Green Rd, W of Queens Dr (right turn); Broad Green Rd, W of Queens Dr (straight)",53268;54536;54537,3,Liverpool,12.143,53.323,41.18,7,1,6,Path/cycle facility;Road,Road,FALSE,0,0,0,0,0,,,,,,Inf,Inf,Inf,,FALSE,Inf,Inf,181,FALSE,Pre-installation percentage index (mean = 100),log(percentage index / 100),FALSE
12f,12f | Wirral 006A,pedestrian,Liverpool 026A | east prescot rd walkway,Liverpool 026A,east prescot rd walkway,East Prescot Rd walkway,50817,1,Liverpool,12.143,53.323,41.18,7,1,6,Path/cycle facility;Road,Path/cycle facility,FALSE,0,0,0,0,0,,,,,,Inf,Inf,Inf,,FALSE,Inf,Inf,182,FALSE,Pre-installation percentage index (mean = 100),log(percentage index / 100),FALSE
12f,12f | Wirral 006A,pedestrian,Liverpool 026A | queens dr,Liverpool 026A,queens dr,Queens Dr near Broadgreen Hospital (SB traffic),53271;53272,2,Liverpool,12.143,53.323,41.18,7,1,6,Path/cycle facility;Road,Other / crossing;Road,FALSE,0,0,0,0,0,,,,,,Inf,Inf,Inf,,FALSE,Inf,Inf,183,FALSE,Pre-installation percentage index (mean = 100),log(percentage index / 100),FALSE
12f,12f | Wirral 006A,pedestrian,Liverpool 037D | princes rd,Liverpool 037D,princes rd,Princes Rd near Upper Stanhope St,49940;49941;49945,3,Liverpool,12.143,54.618,42.475,7,1,6,Path/cycle facility;Road,Other / crossing;Path/cycle facility;Road,FALSE,0,0,0,0,0,,,,,,Inf,Inf,Inf,,FALSE,Inf,Inf,184,FALSE,Pre-installation percentage index (mean = 100),log(percentage index / 100),FALSE
12f,12f | Wirral 006A,pedestrian,Liverpool 037D | upper parliament st,Liverpool 037D,upper parliament st,Upper Parliament St near Princes Rd,49929;49930;49931;49932,4,Liverpool,12.143,54.618,42.475,7,1,6,Path/cycle facility;Road,Other / crossing;Path/cycle facility;Road,FALSE,0,0,0,0,0,,,,,,Inf,Inf,Inf,,FALSE,Inf,Inf,185,FALSE,Pre-installation percentage index (mean = 100),log(percentage index / 100),FALSE
12f,12f | Wirral 006A,pedestrian,Sefton 004I | london st,Sefton 004I,london st,London St near Hawesside St,46621;46622;46623,3,Sefton,12.143,55.692,43.549,7,1,6,Path/cycle facility;Road,Path/cycle facility;Road,FALSE,0,0,0,0,0,,,,,,Inf,Inf,Inf,,FALSE,Inf,Inf,186,FALSE,Pre-installation percentage index (mean = 100),log(percentage index / 100),FALSE
12f,12f | Wirral 006A,pedestrian,Halton 007A | gerrard st,Halton 007A,gerrard st,Gerrard St near Widnes Rd,50273;50274;50275;50396,4,Halton,12.143,58.639,46.496,7,1,6,Path/cycle facility;Road,Other / crossing;Road,FALSE,0,0,0,0,0,,,,,,Inf,Inf,Inf,,FALSE,Inf,Inf,187,FALSE,Pre-installation percentage index (mean = 100),log(percentage index / 100),FALSE
12f,12f | Wirral 006A,pedestrian,Halton 007A | waterfront rbt,Halton 007A,waterfront rbt,Waterfront Rbt near Grn Oaks Way,49530;49531;49532,3,Halton,12.143,58.639,46.496,7,1,6,Path/cycle facility;Road,Other / crossing;Path/cycle facility;Road,FALSE,0,0,0,0,0,,,,,,Inf,Inf,Inf,,FALSE,Inf,Inf,188,FALSE,Pre-installation percentage index (mean = 100),log(percentage index / 100),FALSE
12f,12f | Wirral 006A,pedestrian,St. Helens 012E | windle st,St. Helens 012E,windle st,Windle St near North Rd,55118;55119;55120,3,St. Helens,12.143,59.045,46.902,7,1,6,Path/cycle facility;Road,Path/cycle facility;Road,FALSE,0,0,0,0,0,,,,,,Inf,Inf,Inf,,FALSE,Inf,Inf,189,FALSE,Pre-installation percentage index (mean = 100),log(percentage index / 100),FALSE
12f,12f | Wirral 006A,pedestrian,St. Helens 017A | fleet ln,St. Helens 017A,fleet ln,Fleet Ln near Broad Ln,51827,1,St. Helens,12.143,59.972,47.829,7,1,6,Path/cycle facility;Road,Path/cycle facility,FALSE,0,0,0,0,0,,,,,,Inf,Inf,Inf,,FALSE,Inf,Inf,190,FALSE,Pre-installation percentage index (mean = 100),log(percentage index / 100),FALSE
12f,12f | Wirral 006A,pedestrian,St. Helens 017A | newton rd,St. Helens 017A,newton rd,Newton Rd near Waring Ave,51810;51811;51813,3,St. Helens,12.143,59.972,47.829,7,1,6,Path/cycle facility;Road,Path/cycle facility;Road,FALSE,0,0,0,0,0,,,,,,Inf,Inf,Inf,,FALSE,Inf,Inf,191,FALSE,Pre-installation percentage index (mean = 100),log(percentage index / 100),FALSE
12f,12f | Wirral 006A,pedestrian,Halton 007D | victoria rd,Halton 007D,victoria rd,Victoria Rd near Ashley Way West,51662;51663;51679,3,Halton,12.143,60.023,47.88,7,1,6,Path/cycle facility;Road,Path/cycle facility;Road,FALSE,0,0,0,0,0,,,,,,Inf,Inf,Inf,,FALSE,Inf,Inf,192,FALSE,Pre-installation percentage index (mean = 100),log(percentage index / 100),FALSE
12f,12f | Wirral 006A,pedestrian,Halton 007D | waterloo rd,Halton 007D,waterloo rd,Waterloo Rd near West Bank St,50313;50314;50315,3,Halton,12.143,60.023,47.88,7,1,6,Path/cycle facility;Road,Path/cycle facility;Road,FALSE,0,0,0,0,0,,,,,,Inf,Inf,Inf,,FALSE,Inf,Inf,193,FALSE,Pre-installation percentage index (mean = 100),log(percentage index / 100),FALSE
12f,12f | Wirral 006A,pedestrian,Knowsley 020C | higher rd,Knowsley 020C,higher rd,"Higher Rd, E of Old Hutte Ln; Higher Rd, W of Old Hutte Ln",49271;49272;49273;49274;49275;49399;49400,7,Knowsley,12.143,60.604,48.461,7,1,6,Path/cycle facility;Road,Other / crossing;Path/cycle facility;Road,FALSE,0,0,0,0,0,,,,,,Inf,Inf,Inf,,FALSE,Inf,Inf,194,FALSE,Pre-installation percentage index (mean = 100),log(percentage index / 100),FALSE
12f,12f | Wirral 006A,pedestrian,Knowsley 020C | old hutte ln,Knowsley 020C,old hutte ln,Old Hutte Ln near Higher Rd,49276;49277;49278,3,Knowsley,12.143,60.604,48.461,7,1,6,Path/cycle facility;Road,Other / crossing;Path/cycle facility;Road,FALSE,0,0,0,0,0,,,,,,Inf,Inf,Inf,,FALSE,Inf,Inf,195,FALSE,Pre-installation percentage index (mean = 100),log(percentage index / 100),FALSE
12f,12f | Wirral 006A,pedestrian,Sefton 038B | cambridge rd,Sefton 038B,cambridge rd,Cambridge Rd near Sidney Rd,50018;50019;50020,3,Sefton,12.143,61.295,49.152,7,1,6,Path/cycle facility;Road,Path/cycle facility;Road,FALSE,0,0,0,0,0,,,,,,Inf,Inf,Inf,,FALSE,Inf,Inf,196,FALSE,Pre-installation percentage index (mean = 100),log(percentage index / 100),FALSE
12f,12f | Wirral 006A,pedestrian,Halton 007C | dundalk rd,Halton 007C,dundalk rd,Dundalk Rd,46457;46458;46459,3,Halton,12.143,62.648,50.505,7,1,6,Path/cycle facility;Road,Path/cycle facility;Road,FALSE,6,0.031413612565445,0,1,1,117.722222222222,92.3333333333333,0.786148806738418,0.0683466679103452,0.128748982744308,0.0604023148339626,Inf,0.201536383882706,1,FALSE,Inf,Inf,197,FALSE,Pre-installation percentage index (mean = 100),log(percentage index / 100),FALSE
12f,12f | Wirral 006A,pedestrian,Wirral 005A | egremont promenade,Wirral 005A,egremont promenade,Egremont Promenade,49587;49588;49589,3,Wirral,12.143,63.141,50.998,7,1,6,Path/cycle facility;Road,Path/cycle facility,FALSE,0,0,0,0,0,,,,,,Inf,Inf,Inf,,FALSE,Inf,Inf,198,FALSE,Pre-installation percentage index (mean = 100),log(percentage index / 100),FALSE
12f,12f | Wirral 006A,pedestrian,Liverpool 038C | wellington rd,Liverpool 038C,wellington rd,Wellington Rd,53536;53537;53538;53668,4,Liverpool,12.143,63.285,51.142,7,1,6,Path/cycle facility;Road,Other / crossing;Path/cycle facility;Road,FALSE,0,0,0,0,0,,,,,,Inf,Inf,Inf,,FALSE,Inf,Inf,199,FALSE,Pre-installation percentage index (mean = 100),log(percentage index / 100),FALSE
12f,12f | Wirral 006A,pedestrian,Wirral 010G | beaufort rd,Wirral 010G,beaufort rd,Beaufort Rd near Ilchester Rd,50825;50828;50829;50830,4,Wirral,12.143,63.355,51.212,7,1,6,Path/cycle facility;Road,Other / crossing;Path/cycle facility;Road,FALSE,0,0,0,0,0,,,,,,Inf,Inf,Inf,,FALSE,Inf,Inf,200,FALSE,Pre-installation percentage index (mean = 100),log(percentage index / 100),FALSE
12f,12f | Wirral 006A,pedestrian,Liverpool 031G | quorn st,Liverpool 031G,quorn st,Quorn St near Wedgewood St,49394,1,Liverpool,12.143,63.779,51.636,7,1,6,Path/cycle facility;Road,Road,FALSE,0,0,0,0,0,,,,,,Inf,Inf,Inf,,FALSE,Inf,Inf,201,FALSE,Pre-installation percentage index (mean = 100),log(percentage index / 100),FALSE
12f,12f | Wirral 006A,pedestrian,Liverpool 023C | shaw st,Liverpool 023C,shaw st,Shaw St near William Henry St,52815;52816;52817;52818,4,Liverpool,12.143,65.01,52.867,7,1,6,Path/cycle facility;Road,Path/cycle facility;Road,FALSE,0,0,0,0,0,,,,,,Inf,Inf,Inf,,FALSE,Inf,Inf,202,FALSE,Pre-installation percentage index (mean = 100),log(percentage index / 100),FALSE
12f,12f | Wirral 006A,pedestrian,St. Helens 014C | peasley cross ln,St. Helens 014C,peasley cross ln,Peasley Cross Ln near Parr St,54619;54620;54621;54622,4,St. Helens,12.143,65.045,52.902,7,1,6,Path/cycle facility;Road,Path/cycle facility;Road,FALSE,0,0,0,0,0,,,,,,Inf,Inf,Inf,,FALSE,Inf,Inf,203,FALSE,Pre-installation percentage index (mean = 100),log(percentage index / 100),FALSE
12f,12f | Wirral 006A,pedestrian,St. Helens 014C | waterside,St. Helens 014C,waterside,Waterside near Standish St,51846;51847,2,St. Helens,12.143,65.045,52.902,7,1,6,Path/cycle facility;Road,Path/cycle facility;Road,FALSE,0,0,0,0,0,,,,,,Inf,Inf,Inf,,FALSE,Inf,Inf,204,FALSE,Pre-installation percentage index (mean = 100),log(percentage index / 100),FALSE
12f,12f | Wirral 006A,pedestrian,Liverpool 039D | lodge ln,Liverpool 039D,lodge ln,Lodge Ln near Tunnel Rd,49964,1,Liverpool,12.143,65.143,53,7,1,6,Path/cycle facility;Road,Path/cycle facility,FALSE,0,0,0,0,0,,,,,,Inf,Inf,Inf,,FALSE,Inf,Inf,205,FALSE,Pre-installation percentage index (mean = 100),log(percentage index / 100),FALSE
12f,12f | Wirral 006A,pedestrian,Wirral 009A | wirral circular,Wirral 009A,wirral circular,Wirral Circular near Scoresby Rd,50835,1,Wirral,12.143,67.045,54.902,7,1,6,Path/cycle facility;Road,Path/cycle facility,FALSE,0,0,0,0,0,,,,,,Inf,Inf,Inf,,FALSE,Inf,Inf,206,FALSE,Pre-installation percentage index (mean = 100),log(percentage index / 100),FALSE
12f,12f | Wirral 006A,pedestrian,Liverpool 044A | st james pl,Liverpool 044A,st james pl,St James Pl near Hill St,50705;50710,2,Liverpool,12.143,68.396,56.253,7,1,6,Path/cycle facility;Road,Other / crossing;Road,FALSE,0,0,0,0,0,,,,,,Inf,Inf,Inf,,FALSE,Inf,Inf,207,FALSE,Pre-installation percentage index (mean = 100),log(percentage index / 100),FALSE
12f,12f | Wirral 006A,pedestrian,Liverpool 030A | holt rd,Liverpool 030A,holt rd,Holt Rd near Edge Ln,49388;49389;49390,3,Liverpool,12.143,69.234,57.091,7,1,6,Path/cycle facility;Road,Path/cycle facility;Road,FALSE,0,0,0,0,0,,,,,,Inf,Inf,Inf,,FALSE,Inf,Inf,208,FALSE,Pre-installation percentage index (mean = 100),log(percentage index / 100),FALSE
12f,12f | Wirral 006A,pedestrian,Liverpool 030A | ling st,Liverpool 030A,ling st,Ling St near Holt Rd,49969,1,Liverpool,12.143,69.234,57.091,7,1,6,Path/cycle facility;Road,Road,FALSE,0,0,0,0,0,,,,,,Inf,Inf,Inf,,FALSE,Inf,Inf,209,FALSE,Pre-installation percentage index (mean = 100),log(percentage index / 100),FALSE
12f,12f | Wirral 006A,pedestrian,Liverpool 030A | quorn st,Liverpool 030A,quorn st,Quorn St near Brae St,49395,1,Liverpool,12.143,69.234,57.091,7,1,6,Path/cycle facility;Road,Road,FALSE,0,0,0,0,0,,,,,,Inf,Inf,Inf,,FALSE,Inf,Inf,210,FALSE,Pre-installation percentage index (mean = 100),log(percentage index / 100),FALSE
12f,12f | Wirral 006A,pedestrian,Liverpool 030A | wedgewood st,Liverpool 030A,wedgewood st,Wedgewood St near Quorn St,49396,1,Liverpool,12.143,69.234,57.091,7,1,6,Path/cycle facility;Road,Road,FALSE,0,0,0,0,0,,,,,,Inf,Inf,Inf,,FALSE,Inf,Inf,211,FALSE,Pre-installation percentage index (mean = 100),log(percentage index / 100),FALSE
12f,12f | Wirral 006A,pedestrian,Liverpool 039B | lodge ln,Liverpool 039B,lodge ln,Lodge Ln near Tunnel Rd,49962;49963,2,Liverpool,12.143,70.045,57.902,7,1,6,Path/cycle facility;Road,Path/cycle facility;Road,FALSE,0,0,0,0,0,,,,,,Inf,Inf,Inf,,FALSE,Inf,Inf,212,FALSE,Pre-installation percentage index (mean = 100),log(percentage index / 100),FALSE
12f,12f | Wirral 006A,pedestrian,Wirral 016F | argyle st,Wirral 016F,argyle st,Argyle St near Bridge St,46429;46430;46431,3,Wirral,12.143,71.864,59.721,7,1,6,Path/cycle facility;Road,Path/cycle facility;Road,FALSE,6,0.031413612565445,0,1,1,108.944444444444,140.222222222222,1.2844871147044,-0.00379219263706252,-0.00236127618567976,0.00143091645138277,Inf,0.883805745681635,1,FALSE,Inf,Inf,213,FALSE,Pre-installation percentage index (mean = 100),log(percentage index / 100),FALSE
12f,12f | Wirral 006A,pedestrian,Wirral 016F | hamilton st,Wirral 016F,hamilton st,Hamilton St near Hamilton Sq,47771,1,Wirral,12.143,71.864,59.721,7,1,6,Path/cycle facility;Road,Road,FALSE,0,0,0,0,0,,,,,,Inf,Inf,Inf,,FALSE,Inf,Inf,214,FALSE,Pre-installation percentage index (mean = 100),log(percentage index / 100),FALSE
12f,12f | Wirral 006A,pedestrian,Wirral 016G | argyle st,Wirral 016G,argyle st,Argyle St; Argyle St near Hamilton Sq,46424;46425;46426;46427;46428,5,Wirral,12.143,71.864,59.721,7,1,6,Path/cycle facility;Road,Path/cycle facility;Road,FALSE,7,0.0366492146596859,0,1,0.942857142857143,114.52380952381,516.333333333333,4.47815333882935,0.109138381881309,-0.0735594672961118,0.182697849177421,Inf,0.241832351717296,-1,FALSE,Inf,Inf,215,FALSE,Pre-installation percentage index (mean = 100),log(percentage index / 100),FALSE
12f,12f | Wirral 006A,pedestrian,Wirral 016G | chester st,Wirral 016G,chester st,Chester St,46436;46437;46438,3,Wirral,12.143,71.864,59.721,7,1,6,Path/cycle facility;Road,Other / crossing;Road,FALSE,7,0.0366492146596859,0,1,0.952380952380952,114.52380952381,26.6190476190476,0.239076669414674,0.109138381881309,-0.0677368529002253,0.176875234781534,Inf,0.784775173527762,-1,FALSE,Inf,Inf,216,FALSE,Pre-installation percentage index (mean = 100),log(percentage index / 100),FALSE
12f,12f | Wirral 006A,pedestrian,Wirral 016G | hamilton st,Wirral 016G,hamilton st,Hamilton St near Chester St; Hamilton St near Hamilton Sq; Hamilton St near Shore Rd,46432;46433;46434;46435;47770,5,Wirral,12.143,71.864,59.721,7,1,6,Path/cycle facility;Road,Other / crossing;Road,FALSE,7,0.0366492146596859,0,1,1,114.52380952381,5.60714285714286,0.0571929101401484,0.109138381881309,-0.397367897875545,0.506506279756854,Inf,0.310170251510429,-1,FALSE,Inf,Inf,217,FALSE,Pre-installation percentage index (mean = 100),log(percentage index / 100),FALSE
12f,12f | Wirral 006A,pedestrian,Liverpool 022D | boundary st,Liverpool 022D,boundary st,Boundary St; Boundary St near Commercial Rd,46780;46781;46782;46786;46787;46789,6,Liverpool,12.143,72.513,60.37,7,1,6,Path/cycle facility;Road,Path/cycle facility;Road,FALSE,0,0,0,0,0,,,,,,Inf,Inf,Inf,,FALSE,Inf,Inf,218,FALSE,Pre-installation percentage index (mean = 100),log(percentage index / 100),FALSE
12f,12f | Wirral 006A,pedestrian,Liverpool 022D | vauxhall rd,Liverpool 022D,vauxhall rd,Vauxhall Rd near Boundary St,46776;46777;46778;46779,4,Liverpool,12.143,72.513,60.37,7,1,6,Path/cycle facility;Road,Other / crossing;Path/cycle facility;Road,FALSE,0,0,0,0,0,,,,,,Inf,Inf,Inf,,FALSE,Inf,Inf,219,FALSE,Pre-installation percentage index (mean = 100),log(percentage index / 100),FALSE
12f,12f | Wirral 006A,pedestrian,Sefton 036C | chesnut grove,Sefton 036C,chesnut grove,Chesnut Grove,50017,1,Sefton,12.143,74.774,62.631,7,1,6,Path/cycle facility;Road,Path/cycle facility,FALSE,0,0,0,0,0,,,,,,Inf,Inf,Inf,,FALSE,Inf,Inf,220,FALSE,Pre-installation percentage index (mean = 100),log(percentage index / 100),FALSE
12f,12f | Wirral 006A,pedestrian,Wirral 008C | birkenhead rd,Wirral 008C,birkenhead rd,Birkenhead Rd,49567;49568,2,Wirral,12.143,76.106,63.963,7,1,6,Path/cycle facility;Road,Path/cycle facility;Road,FALSE,0,0,0,0,0,,,,,,Inf,Inf,Inf,,FALSE,Inf,Inf,221,FALSE,Pre-installation percentage index (mean = 100),log(percentage index / 100),FALSE
12f,12f | Wirral 006A,pedestrian,Sefton 037B | chesnut grove,Sefton 037B,chesnut grove,Chesnut Grove,50015;50016,2,Sefton,12.143,77.125,64.982,7,1,6,Path/cycle facility;Road,Path/cycle facility;Road,FALSE,0,0,0,0,0,,,,,,Inf,Inf,Inf,,FALSE,Inf,Inf,222,FALSE,Pre-installation percentage index (mean = 100),log(percentage index / 100),FALSE
13,13 | Halton 010B,cyclist,Liverpool 024D | west derby rd,Liverpool 024D,west derby rd,"West Derby Rd - Eastbound, near Sheil Rd; West Derby Rd - Westbound, near Sheil Rd",15104;15106;15160;15161;15162,5,Liverpool,64.805,64.417,0.388000000000005,1,1,0,Path/cycle facility;Road,Path/cycle facility;Road,TRUE,156,1,1,0.996794871794872,0.985897435897436,39.213141025641,36.7978632478633,0.939938096946027,-0.72284430120491,-0.503311257910161,0.219533043294749,0.192933822000374,0.297148277052547,0.90308253322055,TRUE,0.152003849461628,0.155883849461628,1,TRUE,Pre-installation percentage index (mean = 100),log(percentage index / 100),FALSE
13,13 | Halton 010B,cyclist,Sefton 037D | merton rd,Sefton 037D,merton rd,Merton Rd near Washington Parade,16353;16392,2,Sefton,64.805,66.265,1.45999999999999,1,1,0,Path/cycle facility;Road,Path/cycle facility;Road,TRUE,156,1,1,0.996794871794872,1,39.213141025641,41.5288461538462,1.05758578089507,-0.72284430120491,-0.305264977429212,0.417579323775698,0.257758374332786,0.148067024579778,0.850180478180196,TRUE,0.202692040460944,0.217292040460944,2,FALSE,Pre-installation percentage index (mean = 100),log(percentage index / 100),FALSE
13,13 | Halton 010B,cyclist,Halton 007C | dundalk rd,Halton 007C,dundalk rd,Dundalk Rd,46457;46458;46459,3,Halton,64.805,62.648,2.157,1,1,0,Path/cycle facility;Road,Path/cycle facility;Road,TRUE,156,1,1,0.996794871794872,1,39.213141025641,59.7136752136752,1.5097968889066,-0.72284430120491,-0.801568282500767,0.0787239812958577,0.127683239943182,0.219815255266116,0.829876862328011,TRUE,0.207964278353142,0.229534278353142,3,FALSE,Pre-installation percentage index (mean = 100),log(percentage index / 100),FALSE
13,13 | Halton 010B,cyclist,Liverpool 022D | vauxhall rd,Liverpool 022D,vauxhall rd,Vauxhall Rd near Boundary St,46776;46777;46778;46779,4,Liverpool,64.805,72.513,7.708,1,1,0,Path/cycle facility;Road,Other / crossing;Path/cycle facility;Road,TRUE,155,0.993589743589744,0.967741935483871,0.996774193548387,1,39.1032258064516,39.9225806451613,1.02043114543115,-0.721129216909781,-0.425729413786861,0.29539980312292,0.258423331601576,0.208418603517373,0.872547179389122,TRUE,0.167284034758694,0.244364034758694,4,FALSE,Pre-installation percentage index (mean = 100),log(percentage index / 100),FALSE
13,13 | Halton 010B,cyclist,Liverpool 022D | commercial rd,Liverpool 022D,commercial rd,Commercial Rd near Boundary St,16379;16380;16402;16403,4,Liverpool,64.805,72.513,7.708,1,1,0,Path/cycle facility;Road,Path/cycle facility;Road,TRUE,156,1,1,0.996794871794872,0.987179487179487,39.213141025641,31.8269230769231,0.816323277408042,-0.72284430120491,-0.450277025798828,0.272567275406082,0.172840478778051,0.166619511839934,0.899024769893419,TRUE,0.190833606786486,0.267913606786486,5,FALSE,Pre-installation percentage index (mean = 100),log(percentage index / 100),FALSE
13,13 | Halton 010B,cyclist,Halton 015B | crown gate,Halton 015B,crown gate,Crown Gate,16363,1,Halton,64.805,58.811,5.99400000000001,1,1,0,Path/cycle facility;Road,Road,TRUE,156,1,1,0.996794871794872,1,39.213141025641,38.3910256410257,0.979556051488463,-0.72284430120491,-0.267912020466183,0.454932280738727,0.26142588876702,0.175173494326428,0.688455725752806,TRUE,0.221047026798363,0.280987026798363,6,FALSE,Pre-installation percentage index (mean = 100),log(percentage index / 100),FALSE
13,13 | Halton 010B,cyclist,Knowsley 004A | kirkby row,Knowsley 004A,kirkby row,Kirkby Row near Valley Rd,23792;23793;23794,3,Knowsley,64.805,70.978,6.17299999999999,1,1,0,Path/cycle facility;Road,Path/cycle facility;Road,TRUE,155,0.993589743589744,0.96551724137931,0.996774193548387,1,39.2064516129032,24.5161290322581,0.634627727856226,-0.727407618473955,-0.430495718217161,0.296911900256794,0.215305213023154,0.170510199910266,0.909247672580148,TRUE,0.282036223680618,0.343766223680618,7,FALSE,Pre-installation percentage index (mean = 100),log(percentage index / 100),FALSE
13,13 | Halton 010B,cyclist,Liverpool 059F | western ave,Liverpool 059F,western ave,Western Ave near of Bray Rd,16361;16386;16387,3,Liverpool,64.805,58.134,6.67100000000001,1,1,0,Path/cycle facility;Road,Path/cycle facility;Road,TRUE,156,1,1,0.996794871794872,1,39.213141025641,35.9935897435897,0.919937831267684,-0.72284430120491,-0.266490563588104,0.456353737616806,0.309222533707705,0.265184273528335,0.461730632248811,TRUE,0.281473317463361,0.348183317463361,8,FALSE,Pre-installation percentage index (mean = 100),log(percentage index / 100),FALSE
13,13 | Halton 010B,cyclist,Liverpool 027A | prescot rd,Liverpool 027A,prescot rd,Prescot Rd near Barrymore Rd; Prescot Rd near Dunmore Rd,22890;22891;22892;22893,4,Liverpool,64.805,60.219,4.58600000000001,1,1,0,Path/cycle facility;Road,Path/cycle facility;Road,TRUE,156,1,1,0.996794871794872,1,39.213141025641,56.2516025641026,1.42370382178297,-0.72284430120491,-0.29532688644032,0.42751741476459,0.259515777363758,0.264982912753842,0.884544156603607,TRUE,0.302965181499933,0.348825181499933,9,FALSE,Pre-installation percentage index (mean = 100),log(percentage index / 100),FALSE
13,13 | Halton 010B,cyclist,Wirral 016G | argyle st,Wirral 016G,argyle st,Argyle St; Argyle St near Hamilton Sq,46424;46425;46426;46427;46428,5,Wirral,64.805,71.864,7.059,1,1,0,Path/cycle facility;Road,Path/cycle facility;Road,TRUE,154,0.987179487179487,0.935483870967742,0.996753246753247,0.794805194805195,37.5746753246753,28.4852813852814,0.764368880285049,-0.664628408846789,-0.208475430472405,0.456152978374384,0.2168028250883,0.221312552897805,0.936447987122506,TRUE,0.280460934501164,0.351050934501164,10,FALSE,Pre-installation percentage index (mean = 100),log(percentage index / 100),FALSE
13,13 | Halton 010B,cyclist,Wirral 027D | new chester rd,Wirral 027D,new chester rd,New Chester Rd near Bedford Rd; New Chester Rd near St Paul's Rd,16350;16351;16352;16356;16357;16358,6,Wirral,64.805,59.878,4.92700000000001,1,1,0,Path/cycle facility;Road,Path/cycle facility;Road,TRUE,156,1,1,0.996794871794872,0.996794871794872,39.213141025641,49.1367521367521,1.24677532910905,-0.72284430120491,-0.102453433284377,0.620390867920533,0.295044862993816,0.226533027469555,0.821503247210617,TRUE,0.320777812008844,0.370047812008844,11,FALSE,Pre-installation percentage index (mean = 100),log(percentage index / 100),FALSE
13,13 | Halton 010B,cyclist,Wirral 016G | conway st,Wirral 016G,conway st,"Conway St - Westbound, near Argyle St",45432;45433;45440,3,Wirral,64.805,71.864,7.059,1,1,0,Path/cycle facility;Road,Other / crossing;Path/cycle facility;Road,TRUE,146,0.935897435897436,0.903225806451613,0.996575342465753,1,37.8236301369863,28.3150684931507,0.755083138534821,-0.662182026797793,-0.189358837939295,0.472823188858498,0.247545996753069,0.248300482802874,0.763361696954737,TRUE,0.308702171468585,0.379292171468585,12,FALSE,Pre-installation percentage index (mean = 100),log(percentage index / 100),FALSE
13,13 | Halton 010B,cyclist,Halton 015B | busway,Halton 015B,busway,"Busway near Palacefields Ave; Busway, near Palacefields Ave",16369;22875,2,Halton,64.805,58.811,5.99400000000001,1,1,0,Path/cycle facility;Road,Other / crossing;Road,TRUE,154,0.987179487179487,0.966666666666667,0.996753246753247,0.948051948051948,39.1055194805195,28.6428571428571,0.739121635296498,-0.719669758468961,-0.252254685201204,0.467415073267758,0.351428047198234,0.20749332482723,0.684506593940373,TRUE,0.334868641227297,0.394808641227297,13,FALSE,Pre-installation percentage index (mean = 100),log(percentage index / 100),FALSE
13,13 | Halton 010B,cyclist,Liverpool 011C | utting ave east,Liverpool 011C,utting ave east,Utting Ave East near Parthenon Dr,22889,1,Liverpool,64.805,57.15,7.65500000000001,1,1,0,Path/cycle facility;Road,Road,TRUE,156,1,1,0.996794871794872,1,39.213141025641,24.4038461538462,0.631729964531941,-0.72284430120491,-0.293443877273436,0.429400423931474,0.305251950153125,0.295430450926369,0.855786772749548,TRUE,0.350313094477001,0.426863094477001,14,FALSE,Pre-installation percentage index (mean = 100),log(percentage index / 100),FALSE
13,13 | Halton 010B,cyclist,Liverpool 022D | boundary st,Liverpool 022D,boundary st,Boundary St; Boundary St near Commercial Rd,46780;46781;46782;46786;46787;46789,6,Liverpool,64.805,72.513,7.708,1,1,0,Path/cycle facility;Road,Path/cycle facility;Road,TRUE,156,1,1,0.996794871794872,0.996794871794872,39.213141025641,28.2863247863248,0.728277474461669,-0.72284430120491,-0.0637811753528189,0.659063125852091,0.376325030287646,0.175913342048552,0.690337250401652,TRUE,0.383710343834643,0.460790343834643,15,FALSE,Pre-installation percentage index (mean = 100),log(percentage index / 100),FALSE
13,13 | Halton 010B,cyclist,Liverpool 010G | utting ave east,Liverpool 010G,utting ave east,Utting Ave East near Lorenzo Dr,23795,1,Liverpool,64.805,58.76,6.04500000000001,1,1,0,Path/cycle facility;Road,Road,TRUE,154,0.987179487179487,0.931034482758621,0.996753246753247,1,39.1850649350649,20.0974025974026,0.525006059626727,-0.738443838705102,-0.255632708879876,0.482811129825227,0.243537988838121,0.288436867548492,0.795083414256654,TRUE,0.41630100701184,0.47675100701184,16,FALSE,Pre-installation percentage index (mean = 100),log(percentage index / 100),FALSE
13,13 | Halton 010B,cyclist,Wirral 011E | fender ln,Wirral 011E,fender ln,Fender Ln,16377;16378;16397;51146;51147;51148,6,Wirral,64.805,72.478,7.67299999999999,1,1,0,Path/cycle facility;Road,Other / crossing;Path/cycle facility;Road,TRUE,151,0.967948717948718,0.935483870967742,0.996688741721854,1,39.0480132450331,23.8046357615894,0.619372442019099,-0.747158208191771,-0.106924500285933,0.640233707905839,0.284571702665731,0.255892913824727,0.781123727316592,TRUE,0.413158170782095,0.489888170782095,17,FALSE,Pre-installation percentage index (mean = 100),log(percentage index / 100),FALSE
13,13 | Halton 010B,cyclist,Wirral 016G | conway st eastbound,Wirral 016G,conway st eastbound,"Conway St Eastbound, near Argyle St",45431;45441;45442,3,Wirral,64.805,71.864,7.059,1,1,0,Path/cycle facility;Road,Other / crossing;Path/cycle facility;Road,TRUE,153,0.980769230769231,0.935483870967742,0.996732026143791,1,39.3169934640523,23.4705882352941,0.60695468914647,-0.726201880637077,-0.132638505747477,0.5935633748896,0.296320134342294,0.334158469011252,0.687846390815312,TRUE,0.426427163390626,0.497017163390626,18,FALSE,Pre-installation percentage index (mean = 100),log(percentage index / 100),FALSE
13,13 | Halton 010B,cyclist,Liverpool 037D | princes rd,Liverpool 037D,princes rd,Princes Rd near Upper Stanhope St,49940;49941;49945,3,Liverpool,64.805,54.618,10.187,1,1,0,Path/cycle facility;Road,Other / crossing;Path/cycle facility;Road,FALSE,2,0.0128205128205128,0,1,1,42.5,128.666666666667,2.98084291187739,,,,Inf,0.0151625043090344,,FALSE,,,19,FALSE,Pre-installation percentage index (mean = 100),log(percentage index / 100),FALSE
13,13 | Halton 010B,cyclist,Liverpool 037A | catharine st,Liverpool 037A,catharine st,Catharine St near Back Canning St; Catharine St near Caledonia St (NB traffic); Catharine St near Caledonia St (SB traffic),49922;49923;49924;49926;49927;49928;49942;49943;49944;57105;57122,11,Liverpool,64.805,43.775,21.03,1,2,1,Path/cycle facility;Road,Other / crossing;Path/cycle facility;Road,FALSE,3,0.0192307692307692,0,1,0.541666666666667,43.8333333333333,93.8222222222222,2.11499380421314,,,,Inf,0.227470440814326,,FALSE,,,20,FALSE,Pre-installation percentage index (mean = 100),log(percentage index / 100),FALSE
13,13 | Halton 010B,cyclist,Halton 014A | wood ln,Halton 014A,wood ln,Wood Ln,49938;49939,2,Halton,64.805,27.06,37.745,1,3,2,Path/cycle facility;Road,Other / crossing,FALSE,2,0.0128205128205128,0,1,1,42.5,31,0.735632183908046,,,,Inf,0.211716572764933,,FALSE,,,21,FALSE,Pre-installation percentage index (mean = 100),log(percentage index / 100),FALSE
13,13 | Halton 010B,cyclist,Halton 016D | rocksavage expressway,Halton 016D,rocksavage expressway,Rocksavage Expressway near Clifton Rbt,49936;49937,2,Halton,64.805,12.138,52.667,1,7,6,Path/cycle facility;Road,Path/cycle facility;Road,FALSE,2,0.0128205128205128,0,1,1,42.5,16.5,0.402298850574713,,,,Inf,0.0400021613771723,,FALSE,,,22,FALSE,Pre-installation percentage index (mean = 100),log(percentage index / 100),FALSE
13,13 | Halton 010B,cyclist,Halton 007A | waterfront rbt,Halton 007A,waterfront rbt,Waterfront Rbt near Grn Oaks Way,49530;49531;49532,3,Halton,64.805,58.639,6.166,1,1,0,Path/cycle facility;Road,Other / crossing;Path/cycle facility;Road,TRUE,35,0.224358974358974,0,1,0.980952380952381,34.2642857142857,40.4952380952381,1.1766929984471,0.317910916179025,0.240096267636021,0.0778146485430045,0.0570119070644553,0.330151501096025,0.557836654647331,FALSE,0.246634348521052,0.308294348521052,23,FALSE,Pre-installation percentage index (mean = 100),log(percentage index / 100),FALSE
13,13 | Halton 010B,cyclist,Knowsley 008F | stockbridge ln,Knowsley 008F,stockbridge ln,Stockbridge Ln near Waterpark Dr,23811;23812;23813,3,Knowsley,64.805,77.148,12.343,1,1,0,Path/cycle facility;Road,Path/cycle facility;Road,FALSE,154,0.987179487179487,0.96551724137931,0.996753246753247,1,39.0616883116883,37.7186147186147,0.966474862900829,-0.723341355116165,-0.159230775313201,0.564110579802964,0.242142722549776,0.318720899890745,0.821234564888635,FALSE,0.251962320910867,0.375392320910867,24,FALSE,Pre-installation percentage index (mean = 100),log(percentage index / 100),FALSE
13,13 | Halton 010B,cyclist,Sefton 004I | talbot st,Sefton 004I,talbot st,Talbot St near Portland St,16370;16371;16372,3,Sefton,64.805,55.692,9.11300000000001,1,1,0,Path/cycle facility;Road,Other / crossing;Road,TRUE,139,0.891025641025641,0.551724137931035,0.996402877697842,1,39.7931654676259,34.3669064748202,0.866981173669591,-0.847904704340211,-0.30544367256412,0.542461031776091,0.265814293865815,0.24255532324708,0.894704032069262,FALSE,0.294427018034628,0.385557018034628,25,FALSE,Pre-installation percentage index (mean = 100),log(percentage index / 100),FALSE
13,13 | Halton 010B,cyclist,Liverpool 023B | breck rd,Liverpool 023B,breck rd,Breck Rd near Spindle Close,22872;22873;22874,3,Liverpool,64.805,46.712,18.093,1,1,0,Path/cycle facility;Road,Other / crossing;Path/cycle facility,FALSE,156,1,1,0.996794871794872,1,39.213141025641,41.4337606837607,1.05522124364032,-0.72284430120491,-0.343587969332759,0.379256331872151,0.291352122993405,0.331809774042732,0.794578364594468,FALSE,0.223093041287919,0.404023041287919,26,FALSE,Pre-installation percentage index (mean = 100),log(percentage index / 100),FALSE
13,13 | Halton 010B,cyclist,Knowsley 003D | cherryfield dr,Knowsley 003D,cherryfield dr,Cherryfield Dr near Cherryfield Cres,16347;16348;16349,3,Knowsley,64.805,60.307,4.498,1,1,0,Path/cycle facility;Road,Path/cycle facility;Road,TRUE,156,1,1,0.996794871794872,1,39.213141025641,19.0747863247863,0.499209606928891,-0.72284430120491,-0.292772918889647,0.430071382315262,0.242718969620089,0.145595570596266,0.894197872842009,FALSE,0.389780430927378,0.434760430927378,27,FALSE,Pre-installation percentage index (mean = 100),log(percentage index / 100),FALSE
13,13 | Halton 010B,cyclist,Knowsley 020C | old hutte ln,Knowsley 020C,old hutte ln,Old Hutte Ln near Higher Rd,49276;49277;49278,3,Knowsley,64.805,60.604,4.20100000000001,1,1,0,Path/cycle facility;Road,Other / crossing;Path/cycle facility;Road,TRUE,55,0.352564102564103,0,1,1,32.1045454545455,27.2060606060606,0.852029841182663,0.408057717286331,0.835381637904882,0.427323920618551,0.35523577539549,0.255313117068264,0.383744396561656,FALSE,0.39544692052736,0.43745692052736,28,FALSE,Pre-installation percentage index (mean = 100),log(percentage index / 100),FALSE
13,13 | Halton 010B,cyclist,Sefton 004G | hoghton st,Sefton 004G,hoghton st,Hoghton St near Hoghton Grove; Hoghton St near Queen's Rd,43340;43342;43343;43493;43494;43495,6,Sefton,64.805,45.56,19.245,1,1,0,Path/cycle facility;Road,Path/cycle facility;Road,FALSE,156,1,1,0.996794871794872,0.980769230769231,39.213141025641,30.7275641025641,0.78898497588969,-0.72284430120491,-0.357978553147808,0.364865748057101,0.256467245859536,0.214202023838527,0.883888249260013,FALSE,0.247444945780056,0.439894945780056,29,FALSE,Pre-installation percentage index (mean = 100),log(percentage index / 100),FALSE
13,13 | Halton 010B,cyclist,Liverpool 057D | saint mary's rd,Liverpool 057D,saint mary's rd,Saint Mary's Rd near Sidwell St,16375;16376;16395,3,Liverpool,64.805,45.859,18.946,1,1,0,Path/cycle facility;Road,Path/cycle facility;Road,FALSE,156,1,1,0.996794871794872,0.974358974358974,39.213141025641,49.1196581196581,1.24635024375988,-0.72284430120491,-0.257050006357463,0.465794294847447,0.263096073054277,0.354457803357641,0.819394503944115,FALSE,0.289761755748646,0.479221755748646,30,FALSE,Pre-installation percentage index (mean = 100),log(percentage index / 100),FALSE
13,13 | Halton 010B,cyclist,Sefton 004H | king st,Sefton 004H,king st,King St near Wellington St,40740;40741;40742,3,Sefton,64.805,55.692,9.11300000000001,1,1,0,Path/cycle facility;Road,Path/cycle facility;Road,TRUE,156,1,1,0.996794871794872,1,39.213141025641,17.4081196581197,0.457763785385034,-0.72284430120491,-0.408754689673976,0.314089611530933,0.232717896968761,0.3052261760124,0.865195118720364,FALSE,0.403649938520469,0.494779938520469,31,FALSE,Pre-installation percentage index (mean = 100),log(percentage index / 100),FALSE
13,13 | Halton 010B,cyclist,Halton 006B | cycle ln,Halton 006B,cycle ln,Cycle Ln near Liverpool Rd / Prescott Rd,16366,1,Halton,64.805,38.588,26.217,1,2,1,Path/cycle facility;Road,Path/cycle facility,FALSE,156,1,1,0.996794871794872,1,39.213141025641,27.5961538461538,0.71111465348902,-0.72284430120491,-0.616562302427707,0.106281998777202,0.190406477878066,0.26814795407734,0.853692305521062,FALSE,0.208534098190018,0.520704098190018,32,FALSE,Pre-installation percentage index (mean = 100),log(percentage index / 100),FALSE
13,13 | Halton 010B,cyclist,Sefton 003B | marshside rd,Sefton 003B,marshside rd,Marshside Rd near Fylde Rd,22884;22885;22886,3,Sefton,64.805,40.465,24.34,1,2,1,Path/cycle facility;Road,Path/cycle facility;Road,FALSE,156,1,1,0.996794871794872,1,39.213141025641,33.7649572649573,0.864517328869937,-0.72284430120491,-0.306235112219615,0.416609188985294,0.228958601349637,0.10558970467752,0.768332596288336,FALSE,0.227505163494633,0.520905163494633,33,FALSE,Pre-installation percentage index (mean = 100),log(percentage index / 100),FALSE
13,13 | Halton 010B,cyclist,Knowsley 002B | kirkby row,Knowsley 002B,kirkby row,Kirkby Row near Whitefield Dr,23789;23790;23791,3,Knowsley,64.805,33.737,31.068,1,2,1,Path/cycle facility;Road,Path/cycle facility;Road,FALSE,150,0.961538461538461,0.931034482758621,0.996666666666667,1,39.1133333333333,38.2955555555556,0.979613317821727,-0.720773153128593,-0.4511049510074,0.269668202121193,0.255710862627538,0.252998050511904,0.785783428637132,FALSE,0.176997912345141,0.537677912345141,34,FALSE,Pre-installation percentage index (mean = 100),log(percentage index / 100),FALSE
13,13 | Halton 010B,cyclist,Wirral 016C | conway st,Wirral 016C,conway st,"Conway St - Eastbound, near Europa Boulevard; Conway St - Westbound , near Europa Boulevard",45425;45427;45428;45429;45434;45437,6,Wirral,64.805,75.862,11.057,1,1,0,Path/cycle facility;Road,Other / crossing;Path/cycle facility;Road,FALSE,150,0.961538461538461,0.933333333333333,0.996666666666667,0.962222222222222,39.2033333333333,16.8194444444444,0.443233009977061,-0.740693767290854,-0.299364697403339,0.441329069887515,0.22949078495795,0.220225011829179,0.907955698357861,FALSE,0.438533887887471,0.549103887887471,35,FALSE,Pre-installation percentage index (mean = 100),log(percentage index / 100),FALSE
13,13 | Halton 010B,cyclist,Liverpool 030A | wedgewood st,Liverpool 030A,wedgewood st,Wedgewood St near Quorn St,49396,1,Liverpool,64.805,69.234,4.42899999999999,1,1,0,Path/cycle facility;Road,Road,TRUE,47,0.301282051282051,0,1,1,32.6010638297872,14.1702127659574,0.451480132974513,0.487046477590724,0.136154818154194,0.35089165943653,0.0876887128047656,0.229702994046723,0.409886441295537,FALSE,0.510745382940456,0.555035382940456,36,FALSE,Pre-installation percentage index (mean = 100),log(percentage index / 100),FALSE
13,13 | Halton 010B,cyclist,Liverpool 030A | holt rd,Liverpool 030A,holt rd,Holt Rd near Edge Ln,49388;49389;49390,3,Liverpool,64.805,69.234,4.42899999999999,1,1,0,Path/cycle facility;Road,Path/cycle facility;Road,TRUE,42,0.269230769230769,0,1,1,31.7083333333333,85.7142857142857,2.65113739763421,0.484876369843713,0.219854038924294,0.265022330919419,0.0124710942853682,0.354134076191689,0.700020202755688,FALSE,0.513196276839907,0.557486276839907,37,FALSE,Pre-installation percentage index (mean = 100),log(percentage index / 100),FALSE
13,13 | Halton 010B,cyclist,Wirral 016C | europa boulevard - norhtbound,Wirral 016C,europa boulevard - norhtbound,Europa Boulevard - Norhtbound,45426;45435;45436,3,Wirral,64.805,75.862,11.057,1,1,0,Path/cycle facility;Road,Other / crossing;Path/cycle facility;Road,FALSE,150,0.961538461538461,0.903225806451613,0.996666666666667,1,37.8016666666667,14.4733333333333,0.398780121128817,-0.662708383908496,-0.277177381193385,0.385531002715111,0.2306896457892,0.128921561735846,0.886543168850772,FALSE,0.449490499048775,0.560060499048774,38,FALSE,Pre-installation percentage index (mean = 100),log(percentage index / 100),FALSE
13,13 | Halton 010B,cyclist,Knowsley 020C | higher rd,Knowsley 020C,higher rd,"Higher Rd, E of Old Hutte Ln; Higher Rd, W of Old Hutte Ln",49271;49272;49273;49274;49275;49399;49400,7,Knowsley,64.805,60.604,4.20100000000001,1,1,0,Path/cycle facility;Road,Other / crossing;Path/cycle facility;Road,TRUE,57,0.365384615384615,0,1,1,32.4824561403509,15.7268170426065,0.499569594670459,0.421387959606521,0.0372636086789882,0.384124350927533,0.0294354665211845,0.406523679991932,0.101994258164471,FALSE,0.522304401028419,0.564314401028419,39,FALSE,Pre-installation percentage index (mean = 100),log(percentage index / 100),FALSE
13,13 | Halton 010B,cyclist,Wirral 008C | birkenhead rd,Wirral 008C,birkenhead rd,Birkenhead Rd,49567;49568,2,Wirral,64.805,76.106,11.301,1,1,0,Path/cycle facility;Road,Path/cycle facility;Road,FALSE,35,0.224358974358974,0,1,1,34.55,71.0714285714286,2.02732569821177,0.431676745644392,0.186791602118677,0.244885143525715,0.0516621489266016,0.37153930330312,0.563877823279753,FALSE,0.453117175297867,0.566127175297867,40,FALSE,Pre-installation percentage index (mean = 100),log(percentage index / 100),FALSE
13,13 | Halton 010B,cyclist,Sefton 004A | queen's rd,Sefton 004A,queen's rd,Queen's Rd near Hawkshead St,43346;43347,2,Sefton,64.805,40.356,24.449,1,2,1,Path/cycle facility;Road,Road,FALSE,156,1,1,0.996794871794872,1,39.213141025641,63.4839743589744,1.60355477623241,-0.72284430120491,-0.486764451955987,0.236079849248922,0.218444993873664,0.207130077572351,0.906699113573965,FALSE,0.274579183893147,0.569069183893147,41,FALSE,Pre-installation percentage index (mean = 100),log(percentage index / 100),FALSE
13,13 | Halton 010B,cyclist,Halton 012F | bridge st,Halton 012F,bridge st,Bridge St near Bold St,48853;48854;48855,3,Halton,64.805,36.719,28.086,1,2,1,Path/cycle facility;Road,Other / crossing;Road,FALSE,88,0.564102564102564,0,1,1,32.7698863636364,25.25,0.777319761083537,0.18878994109372,0.362745112951692,0.173955171857972,0.132101641557798,0.219737986943716,0.691113587944747,FALSE,0.27013747707429,0.60099747707429,42,FALSE,Pre-installation percentage index (mean = 100),log(percentage index / 100),FALSE
13,13 | Halton 010B,cyclist,Wirral 016G | hamilton st,Wirral 016G,hamilton st,Hamilton St near Chester St; Hamilton St near Hamilton Sq; Hamilton St near Shore Rd,46432;46433;46434;46435;47770,5,Wirral,64.805,71.864,7.059,1,1,0,Path/cycle facility;Road,Other / crossing;Road,TRUE,156,1,1,0.996794871794872,0.945512820512821,39.213141025641,14.3830128205128,0.382536962499502,-0.72284430120491,-0.151920987711122,0.570923313493787,0.29651510649856,0.284127245961204,0.837539857167154,FALSE,0.537535690036271,0.608125690036271,43,FALSE,Pre-installation percentage index (mean = 100),log(percentage index / 100),FALSE
13,13 | Halton 010B,cyclist,Wirral 031C | new chester rd,Wirral 031C,new chester rd,New Chester Rd near Sefton Rd,16381;16382;16383,3,Wirral,64.805,44.541,20.264,1,1,0,Path/cycle facility;Road,Other / crossing;Road,FALSE,155,0.993589743589744,0.966666666666667,0.996774193548387,1,39.2161290322581,79.447311827957,2.00037432154221,-0.72138484276409,-0.243138901989151,0.478245940774939,0.283235473946913,0.191661248590247,0.9128668985999,FALSE,0.414236781937509,0.616876781937509,44,FALSE,Pre-installation percentage index (mean = 100),log(percentage index / 100),FALSE
13,13 | Halton 010B,cyclist,Wirral 016F | argyle st,Wirral 016F,argyle st,Argyle St near Bridge St,46429;46430;46431,3,Wirral,64.805,71.864,7.059,1,1,0,Path/cycle facility;Road,Path/cycle facility;Road,TRUE,139,0.891025641025641,0.838709677419355,1,1,37.4334532374101,11.5227817745803,0.325830252546524,-0.663718249933865,-0.307301954461544,0.356416295472321,0.302417508852932,0.229495593387358,0.723537635773945,FALSE,0.550110224758441,0.620700224758441,45,FALSE,Pre-installation percentage index (mean = 100),log(percentage index / 100),FALSE
13,13 | Halton 010B,cyclist,Sefton 029B | ashbourne ave,Sefton 029B,ashbourne ave,Ashbourne Ave near Elton Ave,45854,1,Sefton,64.805,40.265,24.54,1,2,1,Path/cycle facility;Road,Path/cycle facility,FALSE,150,0.961538461538461,0.793103448275862,0.996666666666667,1,39.3616666666667,58.96,1.48556798942891,-0.79769598736607,-0.343051065930186,0.454644921435884,0.262630870718423,0.228265855475732,0.906618024233358,FALSE,0.329525913879856,0.624925913879856,46,FALSE,Pre-installation percentage index (mean = 100),log(percentage index / 100),FALSE
13,13 | Halton 010B,cyclist,Liverpool 058C | western ave,Liverpool 058C,western ave,Western Ave near of Bray Rd,16362,1,Liverpool,64.805,54.692,10.113,1,1,0,Path/cycle facility;Road,Road,FALSE,156,1,1,0.996794871794872,1,39.213141025641,14.9038461538462,0.395488781731957,-0.72284430120491,-0.112855815822927,0.609988485381983,0.308548995636115,0.202135302455515,0.765898988535568,FALSE,0.536280665360129,0.637410665360129,47,FALSE,Pre-installation percentage index (mean = 100),log(percentage index / 100),FALSE
13,13 | Halton 010B,cyclist,Liverpool 030A | quorn st,Liverpool 030A,quorn st,Quorn St near Brae St,49395,1,Liverpool,64.805,69.234,4.42899999999999,1,1,0,Path/cycle facility;Road,Road,TRUE,47,0.301282051282051,0,1,1,32.4308510638298,7.74468085106383,0.261575178997613,0.480835911007568,0.299486076584663,0.181349834422905,0.00479216981413101,0.232602909037173,0.614190434722704,FALSE,0.595383101058364,0.639673101058363,48,FALSE,Pre-installation percentage index (mean = 100),log(percentage index / 100),FALSE
13,13 | Halton 010B,cyclist,Liverpool 031G | quorn st,Liverpool 031G,quorn st,Quorn St near Wedgewood St,49394,1,Liverpool,64.805,63.779,1.026,1,1,0,Path/cycle facility;Road,Road,TRUE,46,0.294871794871795,0,1,1,32.25,9.84782608695652,0.326250408630271,0.495401178039535,0.150787922155138,0.344613255884397,0.122607973083536,0.18879048398165,0.206169255252715,FALSE,0.630220462068942,0.640480462068942,49,FALSE,Pre-installation percentage index (mean = 100),log(percentage index / 100),FALSE
13,13 | Halton 010B,cyclist,Wirral 005A | egremont promenade,Wirral 005A,egremont promenade,Egremont Promenade,49587;49588;49589,3,Wirral,64.805,63.141,1.66400000000001,1,1,0,Path/cycle facility;Road,Path/cycle facility,TRUE,30,0.192307692307692,0,1,1,33.3166666666667,93.9444444444444,2.76671523393233,0.432454123397077,0.057721918149947,0.37473220524713,0.0105149560498816,0.591952778299004,0.253831822693679,FALSE,0.625280987591028,0.641920987591028,50,FALSE,Pre-installation percentage index (mean = 100),log(percentage index / 100),FALSE
13,13 | Halton 010B,cyclist,Sefton 004B | marine dr,Sefton 004B,marine dr,Marine Dr near Marshside Rd,49482;49483;49484,3,Sefton,64.805,51.794,13.011,1,1,0,Path/cycle facility;Road,Other / crossing;Path/cycle facility;Road,FALSE,37,0.237179487179487,0,1,1,34.3513513513514,42.7297297297297,1.23700305810398,0.292181919444385,-0.304961895760286,0.597143815204671,0.0635902840302861,0.548344504079074,-0.536322780386325,FALSE,0.522419234375178,0.652529234375179,51,FALSE,Pre-installation percentage index (mean = 100),log(percentage index / 100),FALSE
13,13 | Halton 010B,cyclist,Halton 013C | runcorn spur rd,Halton 013C,runcorn spur rd,Runcorn Spur Rd,46460;46462,2,Halton,64.805,52.546,12.259,1,1,0,Path/cycle facility;Road,Path/cycle facility;Road,FALSE,153,0.980769230769231,0.935483870967742,0.996732026143791,1,38.6013071895425,13.4019607843137,0.363673873576498,-0.717675524009886,-0.609971203429461,0.107704320580425,0.474936797437158,0.289890000888235,0.272615073763315,FALSE,0.531441005349876,0.654031005349876,52,FALSE,Pre-installation percentage index (mean = 100),log(percentage index / 100),FALSE
13,13 | Halton 010B,cyclist,Halton 014D | busway,Halton 014D,busway,Busway near Stockham Ln,22897;54966;54967,3,Halton,64.805,58.314,6.49100000000001,1,1,0,Path/cycle facility;Road,Other / crossing;Path/cycle facility,TRUE,155,0.993589743589744,0.96551724137931,0.996774193548387,1,39.2112903225806,8.10752688172043,0.226491783990481,-0.732522168301897,-0.556833821902811,0.175688346399086,0.224362707914704,0.29778304120975,0.734949714081603,FALSE,0.592797884516556,0.657707884516556,53,FALSE,Pre-installation percentage index (mean = 100),log(percentage index / 100),FALSE
13,13 | Halton 010B,cyclist,Wirral 016G | chester st,Wirral 016G,chester st,Chester St,46436;46437;46438,3,Wirral,64.805,71.864,7.059,1,1,0,Path/cycle facility;Road,Other / crossing;Road,TRUE,155,0.993589743589744,0.967741935483871,0.996774193548387,1,37.6532258064516,11.094623655914,0.312900758049934,-0.650739872444343,-0.0957139652372839,0.555025907207059,0.265467271588697,0.257914911464378,0.806077114295323,FALSE,0.587689178900745,0.658279178900745,54,FALSE,Pre-installation percentage index (mean = 100),log(percentage index / 100),FALSE
13,13 | Halton 010B,cyclist,Halton 012F | leiria way,Halton 012F,leiria way,Leiria Way,47337;47338,2,Halton,64.805,36.719,28.086,1,2,1,Path/cycle facility;Road,Other / crossing;Path/cycle facility,FALSE,155,0.993589743589744,0.96551724137931,0.996774193548387,0.664516129032258,39.2129032258064,47.1838709677419,1.1982191561046,-0.725925829559839,-1.42062776471521,0.694701935155373,0.358014563520227,0.285196479341723,0.825895592707249,FALSE,0.364116964516139,0.694976964516139,55,FALSE,Pre-installation percentage index (mean = 100),log(percentage index / 100),FALSE
13,13 | Halton 010B,cyclist,St. Helens 024E | peasley cross ln,St. Helens 024E,peasley cross ln,Peasley Cross Ln near McManus Dr,22882;22883,2,St. Helens,64.805,40.867,23.938,1,2,1,Path/cycle facility;Road,Path/cycle facility;Road,FALSE,149,0.955128205128205,0.774193548387097,0.996644295302013,1,39.7013422818792,23.1912751677852,0.59436062329953,-0.724649831476699,-0.299925320221174,0.424724511255525,0.319138391284954,0.326994887547548,0.653887852042204,FALSE,0.407101917351831,0.696481917351832,56,FALSE,Pre-installation percentage index (mean = 100),log(percentage index / 100),FALSE
13,13 | Halton 010B,cyclist,Halton 014B | murdishaw ave,Halton 014B,murdishaw ave,Murdishaw Ave near Rose Close,47782;47783,2,Halton,64.805,44.323,20.482,1,1,0,Path/cycle facility;Road,Path/cycle facility;Road,FALSE,119,0.762820512820513,0.32258064516129,0.995798319327731,1,43.7941176470588,16.3361344537815,0.387018103367414,-0.741303811674625,-0.494252625462899,0.247051186211726,0.252898095920168,0.326316407711682,0.71919054413651,FALSE,0.503780170724789,0.708600170724789,57,FALSE,Pre-installation percentage index (mean = 100),log(percentage index / 100),FALSE
13,13 | Halton 010B,cyclist,Wirral 016C | europa boulevard - southbound,Wirral 016C,europa boulevard - southbound,Europa Boulevard - Southbound,45430;45438;45439,3,Wirral,64.805,75.862,11.057,1,1,0,Path/cycle facility;Road,Other / crossing;Path/cycle facility;Road,FALSE,153,0.980769230769231,0.75,0.996732026143791,1,39.1388888888889,10.483660130719,0.286098107062895,-0.718258671034516,-0.219135815019741,0.499122856014775,0.278191805496475,0.1547753196359,0.812866483214211,FALSE,0.603661044488235,0.714231044488235,58,FALSE,Pre-installation percentage index (mean = 100),log(percentage index / 100),FALSE
13,13 | Halton 010B,cyclist,Liverpool 002E | rice ln,Liverpool 002E,rice ln,Rice Ln near Longmoor Ln,49498;49499;49500,3,Liverpool,64.805,40.978,23.827,1,2,1,Path/cycle facility;Road,Path/cycle facility;Road,FALSE,34,0.217948717948718,0,1,1,33.7647058823529,80.5686274509804,2.3463056965595,0.286811582601628,0.0901966678580533,0.196614914743575,0.00316247767880293,0.306509127399884,0.907713645627085,FALSE,0.434620950655829,0.722890950655829,59,FALSE,Pre-installation percentage index (mean = 100),log(percentage index / 100),FALSE
13,13 | Halton 010B,cyclist,Halton 014D | murdishaw centre,Halton 014D,murdishaw centre,Murdishaw Centre,23806,1,Halton,64.805,58.314,6.49100000000001,1,1,0,Path/cycle facility;Road,Road,TRUE,112,0.717948717948718,0,0.995535714285714,1,41.4799107142857,19.4910714285714,0.482370868582838,-1.2085357827652,-0.259341471755082,0.949194311010115,0.334175158744005,0.349875663914934,0.513413636312414,FALSE,0.670818197820608,0.735728197820608,60,FALSE,Pre-installation percentage index (mean = 100),log(percentage index / 100),FALSE
13,13 | Halton 010B,cyclist,Liverpool 042C | fir ln,Liverpool 042C,fir ln,Fir Ln near Prince Alfred Rd,23780;23781,2,Liverpool,64.805,34.15,30.655,1,2,1,Path/cycle facility;Road,Path/cycle facility;Road,FALSE,156,1,1,0.996794871794872,1,39.213141025641,79.7307692307692,2.00757183278205,-0.72284430120491,-1.02454131471814,0.301697013513231,0.311291090767886,0.23173278996464,0.516038074762385,FALSE,0.418489983984274,0.775039983984274,61,FALSE,Pre-installation percentage index (mean = 100),log(percentage index / 100),FALSE
13,13 | Halton 010B,cyclist,Wirral 036G | new chester rd,Wirral 036G,new chester rd,New Chester Rd near Pool Ln,49537;49538;49539;49540,4,Wirral,64.805,29.136,35.669,1,3,2,Path/cycle facility;Road,Path/cycle facility;Road,FALSE,36,0.230769230769231,0,1,1,34.5625,43.0555555555556,1.23882054286272,0.317428951918023,0.519544139173406,0.202115187255383,0.182871836168529,0.345162917324935,0.544660025160582,FALSE,0.319862917281165,0.776552917281166,62,FALSE,Pre-installation percentage index (mean = 100),log(percentage index / 100),FALSE
13,13 | Halton 010B,cyclist,Liverpool 042C | prince alfred rd,Liverpool 042C,prince alfred rd,Prince Alfred Rd near Fir Ln,22877;22878;22879,3,Liverpool,64.805,34.15,30.655,1,2,1,Path/cycle facility;Road,Path/cycle facility;Road,FALSE,156,1,1,0.996794871794872,1,39.213141025641,20.6880341880342,0.539327036756599,-0.72284430120491,-0.160331697896982,0.562512603307927,0.290026559978357,0.186699474825742,0.810365977256199,FALSE,0.421657012442016,0.778207012442016,63,FALSE,Pre-installation percentage index (mean = 100),log(percentage index / 100),FALSE
13,13 | Halton 010B,cyclist,Halton 012F | devonshire pl,Halton 012F,devonshire pl,Devonshire Pl,48386;48387;48388;48389,4,Halton,64.805,36.719,28.086,1,2,1,Path/cycle facility;Road,Other / crossing;Path/cycle facility,FALSE,141,0.903846153846154,0,0.99645390070922,1,33.6170212765958,103.570921985816,3.02079491907396,-0.28128651520605,-0.16598945957062,0.11529705563543,0.0467633493601124,0.270743497124749,0.911249868731182,FALSE,0.460767298388672,0.791627298388672,64,FALSE,Pre-installation percentage index (mean = 100),log(percentage index / 100),FALSE
13,13 | Halton 010B,cyclist,Halton 005C | kingsway,Halton 005C,kingsway,"Kingsway, S of Milton Rd",49503;49504;49505;49506;49507,5,Halton,64.805,40.149,24.656,1,2,1,Path/cycle facility;Road,Other / crossing;Path/cycle facility;Road,FALSE,36,0.230769230769231,0,1,1,34.3541666666667,15.8555555555556,0.476762914947947,0.297743027495188,-0.0485540555346877,0.346297083029875,0.0300037810619136,0.385457030934432,0.329722020313263,FALSE,0.508830850085927,0.805390850085928,65,FALSE,Pre-installation percentage index (mean = 100),log(percentage index / 100),FALSE
13,13 | Halton 010B,cyclist,St. Helens 022A | warrington rd,St. Helens 022A,warrington rd,Warrington Rd near Clock Face Rd,22894;22895;22896,3,St. Helens,64.805,40.354,24.451,1,2,1,Path/cycle facility;Road,Other / crossing;Path/cycle facility,FALSE,156,1,1,0.996794871794872,1,39.213141025641,20.9038461538462,0.544693739289842,-0.72284430120491,-0.425458291560606,0.297386009644304,0.627782277321608,0.499484338076511,-0.084124870032766,FALSE,0.540683611654693,0.835193611654693,66,FALSE,Pre-installation percentage index (mean = 100),log(percentage index / 100),FALSE
13,13 | Halton 010B,cyclist,Liverpool 003D | rice ln & hornby ln,Liverpool 003D,rice ln & hornby ln,Rice Ln & Hornby Ln,49519;49520;49521,3,Liverpool,64.805,43.297,21.508,1,2,1,Path/cycle facility;Road,Road,FALSE,32,0.205128205128205,0,1,1,33.7578125,102.541666666667,2.97894657975575,0.313824710328679,0.0478440163484179,0.265980693980261,0.00189660165815241,0.365014512130644,0.291061540323863,FALSE,0.591484303139871,0.856564303139871,67,FALSE,Pre-installation percentage index (mean = 100),log(percentage index / 100),FALSE
13,13 | Halton 010B,cyclist,Sefton 004I | chapel st,Sefton 004I,chapel st,Chapel St,16360,1,Sefton,64.805,55.692,9.11300000000001,1,1,0,Path/cycle facility;Road,Road,TRUE,148,0.948717948717949,0.75,0.996621621621622,1,38.9358108108108,267.716216216216,6.72870315540141,-0.725265696488426,-0.342874753135288,0.382390943353137,0.249739414062658,0.288124594991418,0.902945775776405,FALSE,0.77121125075873,0.86234125075873,68,FALSE,Pre-installation percentage index (mean = 100),log(percentage index / 100),FALSE
13,13 | Halton 010B,cyclist,Sefton 038A | stuart rd,Sefton 038A,stuart rd,Stuart Rd,45858;45859;45860;45861,4,Sefton,64.805,29.871,34.934,1,3,2,Path/cycle facility;Road,Path/cycle facility;Road,FALSE,154,0.987179487179487,0.935483870967742,0.996753246753247,1,39.4399350649351,13.2353896103896,0.352013166874072,-0.719017741321314,-0.562558978318816,0.156458763002497,0.188097289520126,0.186095620852818,0.873194734977007,FALSE,0.425279416454619,0.874619416454619,69,FALSE,Pre-installation percentage index (mean = 100),log(percentage index / 100),FALSE
13,13 | Halton 010B,cyclist,St. Helens 020F | clock face rd,St. Helens 020F,clock face rd,Clock Face Rd near Gartons Ln,22898;22899;22900,3,St. Helens,64.805,25.825,38.98,1,4,3,Path/cycle facility;Road,Path/cycle facility;Road,FALSE,156,1,1,0.996794871794872,1,39.213141025641,23.7094017094017,0.614460872222001,-0.72284430120491,-0.273722352809433,0.449121948395477,0.242860071643798,0.245673770774244,0.893260685657593,FALSE,0.342357074201811,0.882157074201811,70,FALSE,Pre-installation percentage index (mean = 100),log(percentage index / 100),FALSE
13,13 | Halton 010B,cyclist,Sefton 027A | park ln,Sefton 027A,park ln,Park Ln near Deltic Way,45855;45856;45857,3,Sefton,64.805,22.016,42.789,1,4,3,Path/cycle facility;Road,Path/cycle facility;Road,FALSE,155,0.993589743589744,0.967741935483871,1,1,39.2145161290322,25.9311827956989,0.669688097434458,-0.720033908763465,-0.319089236418032,0.400944672345433,0.27513999668865,0.183617782139423,0.869366902543434,FALSE,0.308905631791603,0.886795631791603,71,FALSE,Pre-installation percentage index (mean = 100),log(percentage index / 100),FALSE
13,13 | Halton 010B,cyclist,Liverpool 035G | upper parliament st,Liverpool 035G,upper parliament st,Upper Parliament St near Tunnel Rd,22876;23038;23039,3,Liverpool,64.805,58.2923711892797,6.51262881072027,1,1,0,Path/cycle facility;Road,Other / crossing;Path/cycle facility,TRUE,155,0.993589743589744,0.967741935483871,1,1,39.2145161290322,299.324731182796,7.46806775491651,-0.720033908763465,-0.26402412734961,0.456009781413855,0.286864080970516,0.177433666769623,0.717585822999443,FALSE,0.822484351472115,0.887610639579318,72,FALSE,Pre-installation percentage index (mean = 100),log(percentage index / 100),FALSE
13,13 | Halton 010B,cyclist,Sefton 021F | edge ln,Sefton 021F,edge ln,Edge Ln near Pleasant Hill Close,46624;46625,2,Sefton,64.805,34.007,30.798,1,2,1,Path/cycle facility;Road,Path/cycle facility;Road,FALSE,155,0.993589743589744,0.967741935483871,0.996774193548387,1,39.2612903225807,112.390322580645,2.81636086852015,-0.726534158508724,-0.263128215849974,0.46340594265875,0.339732220677051,0.128085598217414,0.669579642456868,FALSE,0.542376905570396,0.900356905570396,73,FALSE,Pre-installation percentage index (mean = 100),log(percentage index / 100),FALSE
13,13 | Halton 010B,cyclist,Halton 014E | southern expressway,Halton 014E,southern expressway,Southern Expressway near Southern Expressway Rbt,45849;45850,2,Halton,64.805,20.149,44.656,1,5,4,Path/cycle facility;Road,Path/cycle facility;Road,FALSE,134,0.858974358974359,0.838709677419355,1,1,37.5615671641791,33.7798507462687,0.901930427209831,-0.664004340540997,-0.115040976828831,0.548963363712166,0.290451910091376,0.0880006139938171,0.806794606069017,FALSE,0.269532989996331,0.916092989996331,74,FALSE,Pre-installation percentage index (mean = 100),log(percentage index / 100),FALSE
13,13 | Halton 010B,cyclist,Sefton 004D | hall st,Sefton 004D,hall st,Hall St near East St,40737;40738;40739,3,Sefton,64.805,33.442,31.363,1,2,1,Path/cycle facility;Road,Other / crossing;Path/cycle facility;Road,FALSE,133,0.852564102564103,0.206896551724138,0.996240601503759,1,39.8458646616542,13.7017543859649,0.359932504985427,-0.965761979450665,-0.426949806335855,0.53881217311481,0.247945054839129,0.261741813154993,0.861042033060947,FALSE,0.578128594844722,0.941758594844723,75,FALSE,Pre-installation percentage index (mean = 100),log(percentage index / 100),FALSE
13,13 | Halton 010B,cyclist,Sefton 003D | park cres,Sefton 003D,park cres,Park Cres,40720;40721;40722,3,Sefton,64.805,18.584,46.221,1,5,4,Path/cycle facility;Road,Path/cycle facility;Road,FALSE,149,0.955128205128205,0.827586206896552,0.996644295302013,1,40.003355704698,30.9463087248322,0.779114493821099,-0.676643645546612,-0.240189979081812,0.436453666464799,0.238102588144236,0.255324145025083,0.873193429662731,FALSE,0.280858250974277,0.943068250974277,76,FALSE,Pre-installation percentage index (mean = 100),log(percentage index / 100),FALSE
13,13 | Halton 010B,cyclist,Sefton 004D | hawkshead st,Sefton 004D,hawkshead st,Hawkshead St near Kestrel Ct,40734;40735;40736,3,Sefton,64.805,33.442,31.363,1,2,1,Path/cycle facility;Road,Path/cycle facility;Road,FALSE,133,0.852564102564103,0.206896551724138,0.996240601503759,1,39.8458646616542,12.9448621553885,0.341402055529989,-0.965761979450665,-0.425445345459303,0.540316633991362,0.271448564583929,0.195574734786785,0.883785767015095,FALSE,0.590171039728804,0.953801039728804,77,FALSE,Pre-installation percentage index (mean = 100),log(percentage index / 100),FALSE
13,13 | Halton 010B,cyclist,Sefton 011D | liverpool rd,Sefton 011D,liverpool rd,Liverpool Rd near Saint Thomas More Dr,22871;26532;40723;40724,4,Sefton,64.805,15.515,49.29,1,6,5,Path/cycle facility;Road,Other / crossing;Path/cycle facility;Road,FALSE,156,1,1,0.996794871794872,1,39.213141025641,34.6233974358974,0.885864583748455,-0.72284430120491,-0.329441850749834,0.393402450455075,0.204836517161797,0.352524088327146,0.828811203445381,FALSE,0.228206814965955,0.971106814965955,78,FALSE,Pre-installation percentage index (mean = 100),log(percentage index / 100),FALSE
13,13 | Halton 010B,cyclist,Wirral 009B | fender ln,Wirral 009B,fender ln,Fender Ln near Hoylake Rd,16367;16368;16390;16391;52615,5,Wirral,64.805,25.557,39.248,1,4,3,Path/cycle facility;Road,Path/cycle facility;Road,FALSE,156,1,1,0.996794871794872,1,39.213141025641,18.7833333333333,0.491961901725581,-0.72284430120491,-0.199653310036636,0.523190991168274,0.284593693637553,0.249103650665578,0.893017493116349,FALSE,0.436291558986326,0.978771558986326,79,FALSE,Pre-installation percentage index (mean = 100),log(percentage index / 100),FALSE
13,13 | Halton 010B,cyclist,Halton 014A | barnfield ave,Halton 014A,barnfield ave,Barnfield Ave,49477;49478,2,Halton,64.805,27.06,37.745,1,3,2,Path/cycle facility;Road,Road,FALSE,38,0.243589743589744,0,1,1,33.3815789473684,14.5526315789474,0.452353616532721,0.676524613860612,0.209930048954736,0.466594564905875,0.0704654178486462,0.341886040847932,0.841167202420856,FALSE,0.506621441725789,0.984071441725789,80,FALSE,Pre-installation percentage index (mean = 100),log(percentage index / 100),FALSE
13,13 | Halton 010B,cyclist,Halton 012F | queensway,Halton 012F,queensway,Queensway near New Rbt,40834;40835,2,Halton,64.805,36.719,28.086,1,2,1,Path/cycle facility;Road,Path/cycle facility;Road,FALSE,114,0.730769230769231,0,0.995614035087719,1,41.4078947368421,130.789473684211,3.10766366739063,-1.21201763421714,-0.566296511654013,0.645721122563124,0.291586134435186,0.276074115598777,0.853379529701243,FALSE,0.665859166282057,0.996719166282057,81,FALSE,Pre-installation percentage index (mean = 100),log(percentage index / 100),FALSE
13,13 | Halton 010B,cyclist,Sefton 008E | warwick st,Sefton 008E,warwick st,Warwick St near Warwick Close,45846;45847;45848,3,Sefton,64.805,23.844,40.961,1,4,3,Path/cycle facility;Road,Path/cycle facility;Road,FALSE,149,0.955128205128205,0.75,0.996644295302013,1,39.4731543624161,14.9194630872483,0.393333886079098,-0.742057435012277,-0.368034561766563,0.374022873245715,0.15417906053181,0.244600509045264,0.831636515428353,FALSE,0.460478238229675,1.02008823822968,82,FALSE,Pre-installation percentage index (mean = 100),log(percentage index / 100),FALSE
13,13 | Halton 010B,cyclist,Halton 014C | barnfield ave,Halton 014C,barnfield ave,Barnfield Ave,49476,1,Halton,64.805,49.288,15.517,1,1,0,Path/cycle facility;Road,Road,FALSE,38,0.243589743589744,0,1,1,33.3815789473684,7.13157894736842,0.236509758897819,0.676524613860612,-0.0692680484241821,0.745792662284794,0.0665293424078059,0.403159537928806,-0.353899885231032,FALSE,0.895810231608133,1.05098023160813,83,FALSE,Pre-installation percentage index (mean = 100),log(percentage index / 100),FALSE
13,13 | Halton 010B,cyclist,Wirral 036D | bromborough rd,Wirral 036D,bromborough rd,Bromborough Rd near Quarry Rd East,49607;49608,2,Wirral,64.805,18.113,46.692,1,5,4,Path/cycle facility;Road,Path/cycle facility;Road,FALSE,34,0.217948717948718,0,1,1,34.4044117647059,40.3970588235294,1.16926272066459,0.439626422188346,-0.061924743160188,0.501551165348534,0.0593986523232799,0.394279673006525,0.267458053969441,FALSE,0.385964266878515,1.05288426687852,84,FALSE,Pre-installation percentage index (mean = 100),log(percentage index / 100),FALSE
13,13 | Halton 010B,cyclist,Sefton 026B | maghull ln,Sefton 026B,maghull ln,Maghull Ln near Maghull Ln Interchange,40745;40746,2,Sefton,64.805,26.451,38.354,1,4,3,Path/cycle facility;Road,Other / crossing;Path/cycle facility,FALSE,154,0.987179487179487,0.966666666666667,0.996753246753247,1,37.6461038961039,9.43181818181818,0.269931949928589,-0.649280414003524,-0.374513577252288,0.274766836751235,0.173518119665353,0.255403413751301,0.886437397689246,FALSE,0.535637581412721,1.06917758141272,85,FALSE,Pre-installation percentage index (mean = 100),log(percentage index / 100),FALSE
13,13 | Halton 010B,cyclist,Halton 008D | ditton rd,Halton 008D,ditton rd,"Ditton Rd, W of St. Michael's Rd",49555;49556;49557,3,Halton,64.805,26.19,38.615,1,4,3,Path/cycle facility;Road,Path/cycle facility;Road,FALSE,34,0.217948717948718,0,1,1,34.2426470588235,52.6960784313726,1.52361082133667,0.340037173804819,-0.168040825268431,0.50807799907325,0.158048880772523,0.304594690781685,-0.328346370635127,FALSE,0.537350863589824,1.07350086358982,86,FALSE,Pre-installation percentage index (mean = 100),log(percentage index / 100),FALSE
13,13 | Halton 010B,cyclist,Halton 005B | birchfield rd,Halton 005B,birchfield rd,Birchfield Rd,49497;49501;49502,3,Halton,64.805,23.704,41.101,1,4,3,Path/cycle facility;Road,Path/cycle facility;Road,FALSE,34,0.217948717948718,0,1,1,33.8235294117647,48.1862745098039,1.41244369369369,0.30389074209063,-0.188060665475156,0.491951407565786,0.0489896367854156,0.429785448238116,-0.54244632658467,FALSE,0.52270791694503,1.08371791694503,87,FALSE,Pre-installation percentage index (mean = 100),log(percentage index / 100),FALSE
13,13 | Halton 010B,cyclist,Liverpool 060C | st john's ln,Liverpool 060C,st john's ln,St John's Ln,46784;46785,2,Liverpool,64.805,24.01,40.795,1,4,3,Path/cycle facility;Road,Path/cycle facility;Road,FALSE,155,0.993589743589744,0.966666666666667,0.996774193548387,1,39.1580645161291,43.625806451613,1.11125391597719,-0.719963957727186,-2.16952933602945,1.44956537830226,0.480146445445045,0.197458840398006,0.714241343452927,FALSE,0.540537562702466,1.09848756270247,88,FALSE,Pre-installation percentage index (mean = 100),log(percentage index / 100),FALSE
13,13 | Halton 010B,cyclist,St. Helens 022F | chester ln,St. Helens 022F,chester ln,Chester Ln; Chester Ln near Four Acre Ln; Chester Ln near Marshalls Cross Rd,16672;16673;16676;47643;47725;47826;47827,7,St. Helens,64.805,17.475,47.33,1,6,5,Path/cycle facility;Road,Other / crossing;Path/cycle facility;Road,FALSE,156,1,1,0.996794871794872,0.973443223443223,39.213141025641,23.5094627594628,0.609488891798699,-0.72284430120491,-0.228010128240051,0.494834172964858,0.280252608429629,0.283063088860818,0.705798377039696,FALSE,0.387193485126305,1.11049348512631,89,FALSE,Pre-installation percentage index (mean = 100),log(percentage index / 100),FALSE
13,13 | Halton 010B,cyclist,Liverpool 028D | judges dr,Liverpool 028D,judges dr,Judges Dr,49543;49544;49545,3,Liverpool,64.805,48.364,16.441,1,1,0,Path/cycle facility;Road,Path/cycle facility;Road,FALSE,36,0.230769230769231,0,1,1,35.2847222222222,38.7962962962963,1.09677830940989,0.297480860926165,2.89152267020653,2.59404180928036,0.6306112446482,0.261396960804728,0.644142147523227,FALSE,0.952532842885786,1.11694284288579,90,FALSE,Pre-installation percentage index (mean = 100),log(percentage index / 100),FALSE
13,13 | Halton 010B,cyclist,Halton 006B | hale rd,Halton 006B,hale rd,Hale Rd near Berry Rd,49533;49534,2,Halton,64.805,38.588,26.217,1,2,1,Path/cycle facility;Road,Other / crossing;Path/cycle facility,FALSE,35,0.224358974358974,0,1,1,34.2,17.3428571428571,0.521103896103896,0.315626989969511,-0.643085535179082,0.958712525148593,0.393550714752555,0.421431523641959,-0.603563252582039,FALSE,0.805211555263162,1.11738155526316,91,FALSE,Pre-installation percentage index (mean = 100),log(percentage index / 100),FALSE
13,13 | Halton 010B,cyclist,St. Helens 020E | mill ln,St. Helens 020E,mill ln,Mill Ln; Mill Ln near Marshalls Cross Rd,47637;47640;47823;47824;52938,5,St. Helens,64.805,22.036,42.769,1,4,3,Path/cycle facility;Road,Other / crossing;Path/cycle facility;Road,FALSE,156,1,1,0.996794871794872,0.988461538461539,39.213141025641,29.5647435897436,0.760068545012553,-0.72284430120491,-0.491562589714824,0.231281711490085,1.15061978581076,0.387731860257923,-0.416933145571272,FALSE,0.551131549973073,1.12882154997307,92,FALSE,Pre-installation percentage index (mean = 100),log(percentage index / 100),FALSE
13,13 | Halton 010B,cyclist,"Wirral 039A | new chester rd, nw of caldbeck rd",Wirral 039A,"new chester rd, nw of caldbeck rd","New Chester Rd, NW of Caldbeck Rd",49491;49492;49493,3,Wirral,64.805,13.129,51.676,1,7,6,Path/cycle facility;Road,Other / crossing;Path/cycle facility;Road,FALSE,37,0.237179487179487,0,1,1,34.4121621621622,54.6846846846847,1.57247344654328,0.2944658456539,0.147146634662954,0.147319210990945,0.0511133344729222,0.320649342742532,0.738026121639074,FALSE,0.329250764386359,1.14601076438636,93,FALSE,Pre-installation percentage index (mean = 100),log(percentage index / 100),FALSE
13,13 | Halton 010B,cyclist,Liverpool 031B | london rd,Liverpool 031B,london rd,London Rd near Pembroke Pl,49392;49393,2,Liverpool,64.805,23.833,40.972,1,4,3,Path/cycle facility;Road,Path/cycle facility;Road,FALSE,49,0.314102564102564,0,1,1,32.734693877551,98.3163265306123,2.94404113732607,0.494219580423877,0.0972437143655863,0.396975866058291,0.0418375925380658,0.286140252693421,0.524117512320686,FALSE,0.592043583067988,1.15176358306799,94,FALSE,Pre-installation percentage index (mean = 100),log(percentage index / 100),FALSE
13,13 | Halton 010B,cyclist,Wirral 034B | arrowe park rd,Wirral 034B,arrowe park rd,Arrowe Park Rd,23796;23797;23798,3,Wirral,64.805,18.837,45.968,1,5,4,Path/cycle facility;Road,Path/cycle facility,FALSE,153,0.980769230769231,0.935483870967742,0.996732026143791,1,39.2009803921568,14.9891067538126,0.397729274207753,-0.730083873128914,-0.29131637246116,0.438767500667754,0.232195047613369,0.378434884001804,0.777884272948636,FALSE,0.497131805613194,1.15681180561319,95,FALSE,Pre-installation percentage index (mean = 100),log(percentage index / 100),FALSE
13,13 | Halton 010B,cyclist,Halton 009C | pitts heath ln,Halton 009C,pitts heath ln,Pitts Heath Ln near Sunniside Ln,47774;47775;47776,3,Halton,64.805,8.835,55.97,1,8,7,Path/cycle facility;Road,Road,FALSE,156,1,1,0.996794871794872,1,39.213141025641,30.1730769230769,0.775196269876061,-0.72284430120491,-0.290039494120596,0.432804807084313,0.192820848017336,0.247082304667815,0.877605002307034,FALSE,0.260265067092443,1.16996506709244,96,FALSE,Pre-installation percentage index (mean = 100),log(percentage index / 100),FALSE
13,13 | Halton 010B,cyclist,Sefton 025C | great crosby bypass,Sefton 025C,great crosby bypass,"Great Crosby Bypass near Moor Ln; Great Crosby Bypass, E of Liverpool Rd (EB traffic); Great Crosby Bypass, E of Liverpool Rd (WB traffic)",49015;49297;49304;49360;49361;49397,6,Sefton,64.805,13.812,50.993,1,7,6,Path/cycle facility;Road,Other / crossing;Road,FALSE,88,0.564102564102564,0,1,0.668560606060606,29.4147727272727,30.4609848484849,1.03439815679681,0.485208035788275,0.0875126862261556,0.397695349562119,0.326468875844156,0.361814466616695,0.0315184817004964,FALSE,0.396259982513309,1.20618998251331,97,FALSE,Pre-installation percentage index (mean = 100),log(percentage index / 100),FALSE
13,13 | Halton 010B,cyclist,Liverpool 047D | woolton rd,Liverpool 047D,woolton rd,Woolton Rd near Hope Park,22868;22869,2,Liverpool,64.805,7.072,57.733,1,9,8,Path/cycle facility;Road,Other / crossing;Path/cycle facility,FALSE,156,1,1,0.996794871794872,1,39.213141025641,48.8782051282052,1.24034591320289,-0.72284430120491,-0.366750678463523,0.356093622741387,0.242372110584755,0.220038537626968,0.857553227019531,FALSE,0.238523706165678,1.21585370616568,98,FALSE,Pre-installation percentage index (mean = 100),log(percentage index / 100),FALSE
13,13 | Halton 010B,cyclist,Sefton 009A | dover rd,Sefton 009A,dover rd,Dover Rd near Conyers Ave,40743;40744,2,Sefton,64.805,8.868,55.937,1,8,7,Path/cycle facility;Road,Path/cycle facility;Road,FALSE,156,1,1,0.996794871794872,1,39.213141025641,20.5224358974359,0.535209022436536,-0.72284430120491,-0.431590848621375,0.291253452583535,0.2135460171025,0.179352900146888,0.859777083578688,FALSE,0.335169778306941,1.24453977830694,99,FALSE,Pre-installation percentage index (mean = 100),log(percentage index / 100),FALSE
13,13 | Halton 010B,cyclist,Sefton 022D | church rd,Sefton 022D,church rd,Church Rd near Islington,49365;49366,2,Sefton,64.805,15.042,49.763,1,6,5,Path/cycle facility;Road,Other / crossing;Road,FALSE,52,0.333333333333333,0,1,1,33.0144230769231,13.5865384615385,0.428833922261484,0.357543306615632,0.10492530057083,0.252618006044803,0.0503093202091176,0.301484302582488,0.424250841037946,FALSE,0.4982787138217,1.2459087138217,100,FALSE,Pre-installation percentage index (mean = 100),log(percentage index / 100),FALSE
13,13 | Halton 010B,cyclist,"St. Helens 022F | chester ln, sw of mill ln",St. Helens 022F,"chester ln, sw of mill ln","Chester Ln, SW of Mill Ln",47638;52940,2,St. Helens,64.805,17.475,47.33,1,6,5,Path/cycle facility;Road,Path/cycle facility;Road,FALSE,156,1,1,0.996794871794872,1,39.213141025641,14.1410256410256,0.376519348025346,-0.72284430120491,-0.238682349463369,0.484161951741541,0.279889131480033,0.296965051130553,0.76752700683844,FALSE,0.523158128236366,1.24645812823637,101,FALSE,Pre-installation percentage index (mean = 100),log(percentage index / 100),FALSE
13,13 | Halton 010B,cyclist,Halton 009A | busway,Halton 009A,busway,"Busway, N of Chester Rd",47780;47781,2,Halton,64.805,10.215,54.59,1,8,7,Path/cycle facility;Road,Path/cycle facility;Road,FALSE,145,0.92948717948718,0.870967741935484,0.996551724137931,1,40.2344827586207,21.7862068965517,0.552600769359425,-0.748950843119541,-0.391814314187322,0.357136528932219,0.27621342279606,0.0800097725605047,0.789729271913631,FALSE,0.361640376850935,1.25754037685094,102,FALSE,Pre-installation percentage index (mean = 100),log(percentage index / 100),FALSE
13,13 | Halton 010B,cyclist,Halton 011C | runcorn spur rd,Halton 011C,runcorn spur rd,Runcorn Spur Rd,46461,1,Halton,64.805,43.653,21.152,1,2,1,Path/cycle facility;Road,Path/cycle facility,FALSE,153,0.980769230769231,0.935483870967742,0.996732026143791,1,38.6013071895425,292.673202614379,7.41574517247069,-0.717675524009886,-1.36022889665107,0.642553372641181,0.728969726685045,0.330000317415684,0.459460048970106,FALSE,0.998918698692765,1.26043869869276,103,FALSE,Pre-installation percentage index (mean = 100),log(percentage index / 100),FALSE
13,13 | Halton 010B,cyclist,Wirral 003B | harrison dr,Wirral 003B,harrison dr,Harrison Dr,23802;23803;23804,3,Wirral,64.805,9.32,55.485,1,8,7,Path/cycle facility;Road,Path/cycle facility;Road,FALSE,140,0.897435897435897,0.8,0.996428571428572,1,39.875,26.2404761904762,0.666433668268531,-0.688896485482077,-0.334967895405754,0.353928590076322,0.254868477274409,0.508634228230914,0.710862214180055,FALSE,0.356284220973991,1.26113422097399,104,FALSE,Pre-installation percentage index (mean = 100),log(percentage index / 100),FALSE
13,13 | Halton 010B,cyclist,Knowsley 017B | whitefield ln,Knowsley 017B,whitefield ln,Whitefield Ln near Cronton Rd,46869;46870;46871,3,Knowsley,64.805,14.604,50.201,1,6,5,Path/cycle facility;Road,Other / crossing;Path/cycle facility;Road,FALSE,155,0.993589743589744,0.967741935483871,0.996774193548387,0.997849462365591,39.2548387096774,29.6709677419355,0.76192002564308,-0.724433172409931,-0.228097409894613,0.496335762515318,0.819560055107491,0.348077561534941,-0.0542903050238026,FALSE,0.511794022401713,1.26380402240171,105,FALSE,Pre-installation percentage index (mean = 100),log(percentage index / 100),FALSE
13,13 | Halton 010B,cyclist,Halton 009B | daresbury expressway,Halton 009B,daresbury expressway,Daresbury Expressway,49523,1,Halton,64.805,10.525,54.28,1,8,7,Path/cycle facility;Road,Road,FALSE,30,0.192307692307692,0,1,1,35.55,51.9,1.44733242134063,0.346031834752236,0.544978493965767,0.198946659213531,0.155443988826267,0.161085491447163,0.166262720859947,FALSE,0.381609000812513,1.27440900081251,106,FALSE,Pre-installation percentage index (mean = 100),log(percentage index / 100),FALSE
13,13 | Halton 010B,cyclist,St. Helens 022F | marshalls cross rd,St. Helens 022F,marshalls cross rd,Marshalls Cross Rd near Chester Ln; Marshalls Cross Rd near Mill Ln,47636;47719;47720,3,St. Helens,64.805,17.475,47.33,1,6,5,Path/cycle facility;Road,Other / crossing;Path/cycle facility;Road,FALSE,156,1,1,0.996794871794872,0.891025641025641,39.213141025641,12.5598290598291,0.337198953227327,-0.72284430120491,-0.289471685559498,0.433372615645411,0.266490910034585,0.346863615116291,0.724829842355987,FALSE,0.555257821882952,1.27855782188295,107,FALSE,Pre-installation percentage index (mean = 100),log(percentage index / 100),FALSE
13,13 | Halton 010B,cyclist,Liverpool 060B | london rd,Liverpool 060B,london rd,London Rd near Pembroke Pl,49391,1,Liverpool,64.805,30.549,34.256,1,3,2,Path/cycle facility;Road,Path/cycle facility,FALSE,49,0.314102564102564,0,1,1,32.734693877551,5.95918367346939,0.206291591046582,0.494219580423877,-0.0340477079902137,0.528267288414091,0.0990497812902534,0.32911373610174,0.0523467152931291,FALSE,0.837387738398559,1.27994773839856,108,FALSE,Pre-installation percentage index (mean = 100),log(percentage index / 100),FALSE
13,13 | Halton 010B,cyclist,Sefton 009F | waterloo rd,Sefton 009F,waterloo rd,Waterloo Rd near Cromer Rd; Waterloo Rd near Grnbank Dr,22870;40725;40726,3,Sefton,64.805,7.398,57.407,1,9,8,Path/cycle facility;Road,Other / crossing;Path/cycle facility;Road,FALSE,156,1,1,0.996794871794872,1,39.213141025641,25.7521367521368,0.665258571447548,-0.72284430120491,-0.455354108482097,0.267490192722813,0.217642265227177,0.537504227897499,0.722279181964586,FALSE,0.314357607626591,1.28842760762659,109,FALSE,Pre-installation percentage index (mean = 100),log(percentage index / 100),FALSE
13,13 | Halton 010B,cyclist,Liverpool 060C | london rd,Liverpool 060C,london rd,"London Rd - Eastbound, near Norton St; London Rd - Westbound, near Norton St",23807;23808,2,Liverpool,64.805,24.01,40.795,1,4,3,Path/cycle facility;Road,Road,FALSE,156,1,1,0.996794871794872,0.996794871794872,39.213141025641,228.637820512821,5.71051687721675,-0.72284430120491,-0.252985175186744,0.469859126018166,0.297908867057475,0.343323433648007,0.898716832895583,FALSE,0.744200077283805,1.30215007728381,110,FALSE,Pre-installation percentage index (mean = 100),log(percentage index / 100),FALSE
13,13 | Halton 010B,cyclist,Wirral 006A | pasture rd,Wirral 006A,pasture rd,Pasture Rd near Tarran Way North,49489;49490,2,Wirral,64.805,12.143,52.662,1,7,6,Path/cycle facility;Road,Other / crossing;Path/cycle facility,FALSE,36,0.230769230769231,0,1,1,34.2083333333333,50.0277777777778,1.44930966469428,0.30013159598834,-0.130972582869872,0.431104178858212,0.0228590655062319,0.281254975413544,-0.595894208172128,FALSE,0.499850519560841,1.32647051956084,111,FALSE,Pre-installation percentage index (mean = 100),log(percentage index / 100),FALSE
13,13 | Halton 010B,cyclist,Liverpool 060G | leece st,Liverpool 060G,leece st,"Leece St - Eastbound, near Roscoe St; Leece St near Roscoe St",22880;22881;22887;22888,4,Liverpool,64.805,24.323,40.482,1,4,3,Path/cycle facility;Road,Path/cycle facility;Road,FALSE,154,0.987179487179487,0.935483870967742,0.996753246753247,0.954545454545455,39.1931818181818,251.61525974026,6.28502766670706,-0.733040984131154,-0.258440130818505,0.474600853312649,0.317088670224377,0.380062733973113,0.849399737241692,FALSE,0.792562541965507,1.34738254196551,112,FALSE,Pre-installation percentage index (mean = 100),log(percentage index / 100),FALSE
13,13 | Halton 010B,cyclist,Sefton 012C | liverpool rd,Sefton 012C,liverpool rd,Liverpool Rd near Coastal Rd,49485;49486;49487;49488,4,Sefton,64.805,12.032,52.773,1,7,6,Path/cycle facility;Road,Path/cycle facility;Road,FALSE,35,0.224358974358974,0,1,1,34.1571428571429,14.1571428571429,0.431125558715969,0.310498427642167,0.0987648141582773,0.211733613483889,0.0431914473870971,0.614728515191795,0.443035759488319,FALSE,0.519929793233913,1.34765979323391,113,FALSE,Pre-installation percentage index (mean = 100),log(percentage index / 100),FALSE
13,13 | Halton 010B,cyclist,Sefton 025C | liverpool rd,Sefton 025C,liverpool rd,Liverpool Rd near Islington; Liverpool Rd near Islington (crossing); Liverpool Rd near York Rd,49014;49016;49295;49296,4,Sefton,64.805,13.812,50.993,1,7,6,Path/cycle facility;Road,Other / crossing;Road,FALSE,93,0.596153846153846,0,1,0.771505376344086,29.3951612903226,33.6756272401434,1.14082721617877,0.477456953221076,-0.425683839227783,0.903140792448859,0.384969135736044,0.298744474995991,0.129927670830427,FALSE,0.540803832798839,1.35073383279884,114,FALSE,Pre-installation percentage index (mean = 100),log(percentage index / 100),FALSE
13,13 | Halton 010B,cyclist,Liverpool 061C | liver st,Liverpool 061C,liver st,Liver St near Park Ln,16364;16365;16388;16389,4,Liverpool,64.805,15.028,49.777,1,6,5,Path/cycle facility;Road,Path/cycle facility;Road,FALSE,156,1,1,0.996794871794872,0.980769230769231,39.213141025641,124.804487179487,3.12844219503447,-0.72284430120491,-0.267762501437709,0.4550817997672,0.361831880091903,0.340637279003294,0.594731186135314,FALSE,0.603689271115481,1.35145927111548,115,FALSE,Pre-installation percentage index (mean = 100),log(percentage index / 100),FALSE
13,13 | Halton 010B,cyclist,Halton 008C | town ln,Halton 008C,town ln,"Town Ln, W of Curlender Way",49535;49536,2,Halton,64.805,14.792,50.013,1,6,5,Path/cycle facility;Road,Path/cycle facility;Road,FALSE,28,0.17948717948718,0,1,1,34.5267857142857,42.5357142857143,1.22543352601156,0.295194904463384,-0.350884329267417,0.646079233730801,0.3617227413235,0.763462723373222,-0.476244820880208,FALSE,0.609849156200654,1.35997915620065,116,FALSE,Pre-installation percentage index (mean = 100),log(percentage index / 100),FALSE
13,13 | Halton 010B,cyclist,"St. Helens 024E | linkway east, sw of cannington",St. Helens 024E,"linkway east, sw of cannington","Linkway East, SW of Cannington",45851;45852;45853,3,St. Helens,64.805,40.867,23.938,1,2,1,Path/cycle facility;Road,Path/cycle facility;Road,FALSE,113,0.724358974358974,0,0.995575221238938,1,41.4823008849558,3.6283185840708,0.108946984689095,-1.17069170816485,-0.326091127914125,0.844600580250722,0.39107297452575,0.278103639130057,0.645502249562868,FALSE,1.08169633736648,1.37107633736648,117,FALSE,Pre-installation percentage index (mean = 100),log(percentage index / 100),FALSE
13,13 | Halton 010B,cyclist,Sefton 022D | islington,Sefton 022D,islington,"Islington near Little Crosby Rd; Islington, W of Coronation Rd (EB traffic); Islington, W of Coronation Rd (WB traffic)",49036;49305;49358,3,Sefton,64.805,15.042,49.763,1,6,5,Path/cycle facility;Road,Road,FALSE,89,0.57051282051282,0,1,0.737827715355805,29.0168539325843,38.4737827715356,1.315053964689,0.602758932738202,-0.502458636789511,1.10521756952771,0.364975020453408,0.294140438780898,-0.010879206607846,FALSE,0.646547644990257,1.39417764499026,118,FALSE,Pre-installation percentage index (mean = 100),log(percentage index / 100),FALSE
13,13 | Halton 010B,cyclist,Sefton 002C | preston new rd,Sefton 002C,preston new rd,Preston New Rd near Mallee Cres; Preston New Rd near Rathmore Cres,40730;40731;40732;40733,4,Sefton,64.805,7.648,57.157,1,9,8,Path/cycle facility;Road,Path/cycle facility;Road,FALSE,156,1,1,0.996794871794872,0.990384615384615,39.213141025641,15.838141025641,0.418722352847408,-0.72284430120491,-0.374794302646329,0.348049998558581,0.185134782773105,0.313918208909755,0.90115097774693,FALSE,0.426800858453095,1.3983708584531,119,FALSE,Pre-installation percentage index (mean = 100),log(percentage index / 100),FALSE
13,13 | Halton 010B,cyclist,Sefton 025C | liverpool rd left turn to islington,Sefton 025C,liverpool rd left turn to islington,Liverpool Rd left turn to Islington,49294,1,Sefton,64.805,13.812,50.993,1,7,6,Path/cycle facility;Road,Road,FALSE,55,0.352564102564103,0,1,1,32.2590909090909,15.8181818181818,0.505671723383901,0.425506670980063,-0.183042211438221,0.608548882418285,0.101677299397835,0.34823820411083,-0.0210086861194534,FALSE,0.596329440854476,1.40625944085448,120,FALSE,Pre-installation percentage index (mean = 100),log(percentage index / 100),FALSE
13,13 | Halton 010B,cyclist,St. Helens 022F | clock face rd,St. Helens 022F,clock face rd,Clock Face Rd; Clock Face Rd near Chester Ln; Clock Face Rd near Four Acre Ln,16354;16355;16396;47639;47641;47642;47825;52939,8,St. Helens,64.805,17.475,47.33,1,6,5,Path/cycle facility;Road,Other / crossing;Path/cycle facility;Road,FALSE,156,1,1,0.996794871794872,0.948717948717949,39.213141025641,12.8257478632479,0.343811687190319,-0.72284430120491,0.120352620084176,0.843196921289085,0.353306589523179,0.246482880567138,0.455987424514844,FALSE,0.683212297722984,1.40651229772298,121,FALSE,Pre-installation percentage index (mean = 100),log(percentage index / 100),FALSE
13,13 | Halton 010B,cyclist,Liverpool 058D | highbank dr,Liverpool 058D,highbank dr,Highbank Dr near Haxted Gdns,49546;49547;49548;49549;49566,5,Liverpool,64.805,31.969,32.836,1,3,2,Path/cycle facility;Road,Path/cycle facility;Road,FALSE,34,0.217948717948718,0,1,1,34.2279411764706,1.84705882352941,0.0808182007931539,0.319144845384539,0.411559574466058,0.0924147290815192,0.171814881121385,0.295603515975437,-0.012724936572273,FALSE,1.0320679922962,1.4604279922962,122,FALSE,Pre-installation percentage index (mean = 100),log(percentage index / 100),FALSE
13,13 | Halton 010B,cyclist,Wirral 013B | meols parade,Wirral 013B,meols parade,Meols Parade,45760;45761;45762;45763,4,Wirral,64.805,5.71,59.095,1,10,9,Path/cycle facility;Road,Other / crossing;Path/cycle facility;Road,FALSE,152,0.974358974358974,0.903225806451613,0.99671052631579,1,38.7730263157895,80.8092105263158,2.05690182780581,-0.743328628963821,-0.458604334967072,0.284724293996749,0.237733124218711,0.495487409213104,0.665322346527667,FALSE,0.424389704342115,1.46533970434212,123,FALSE,Pre-installation percentage index (mean = 100),log(percentage index / 100),FALSE
13,13 | Halton 010B,cyclist,Sefton 025C | islington,Sefton 025C,islington,"Islington, W of Liverpool Rd",49299;49300;49301;49302;49303,5,Sefton,64.805,13.812,50.993,1,7,6,Path/cycle facility;Road,Other / crossing;Road,FALSE,57,0.365384615384615,0,1,1,32.4824561403509,12.680701754386,0.408593135970658,0.421387959606521,-0.175375716543189,0.59676367614971,0.159757351058266,0.311685531220632,-0.160200590823085,FALSE,0.678572389375258,1.48850238937526,124,FALSE,Pre-installation percentage index (mean = 100),log(percentage index / 100),FALSE
13,13 | Halton 010B,cyclist,Sefton 009F | trafalgar rd,Sefton 009F,trafalgar rd,Trafalgar Rd near Churchfields,40727;40728;40729,3,Sefton,64.805,7.398,57.407,1,9,8,Path/cycle facility;Road,Path/cycle facility;Road,FALSE,155,0.993589743589744,0.967741935483871,0.996774193548387,1,39.2306451612903,15.1612903225806,0.401715912279999,-0.721512326739843,-0.347085171132335,0.374427155607508,0.371858851599416,0.280247031100096,0.476459219706081,FALSE,0.52405508454624,1.49812508454624,125,FALSE,Pre-installation percentage index (mean = 100),log(percentage index / 100),FALSE
13,13 | Halton 010B,cyclist,Liverpool 047C | woolton rd,Liverpool 047C,woolton rd,Woolton Rd near Hope Park,22867,1,Liverpool,64.805,3.939,60.866,1,10,9,Path/cycle facility;Road,Path/cycle facility,FALSE,156,1,1,0.996794871794872,1,39.213141025641,13.6858974358974,0.365201450603754,-0.72284430120491,-0.743764232226381,0.0209199310214715,0.39070311358848,0.11591931444105,0.482834386473846,FALSE,0.449031202136691,1.50769120213669,126,FALSE,Pre-installation percentage index (mean = 100),log(percentage index / 100),FALSE
13,13 | Halton 010B,cyclist,Halton 001A | mill ln,Halton 001A,mill ln,Mill Ln near Rivenmill Close,49494;49495;49496,3,Halton,64.805,7.615,57.19,1,9,8,Path/cycle facility;Road,Path/cycle facility;Road,FALSE,38,0.243589743589744,0,1,1,34.6447368421053,13.2894736842105,0.400885935769657,0.298789604995922,0.062482614501218,0.236306990494704,0.019889348497276,0.467472918943095,0.308369749808748,FALSE,0.541008949534443,1.51290894953444,127,FALSE,Pre-installation percentage index (mean = 100),log(percentage index / 100),FALSE
13,13 | Halton 010B,cyclist,Sefton 025C | coronation rd,Sefton 025C,coronation rd,Coronation Rd near Harrington Rd; Coronation Rd near Islington (crossing); Coronation Rd near Islington (NB traffic); Coronation Rd near Islington (SB traffic),49017;49362;49364;49398;52773;52774,6,Sefton,64.805,13.812,50.993,1,7,6,Path/cycle facility;Road,Other / crossing;Road,FALSE,89,0.57051282051282,0,1,0.682584269662921,29.3876404494382,35.2415730337079,1.19264189314106,0.579015948023927,-0.74667018726341,1.32568613528734,0.485467196144916,0.376157418737135,-0.431597979938118,FALSE,0.7494869358078,1.5594169358078,128,FALSE,Pre-installation percentage index (mean = 100),log(percentage index / 100),FALSE
13,13 | Halton 010B,cyclist,Halton 009A | keckwick ln,Halton 009A,keckwick ln,Keckwick Ln,47777;47778;47779,3,Halton,64.805,10.215,54.59,1,8,7,Path/cycle facility;Road,Path/cycle facility;Road,FALSE,154,0.987179487179487,0.967741935483871,0.996753246753247,1,39.2435064935065,7.72077922077922,0.216700282371924,-0.727373392561446,-0.237552662165734,0.489820730395711,0.27858615704571,0.0615811275611105,0.797662666369105,FALSE,0.665752546872272,1.56165254687227,129,FALSE,Pre-installation percentage index (mean = 100),log(percentage index / 100),FALSE
13,13 | Halton 010B,cyclist,Halton 016D | clifton rd,Halton 016D,clifton rd,Clifton Rd near Rocksavage Way,49527;49528;49529,3,Halton,64.805,12.138,52.667,1,7,6,Path/cycle facility;Road,Other / crossing;Road,FALSE,35,0.224358974358974,0,1,1,34.4,89.2571428571429,2.54963680387409,0.308432697873334,-0.247395840965372,0.555828538838706,0.361715257878789,0.802905794861704,0.0618895596985768,FALSE,0.754969136835681,1.58163913683568,130,FALSE,Pre-installation percentage index (mean = 100),log(percentage index / 100),FALSE
13,13 | Halton 010B,cyclist,Halton 001B | wilmere ln north,Halton 001B,wilmere ln north,Wilmere Ln North,47785;47786;47787,3,Halton,64.805,5.375,59.43,1,10,9,Path/cycle facility;Road,Path/cycle facility;Road,FALSE,154,0.987179487179487,0.966666666666667,0.996753246753247,1,39.3636363636364,14.1277056277056,0.3747854997855,-0.736198568515083,0.101823230086892,0.838021798601975,0.357393449842944,0.378201321024881,0.558321409513744,FALSE,0.659862585911766,1.70416258591177,131,FALSE,Pre-installation percentage index (mean = 100),log(percentage index / 100),FALSE
13,13 | Halton 010B,cyclist,Halton 001C | lunts heath rd,Halton 001C,lunts heath rd,Lunts Heath Rd near Finsbury Park,49558;49559;49562;49563,4,Halton,64.805,9.208,55.597,1,8,7,Path/cycle facility;Road,Path/cycle facility;Road,FALSE,28,0.17948717948718,0,1,0.964285714285714,34.5982142857143,13.3392857142857,0.402809129671432,0.381715033551055,-0.344291235818646,0.726006269369701,0.230021223686331,0.568551335158089,-0.564570844307389,FALSE,0.806417121199989,1.71238712119999,132,FALSE,Pre-installation percentage index (mean = 100),log(percentage index / 100),FALSE
13,13 | Halton 010B,cyclist,Liverpool 037H | upper parliament st,Liverpool 037H,upper parliament st,Upper Parliament St near Hope St; Upper Parliament St near St James Pl,49541;50784;50785;50786,4,Liverpool,64.805,51.962,12.843,1,1,0,Path/cycle facility;Road,Other / crossing;Path/cycle facility;Road,FALSE,31,0.198717948717949,0,1,1,33.3467741935484,193.483870967742,5.66236205682085,0.326218441629199,3.98763946626912,3.66142102463992,1.09573572408927,0.252787494786551,0.397197627857394,FALSE,1.83027782914068,1.95870782914068,133,FALSE,Pre-installation percentage index (mean = 100),log(percentage index / 100),FALSE
13,13 | Halton 010B,cyclist,Liverpool 037A | upper parliament st,Liverpool 037A,upper parliament st,Upper Parliament St near Hope St,49542,1,Liverpool,64.805,43.775,21.03,1,2,1,Path/cycle facility;Road,Road,FALSE,31,0.198717948717949,0,1,1,33.3467741935484,184.451612903226,5.39938952805823,0.326218441629199,3.86213299604365,3.53591455441445,1.06214939171292,0.281954925650079,0.384004657569598,FALSE,1.78215341536434,2.04245341536434,134,FALSE,Pre-installation percentage index (mean = 100),log(percentage index / 100),FALSE
13,13 | Halton 010B,cyclist,St. Helens 020E | marshalls cross rd,St. Helens 020E,marshalls cross rd,Marshalls Cross Rd near Mill Ln,52937,1,St. Helens,64.805,22.036,42.769,1,4,3,Path/cycle facility;Road,Path/cycle facility,FALSE,155,0.993589743589744,0.967741935483871,0.996774193548387,1,39.4338709677419,0,0.0247317403965057,-0.719017741321313,0,0.719017741321313,0.41587654880092,0.331936389161391,,FALSE,1.50811843757703,2.08580843757703,135,FALSE,Pre-installation percentage index (mean = 100),log(percentage index / 100),FALSE
13,13 | Halton 010B,cyclist,Liverpool 046A | beaconsfield rd,Liverpool 046A,beaconsfield rd,Beaconsfield Rd near Hillcroft Rd,46627;46628;46629,3,Liverpool,64.805,13.427,51.378,1,7,6,Path/cycle facility;Road,Path/cycle facility;Road,FALSE,156,1,1,0.996794871794872,1,39.213141025641,305.662393162393,7.62592489273237,-0.72284430120491,1.28149069184238,2.00433499304729,1.20947483045929,0.466800394739651,-0.259614031706021,FALSE,1.52524649717202,2.33902649717202,136,FALSE,Pre-installation percentage index (mean = 100),log(percentage index / 100),FALSE
13,13 | Halton 010B,cyclist,Liverpool 023C | shaw st,Liverpool 023C,shaw st,Shaw St near William Henry St,52815;52816;52817;52818,4,Liverpool,64.805,65.01,0.204999999999998,1,1,0,Path/cycle facility;Road,Path/cycle facility;Road,TRUE,0,0,0,0,0,,,,,,Inf,Inf,Inf,,FALSE,Inf,Inf,137,FALSE,Pre-installation percentage index (mean = 100),log(percentage index / 100),FALSE
13,13 | Halton 010B,cyclist,St. Helens 014C | peasley cross ln,St. Helens 014C,peasley cross ln,Peasley Cross Ln near Parr St,54619;54620;54621;54622,4,St. Helens,64.805,65.045,0.239999999999995,1,1,0,Path/cycle facility;Road,Path/cycle facility;Road,TRUE,0,0,0,0,0,,,,,,Inf,Inf,Inf,,FALSE,Inf,Inf,138,FALSE,Pre-installation percentage index (mean = 100),log(percentage index / 100),FALSE
13,13 | Halton 010B,cyclist,St. Helens 014C | waterside,St. Helens 014C,waterside,Waterside near Standish St,51846;51847,2,St. Helens,64.805,65.045,0.239999999999995,1,1,0,Path/cycle facility;Road,Path/cycle facility;Road,TRUE,0,0,0,0,0,,,,,,Inf,Inf,Inf,,FALSE,Inf,Inf,139,FALSE,Pre-installation percentage index (mean = 100),log(percentage index / 100),FALSE
13,13 | Halton 010B,cyclist,Liverpool 039D | lodge ln,Liverpool 039D,lodge ln,Lodge Ln near Tunnel Rd,49964,1,Liverpool,64.805,65.143,0.337999999999994,1,1,0,Path/cycle facility;Road,Path/cycle facility,TRUE,0,0,0,0,0,,,,,,Inf,Inf,Inf,,FALSE,Inf,Inf,140,FALSE,Pre-installation percentage index (mean = 100),log(percentage index / 100),FALSE
13,13 | Halton 010B,cyclist,Wirral 010G | beaufort rd,Wirral 010G,beaufort rd,Beaufort Rd near Ilchester Rd,50825;50828;50829;50830,4,Wirral,64.805,63.355,1.45000000000001,1,1,0,Path/cycle facility;Road,Other / crossing;Path/cycle facility;Road,TRUE,0,0,0,0,0,,,,,,Inf,Inf,Inf,,FALSE,Inf,Inf,141,FALSE,Pre-installation percentage index (mean = 100),log(percentage index / 100),FALSE
13,13 | Halton 010B,cyclist,Liverpool 038C | wellington rd,Liverpool 038C,wellington rd,Wellington Rd,53536;53537;53538;53668,4,Liverpool,64.805,63.285,1.52000000000001,1,1,0,Path/cycle facility;Road,Other / crossing;Path/cycle facility;Road,TRUE,0,0,0,0,0,,,,,,Inf,Inf,Inf,,FALSE,Inf,Inf,142,FALSE,Pre-installation percentage index (mean = 100),log(percentage index / 100),FALSE
13,13 | Halton 010B,cyclist,Wirral 009A | wirral circular,Wirral 009A,wirral circular,Wirral Circular near Scoresby Rd,50835,1,Wirral,64.805,67.045,2.24,1,1,0,Path/cycle facility;Road,Path/cycle facility,TRUE,0,0,0,0,0,,,,,,Inf,Inf,Inf,,FALSE,Inf,Inf,143,FALSE,Pre-installation percentage index (mean = 100),log(percentage index / 100),FALSE
13,13 | Halton 010B,cyclist,Sefton 038B | cambridge rd,Sefton 038B,cambridge rd,Cambridge Rd near Sidney Rd,50018;50019;50020,3,Sefton,64.805,61.295,3.51000000000001,1,1,0,Path/cycle facility;Road,Path/cycle facility;Road,TRUE,0,0,0,0,0,,,,,,Inf,Inf,Inf,,FALSE,Inf,Inf,144,FALSE,Pre-installation percentage index (mean = 100),log(percentage index / 100),FALSE
13,13 | Halton 010B,cyclist,Liverpool 044A | st james pl,Liverpool 044A,st james pl,St James Pl near Hill St,50705;50710,2,Liverpool,64.805,68.396,3.59099999999999,1,1,0,Path/cycle facility;Road,Other / crossing;Road,TRUE,0,0,0,0,0,,,,,,Inf,Inf,Inf,,FALSE,Inf,Inf,145,FALSE,Pre-installation percentage index (mean = 100),log(percentage index / 100),FALSE
13,13 | Halton 010B,cyclist,Liverpool 030A | ling st,Liverpool 030A,ling st,Ling St near Holt Rd,49969,1,Liverpool,64.805,69.234,4.42899999999999,1,1,0,Path/cycle facility;Road,Road,TRUE,0,0,0,0,0,,,,,,Inf,Inf,Inf,,FALSE,Inf,Inf,146,FALSE,Pre-installation percentage index (mean = 100),log(percentage index / 100),FALSE
13,13 | Halton 010B,cyclist,Halton 007D | victoria rd,Halton 007D,victoria rd,Victoria Rd near Ashley Way West,51662;51663;51679,3,Halton,64.805,60.023,4.782,1,1,0,Path/cycle facility;Road,Path/cycle facility;Road,TRUE,0,0,0,0,0,,,,,,Inf,Inf,Inf,,FALSE,Inf,Inf,147,FALSE,Pre-installation percentage index (mean = 100),log(percentage index / 100),FALSE
13,13 | Halton 010B,cyclist,Halton 007D | waterloo rd,Halton 007D,waterloo rd,Waterloo Rd near West Bank St,50313;50314;50315,3,Halton,64.805,60.023,4.782,1,1,0,Path/cycle facility;Road,Path/cycle facility;Road,TRUE,0,0,0,0,0,,,,,,Inf,Inf,Inf,,FALSE,Inf,Inf,148,FALSE,Pre-installation percentage index (mean = 100),log(percentage index / 100),FALSE
13,13 | Halton 010B,cyclist,St. Helens 017A | fleet ln,St. Helens 017A,fleet ln,Fleet Ln near Broad Ln,51827,1,St. Helens,64.805,59.972,4.83300000000001,1,1,0,Path/cycle facility;Road,Path/cycle facility,TRUE,0,0,0,0,0,,,,,,Inf,Inf,Inf,,FALSE,Inf,Inf,149,FALSE,Pre-installation percentage index (mean = 100),log(percentage index / 100),FALSE
13,13 | Halton 010B,cyclist,St. Helens 017A | newton rd,St. Helens 017A,newton rd,Newton Rd near Waring Ave,51810;51811;51813,3,St. Helens,64.805,59.972,4.83300000000001,1,1,0,Path/cycle facility;Road,Path/cycle facility;Road,TRUE,0,0,0,0,0,,,,,,Inf,Inf,Inf,,FALSE,Inf,Inf,150,FALSE,Pre-installation percentage index (mean = 100),log(percentage index / 100),FALSE
13,13 | Halton 010B,cyclist,Liverpool 039B | lodge ln,Liverpool 039B,lodge ln,Lodge Ln near Tunnel Rd,49962;49963,2,Liverpool,64.805,70.045,5.24,1,1,0,Path/cycle facility;Road,Path/cycle facility;Road,TRUE,0,0,0,0,0,,,,,,Inf,Inf,Inf,,FALSE,Inf,Inf,151,FALSE,Pre-installation percentage index (mean = 100),log(percentage index / 100),FALSE
13,13 | Halton 010B,cyclist,St. Helens 012E | windle st,St. Helens 012E,windle st,Windle St near North Rd,55118;55119;55120,3,St. Helens,64.805,59.045,5.76000000000001,1,1,0,Path/cycle facility;Road,Path/cycle facility;Road,TRUE,0,0,0,0,0,,,,,,Inf,Inf,Inf,,FALSE,Inf,Inf,152,FALSE,Pre-installation percentage index (mean = 100),log(percentage index / 100),FALSE
13,13 | Halton 010B,cyclist,Halton 007A | gerrard st,Halton 007A,gerrard st,Gerrard St near Widnes Rd,50273;50274;50275;50396,4,Halton,64.805,58.639,6.166,1,1,0,Path/cycle facility;Road,Other / crossing;Road,TRUE,0,0,0,0,0,,,,,,Inf,Inf,Inf,,FALSE,Inf,Inf,153,FALSE,Pre-installation percentage index (mean = 100),log(percentage index / 100),FALSE
13,13 | Halton 010B,cyclist,Wirral 016F | hamilton st,Wirral 016F,hamilton st,Hamilton St near Hamilton Sq,47771,1,Wirral,64.805,71.864,7.059,1,1,0,Path/cycle facility;Road,Road,TRUE,0,0,0,0,0,,,,,,Inf,Inf,Inf,,FALSE,Inf,Inf,154,FALSE,Pre-installation percentage index (mean = 100),log(percentage index / 100),FALSE
13,13 | Halton 010B,cyclist,Sefton 004I | london st,Sefton 004I,london st,London St near Hawesside St,46621;46622;46623,3,Sefton,64.805,55.692,9.11300000000001,1,1,0,Path/cycle facility;Road,Path/cycle facility;Road,TRUE,0,0,0,0,0,,,,,,Inf,Inf,Inf,,FALSE,Inf,Inf,155,FALSE,Pre-installation percentage index (mean = 100),log(percentage index / 100),FALSE
13,13 | Halton 010B,cyclist,Sefton 036C | chesnut grove,Sefton 036C,chesnut grove,Chesnut Grove,50017,1,Sefton,64.805,74.774,9.96899999999999,1,1,0,Path/cycle facility;Road,Path/cycle facility,TRUE,0,0,0,0,0,,,,,,Inf,Inf,Inf,,FALSE,Inf,Inf,156,FALSE,Pre-installation percentage index (mean = 100),log(percentage index / 100),FALSE
13,13 | Halton 010B,cyclist,Liverpool 037D | upper parliament st,Liverpool 037D,upper parliament st,Upper Parliament St near Princes Rd,49929;49930;49931;49932,4,Liverpool,64.805,54.618,10.187,1,1,0,Path/cycle facility;Road,Other / crossing;Path/cycle facility;Road,FALSE,1,0.00641025641025641,0,1,1,,,,,,Inf,Inf,Inf,,FALSE,Inf,Inf,157,FALSE,Pre-installation percentage index (mean = 100),log(percentage index / 100),FALSE
13,13 | Halton 010B,cyclist,Liverpool 026A | broad green rd,Liverpool 026A,broad green rd,"Broad Green Rd near Queens Dr; Broad Green Rd, W of Queens Dr (right turn); Broad Green Rd, W of Queens Dr (straight)",53268;54536;54537,3,Liverpool,64.805,53.323,11.482,1,1,0,Path/cycle facility;Road,Road,FALSE,0,0,0,0,0,,,,,,Inf,Inf,Inf,,FALSE,Inf,Inf,158,FALSE,Pre-installation percentage index (mean = 100),log(percentage index / 100),FALSE
13,13 | Halton 010B,cyclist,Liverpool 026A | east prescot rd walkway,Liverpool 026A,east prescot rd walkway,East Prescot Rd walkway,50817,1,Liverpool,64.805,53.323,11.482,1,1,0,Path/cycle facility;Road,Path/cycle facility,FALSE,0,0,0,0,0,,,,,,Inf,Inf,Inf,,FALSE,Inf,Inf,159,FALSE,Pre-installation percentage index (mean = 100),log(percentage index / 100),FALSE
13,13 | Halton 010B,cyclist,Liverpool 026A | queens dr,Liverpool 026A,queens dr,Queens Dr near Broadgreen Hospital (SB traffic),53271;53272,2,Liverpool,64.805,53.323,11.482,1,1,0,Path/cycle facility;Road,Other / crossing;Road,FALSE,0,0,0,0,0,,,,,,Inf,Inf,Inf,,FALSE,Inf,Inf,160,FALSE,Pre-installation percentage index (mean = 100),log(percentage index / 100),FALSE
13,13 | Halton 010B,cyclist,Sefton 037B | chesnut grove,Sefton 037B,chesnut grove,Chesnut Grove,50015;50016,2,Sefton,64.805,77.125,12.32,1,1,0,Path/cycle facility;Road,Path/cycle facility;Road,FALSE,0,0,0,0,0,,,,,,Inf,Inf,Inf,,FALSE,Inf,Inf,161,FALSE,Pre-installation percentage index (mean = 100),log(percentage index / 100),FALSE
13,13 | Halton 010B,cyclist,Liverpool 037H | great george st,Liverpool 037H,great george st,Great George St near Duncan St; Great George St near Upper Parliament St,50776;50778;50779;50850;50851;51468;51469,7,Liverpool,64.805,51.962,12.843,1,1,0,Path/cycle facility;Road,Other / crossing;Path/cycle facility;Road,FALSE,0,0,0,0,0,,,,,,Inf,Inf,Inf,,FALSE,Inf,Inf,162,FALSE,Pre-installation percentage index (mean = 100),log(percentage index / 100),FALSE
13,13 | Halton 010B,cyclist,Liverpool 037H | mill st,Liverpool 037H,mill st,Mill St near Upper Harrington St,52638;52639;52640,3,Liverpool,64.805,51.962,12.843,1,1,0,Path/cycle facility;Road,Path/cycle facility;Road,FALSE,0,0,0,0,0,,,,,,Inf,Inf,Inf,,FALSE,Inf,Inf,163,FALSE,Pre-installation percentage index (mean = 100),log(percentage index / 100),FALSE
13,13 | Halton 010B,cyclist,Liverpool 037H | parliament st,Liverpool 037H,parliament st,"Parliament St, W of St James Pl",50766;50767;50768;50769,4,Liverpool,64.805,51.962,12.843,1,1,0,Path/cycle facility;Road,Path/cycle facility;Road,FALSE,0,0,0,0,0,,,,,,Inf,Inf,Inf,,FALSE,Inf,Inf,164,FALSE,Pre-installation percentage index (mean = 100),log(percentage index / 100),FALSE
13,13 | Halton 010B,cyclist,Liverpool 037H | parliament st crossing,Liverpool 037H,parliament st crossing,Parliament St crossing,53089;53090,2,Liverpool,64.805,51.962,12.843,1,1,0,Path/cycle facility;Road,Other / crossing,FALSE,0,0,0,0,0,,,,,,Inf,Inf,Inf,,FALSE,Inf,Inf,165,FALSE,Pre-installation percentage index (mean = 100),log(percentage index / 100),FALSE
13,13 | Halton 010B,cyclist,Liverpool 037H | parliament st walkway,Liverpool 037H,parliament st walkway,Parliament St walkway,50808,1,Liverpool,64.805,51.962,12.843,1,1,0,Path/cycle facility;Road,Path/cycle facility,FALSE,0,0,0,0,0,,,,,,Inf,Inf,Inf,,FALSE,Inf,Inf,166,FALSE,Pre-installation percentage index (mean = 100),log(percentage index / 100),FALSE
13,13 | Halton 010B,cyclist,Liverpool 037H | st james place,Liverpool 037H,st james place,"St James Place, S of Upper Parliament St",50759;50760;50761,3,Liverpool,64.805,51.962,12.843,1,1,0,Path/cycle facility;Road,Road,FALSE,0,0,0,0,0,,,,,,Inf,Inf,Inf,,FALSE,Inf,Inf,167,FALSE,Pre-installation percentage index (mean = 100),log(percentage index / 100),FALSE
13,13 | Halton 010B,cyclist,Liverpool 037H | st james st,Liverpool 037H,st james st,St James St near Great George St; St James St near New Bird St,50781;50782;50783;50809,4,Liverpool,64.805,51.962,12.843,1,1,0,Path/cycle facility;Road,Path/cycle facility;Road,FALSE,0,0,0,0,0,,,,,,Inf,Inf,Inf,,FALSE,Inf,Inf,168,FALSE,Pre-installation percentage index (mean = 100),log(percentage index / 100),FALSE
13,13 | Halton 010B,cyclist,Liverpool 037H | stanhope st,Liverpool 037H,stanhope st,Stanhope St,50701,1,Liverpool,64.805,51.962,12.843,1,1,0,Path/cycle facility;Road,Road,FALSE,0,0,0,0,0,,,,,,Inf,Inf,Inf,,FALSE,Inf,Inf,169,FALSE,Pre-installation percentage index (mean = 100),log(percentage index / 100),FALSE
13,13 | Halton 010B,cyclist,Liverpool 037H | upper parliament st & st james pl junction,Liverpool 037H,upper parliament st & st james pl junction,Upper Parliament St & St James Pl junction,53230;53231;53232,3,Liverpool,64.805,51.962,12.843,1,1,0,Path/cycle facility;Road,Road,FALSE,0,0,0,0,0,,,,,,Inf,Inf,Inf,,FALSE,Inf,Inf,170,FALSE,Pre-installation percentage index (mean = 100),log(percentage index / 100),FALSE
13,13 | Halton 010B,cyclist,Liverpool 037H | upper parliament st crossing,Liverpool 037H,upper parliament st crossing,Upper Parliament St crossing,53071,1,Liverpool,64.805,51.962,12.843,1,1,0,Path/cycle facility;Road,Other / crossing,FALSE,0,0,0,0,0,,,,,,Inf,Inf,Inf,,FALSE,Inf,Inf,171,FALSE,Pre-installation percentage index (mean = 100),log(percentage index / 100),FALSE
13,13 | Halton 010B,cyclist,Liverpool 037H | upper stanhope st,Liverpool 037H,upper stanhope st,Upper Stanhope St,50816,1,Liverpool,64.805,51.962,12.843,1,1,0,Path/cycle facility;Road,Road,FALSE,0,0,0,0,0,,,,,,Inf,Inf,Inf,,FALSE,Inf,Inf,172,FALSE,Pre-installation percentage index (mean = 100),log(percentage index / 100),FALSE
13,13 | Halton 010B,cyclist,St. Helens 024D | elton head rd,St. Helens 024D,elton head rd,Elton Head Rd near Sherdley Rd,54020;54021;54022;59134,4,St. Helens,64.805,51.363,13.442,1,1,0,Path/cycle facility;Road,Path/cycle facility;Road,FALSE,0,0,0,0,0,,,,,,Inf,Inf,Inf,,FALSE,Inf,Inf,173,FALSE,Pre-installation percentage index (mean = 100),log(percentage index / 100),FALSE
13,13 | Halton 010B,cyclist,Liverpool 023D | hunter st,Liverpool 023D,hunter st,Hunter St,49968;54847,2,Liverpool,64.805,48.627,16.178,1,1,0,Path/cycle facility;Road,Path/cycle facility;Road,FALSE,0,0,0,0,0,,,,,,Inf,Inf,Inf,,FALSE,Inf,Inf,174,FALSE,Pre-installation percentage index (mean = 100),log(percentage index / 100),FALSE
13,13 | Halton 010B,cyclist,Halton 014B | murdishaw woods,Halton 014B,murdishaw woods,Murdishaw Woods,50811;50812,2,Halton,64.805,44.323,20.482,1,1,0,Path/cycle facility;Road,Path/cycle facility,FALSE,0,0,0,0,0,,,,,,Inf,Inf,Inf,,FALSE,Inf,Inf,175,FALSE,Pre-installation percentage index (mean = 100),log(percentage index / 100),FALSE
13,13 | Halton 010B,cyclist,Knowsley 015A | olivia way,Knowsley 015A,olivia way,Olivia Way near West View,50104;50105,2,Knowsley,64.805,43.54,21.265,1,2,1,Path/cycle facility;Road,Path/cycle facility;Road,FALSE,0,0,0,0,0,,,,,,Inf,Inf,Inf,,FALSE,Inf,Inf,176,FALSE,Pre-installation percentage index (mean = 100),log(percentage index / 100),FALSE
13,13 | Halton 010B,cyclist,Halton 007B | grn oaks way,Halton 007B,grn oaks way,Grn Oaks Way,16359;16401,2,Halton,64.805,42.077,22.728,1,2,1,Path/cycle facility;Road,Other / crossing;Road,FALSE,0,0,0,0,0,,,,,,Inf,Inf,Inf,,FALSE,Inf,Inf,177,FALSE,Pre-installation percentage index (mean = 100),log(percentage index / 100),FALSE
13,13 | Halton 010B,cyclist,St. Helens 024E | james roby way,St. Helens 024E,james roby way,James Roby Way,51792;51793,2,St. Helens,64.805,40.867,23.938,1,2,1,Path/cycle facility;Road,Path/cycle facility,FALSE,0,0,0,0,0,,,,,,Inf,Inf,Inf,,FALSE,Inf,Inf,178,FALSE,Pre-installation percentage index (mean = 100),log(percentage index / 100),FALSE
13,13 | Halton 010B,cyclist,St. Helens 024E | marshalls cross rd (nb traffic),St. Helens 024E,marshalls cross rd (nb traffic),Marshalls Cross Rd (NB traffic),51788;51789,2,St. Helens,64.805,40.867,23.938,1,2,1,Path/cycle facility;Road,Road,FALSE,0,0,0,0,0,,,,,,Inf,Inf,Inf,,FALSE,Inf,Inf,179,FALSE,Pre-installation percentage index (mean = 100),log(percentage index / 100),FALSE
13,13 | Halton 010B,cyclist,St. Helens 022A | jubits ln,St. Helens 022A,jubits ln,Jubits Ln near Union Bank Ln,54016;54017;54018;54019,4,St. Helens,64.805,40.354,24.451,1,2,1,Path/cycle facility;Road,Path/cycle facility;Road,FALSE,0,0,0,0,0,,,,,,Inf,Inf,Inf,,FALSE,Inf,Inf,180,FALSE,Pre-installation percentage index (mean = 100),log(percentage index / 100),FALSE
13,13 | Halton 010B,cyclist,St. Helens 022A | jubits ln & bell ln,St. Helens 022A,jubits ln & bell ln,Jubits Ln & Bell Ln,53995;53996;53997,3,St. Helens,64.805,40.354,24.451,1,2,1,Path/cycle facility;Road,Path/cycle facility;Road,FALSE,0,0,0,0,0,,,,,,Inf,Inf,Inf,,FALSE,Inf,Inf,181,FALSE,Pre-installation percentage index (mean = 100),log(percentage index / 100),FALSE
13,13 | Halton 010B,cyclist,St. Helens 022E | jubits ln & bell ln,St. Helens 022E,jubits ln & bell ln,Jubits Ln & Bell Ln,53994,1,St. Helens,64.805,39.965,24.84,1,2,1,Path/cycle facility;Road,Road,FALSE,0,0,0,0,0,,,,,,Inf,Inf,Inf,,FALSE,Inf,Inf,182,FALSE,Pre-installation percentage index (mean = 100),log(percentage index / 100),FALSE
13,13 | Halton 010B,cyclist,Sefton 038C | hillhead rd,Sefton 038C,hillhead rd,Hillhead Rd near Sidney Rd,50021;50022;50023,3,Sefton,64.805,37.74,27.065,1,2,1,Path/cycle facility;Road,Path/cycle facility;Road,FALSE,0,0,0,0,0,,,,,,Inf,Inf,Inf,,FALSE,Inf,Inf,183,FALSE,Pre-installation percentage index (mean = 100),log(percentage index / 100),FALSE
13,13 | Halton 010B,cyclist,Liverpool 040E | besford rd,Liverpool 040E,besford rd,Besford Rd near Oakwood Close,50822;50823;50824,3,Liverpool,64.805,37.396,27.409,1,2,1,Path/cycle facility;Road,Other / crossing;Path/cycle facility;Road,FALSE,0,0,0,0,0,,,,,,Inf,Inf,Inf,,FALSE,Inf,Inf,184,FALSE,Pre-installation percentage index (mean = 100),log(percentage index / 100),FALSE
13,13 | Halton 010B,cyclist,St. Helens 017D | fleet ln,St. Helens 017D,fleet ln,Fleet Ln near Broad Ln,51826,1,St. Helens,64.805,36.843,27.962,1,2,1,Path/cycle facility;Road,Path/cycle facility,FALSE,0,0,0,0,0,,,,,,Inf,Inf,Inf,,FALSE,Inf,Inf,185,FALSE,Pre-installation percentage index (mean = 100),log(percentage index / 100),FALSE
13,13 | Halton 010B,cyclist,Knowsley 007D | carr ln,Knowsley 007D,carr ln,Carr Ln,55100;55101;55102,3,Knowsley,64.805,36.256,28.549,1,2,1,Path/cycle facility;Road,Path/cycle facility;Road,FALSE,0,0,0,0,0,,,,,,Inf,Inf,Inf,,FALSE,Inf,Inf,186,FALSE,Pre-installation percentage index (mean = 100),log(percentage index / 100),FALSE
13,13 | Halton 010B,cyclist,Liverpool 038D | lawrence rd,Liverpool 038D,lawrence rd,Lawrence Rd near Cretan Rd,50814;50815,2,Liverpool,64.805,35.357,29.448,1,2,1,Path/cycle facility;Road,Path/cycle facility;Road,FALSE,0,0,0,0,0,,,,,,Inf,Inf,Inf,,FALSE,Inf,Inf,187,FALSE,Pre-installation percentage index (mean = 100),log(percentage index / 100),FALSE
13,13 | Halton 010B,cyclist,Liverpool 034A | bowring park rd,Liverpool 034A,bowring park rd,"Bowring Park Rd, E of Queens Dr (left turn); Bowring Park Rd, E of Queens Dr (right turn); Bowring Park Rd, E of Queens Dr (straight)",54534;54535;54838,3,Liverpool,64.805,34.117,30.688,1,2,1,Path/cycle facility;Road,Road,FALSE,0,0,0,0,0,,,,,,Inf,Inf,Inf,,FALSE,Inf,Inf,188,FALSE,Pre-installation percentage index (mean = 100),log(percentage index / 100),FALSE
13,13 | Halton 010B,cyclist,Liverpool 034A | queens dr,Liverpool 034A,queens dr,"Queens Dr, N of M62 (right turn)",54583,1,Liverpool,64.805,34.117,30.688,1,2,1,Path/cycle facility;Road,Road,FALSE,0,0,0,0,0,,,,,,Inf,Inf,Inf,,FALSE,Inf,Inf,189,FALSE,Pre-installation percentage index (mean = 100),log(percentage index / 100),FALSE
13,13 | Halton 010B,cyclist,St. Helens 007B | bishops rd,St. Helens 007B,bishops rd,Bishops Rd near Wynne Rd,55115;55116;55117;59154;59155,5,St. Helens,64.805,33.517,31.288,1,2,1,Path/cycle facility;Road,Other / crossing;Path/cycle facility;Road,FALSE,0,0,0,0,0,,,,,,Inf,Inf,Inf,,FALSE,Inf,Inf,190,FALSE,Pre-installation percentage index (mean = 100),log(percentage index / 100),FALSE
13,13 | Halton 010B,cyclist,St. Helens 007B | wynne rd,St. Helens 007B,wynne rd,Wynne Rd near Wolseley Rd,55112;55113;55114,3,St. Helens,64.805,33.517,31.288,1,2,1,Path/cycle facility;Road,Path/cycle facility;Road,FALSE,0,0,0,0,0,,,,,,Inf,Inf,Inf,,FALSE,Inf,Inf,191,FALSE,Pre-installation percentage index (mean = 100),log(percentage index / 100),FALSE
13,13 | Halton 010B,cyclist,St. Helens 005A | penny ln,St. Helens 005A,penny ln,Penny Ln near Old Boston,49949;49950,2,St. Helens,64.805,33.028,31.777,1,3,2,Path/cycle facility;Road,Road,FALSE,1,0.00641025641025641,0,1,1,,,,,,Inf,Inf,Inf,,FALSE,Inf,Inf,192,FALSE,Pre-installation percentage index (mean = 100),log(percentage index / 100),FALSE
13,13 | Halton 010B,cyclist,Knowsley 013A | carrs ter,Knowsley 013A,carrs ter,Carrs Ter,50106,1,Knowsley,64.805,31.951,32.854,1,3,2,Path/cycle facility;Road,Path/cycle facility,FALSE,0,0,0,0,0,,,,,,Inf,Inf,Inf,,FALSE,Inf,Inf,193,FALSE,Pre-installation percentage index (mean = 100),log(percentage index / 100),FALSE
13,13 | Halton 010B,cyclist,Wirral 001D | king's parade,Wirral 001D,king's parade,King's Parade,51858,1,Wirral,64.805,31.687,33.118,1,3,2,Path/cycle facility;Road,Other / crossing,FALSE,0,0,0,0,0,,,,,,Inf,Inf,Inf,,FALSE,Inf,Inf,194,FALSE,Pre-installation percentage index (mean = 100),log(percentage index / 100),FALSE
13,13 | Halton 010B,cyclist,Liverpool 032A | edge ln dr (wb traffic),Liverpool 032A,edge ln dr (wb traffic),Edge Ln Dr (WB traffic),53509;53510,2,Liverpool,64.805,31.451,33.354,1,3,2,Path/cycle facility;Road,Other / crossing;Road,FALSE,0,0,0,0,0,,,,,,Inf,Inf,Inf,,FALSE,Inf,Inf,195,FALSE,Pre-installation percentage index (mean = 100),log(percentage index / 100),FALSE
13,13 | Halton 010B,cyclist,Liverpool 034E | queens dr,Liverpool 034E,queens dr,"Queens Dr, N of M62 (SB traffic)",54545;55270,2,Liverpool,64.805,28.84,35.965,1,3,2,Path/cycle facility;Road,Road,FALSE,0,0,0,0,0,,,,,,Inf,Inf,Inf,,FALSE,Inf,Inf,196,FALSE,Pre-installation percentage index (mean = 100),log(percentage index / 100),FALSE
13,13 | Halton 010B,cyclist,St. Helens 004F | ravenhead greenway,St. Helens 004F,ravenhead greenway,Ravenhead Greenway,51819,1,St. Helens,64.805,27.133,37.672,1,3,2,Path/cycle facility;Road,Path/cycle facility,FALSE,0,0,0,0,0,,,,,,Inf,Inf,Inf,,FALSE,Inf,Inf,197,FALSE,Pre-installation percentage index (mean = 100),log(percentage index / 100),FALSE
13,13 | Halton 010B,cyclist,Sefton 033A | school ln,Sefton 033A,school ln,School Ln near Moss Ln,50028;50029;50030,3,Sefton,64.805,25.806,38.999,1,4,3,Path/cycle facility;Road,Path/cycle facility;Road,FALSE,0,0,0,0,0,,,,,,Inf,Inf,Inf,,FALSE,Inf,Inf,198,FALSE,Pre-installation percentage index (mean = 100),log(percentage index / 100),FALSE
13,13 | Halton 010B,cyclist,Sefton 033A | school ln & oxford ave,Sefton 033A,school ln & oxford ave,School Ln & Oxford Ave,50024;50025;50026;50027,4,Sefton,64.805,25.806,38.999,1,4,3,Path/cycle facility;Road,Path/cycle facility;Road,FALSE,0,0,0,0,0,,,,,,Inf,Inf,Inf,,FALSE,Inf,Inf,199,FALSE,Pre-installation percentage index (mean = 100),log(percentage index / 100),FALSE
13,13 | Halton 010B,cyclist,Wirral 019B | upton rd,Wirral 019B,upton rd,Upton Rd near Westwood Rd,41136;41137,2,Wirral,64.805,21.574,43.231,1,4,3,Path/cycle facility;Road,Path/cycle facility;Road,FALSE,0,0,0,0,0,,,,,,Inf,Inf,Inf,,FALSE,Inf,Inf,200,FALSE,Pre-installation percentage index (mean = 100),log(percentage index / 100),FALSE
13,13 | Halton 010B,cyclist,Sefton 009C | marine dr,Sefton 009C,marine dr,Marine Dr,49957;49958;49959,3,Sefton,64.805,21.479,43.326,1,5,4,Path/cycle facility;Road,Path/cycle facility;Road,FALSE,0,0,0,0,0,,,,,,Inf,Inf,Inf,,FALSE,Inf,Inf,201,FALSE,Pre-installation percentage index (mean = 100),log(percentage index / 100),FALSE
13,13 | Halton 010B,cyclist,Liverpool 034B | m62 (eb traffic),Liverpool 034B,m62 (eb traffic),M62 (EB traffic),52396;54839,2,Liverpool,64.805,19.675,45.13,1,5,4,Path/cycle facility;Road,Other / crossing;Road,FALSE,0,0,0,0,0,,,,,,Inf,Inf,Inf,,FALSE,Inf,Inf,202,FALSE,Pre-installation percentage index (mean = 100),log(percentage index / 100),FALSE
13,13 | Halton 010B,cyclist,Liverpool 034B | m62 (wb traffic),Liverpool 034B,m62 (wb traffic),M62 (WB traffic),53269;53270,2,Liverpool,64.805,19.675,45.13,1,5,4,Path/cycle facility;Road,Other / crossing;Road,FALSE,0,0,0,0,0,,,,,,Inf,Inf,Inf,,FALSE,Inf,Inf,203,FALSE,Pre-installation percentage index (mean = 100),log(percentage index / 100),FALSE
13,13 | Halton 010B,cyclist,Liverpool 034B | queens dr,Liverpool 034B,queens dr,Queens Dr near Glendevon Rd (SB traffic),53277;53278,2,Liverpool,64.805,19.675,45.13,1,5,4,Path/cycle facility;Road,Road,FALSE,0,0,0,0,0,,,,,,Inf,Inf,Inf,,FALSE,Inf,Inf,204,FALSE,Pre-installation percentage index (mean = 100),log(percentage index / 100),FALSE
13,13 | Halton 010B,cyclist,Sefton 008C | moels park,Sefton 008C,moels park,Moels Park,50810,1,Sefton,64.805,18.946,45.859,1,5,4,Path/cycle facility;Road,Path/cycle facility,FALSE,0,0,0,0,0,,,,,,Inf,Inf,Inf,,FALSE,Inf,Inf,205,FALSE,Pre-installation percentage index (mean = 100),log(percentage index / 100),FALSE
13,13 | Halton 010B,cyclist,Sefton 019D | grange park,Sefton 019D,grange park,Grange Park,50010;50011;50012,3,Sefton,64.805,18.397,46.408,1,5,4,Path/cycle facility;Road,Path/cycle facility;Road,FALSE,0,0,0,0,0,,,,,,Inf,Inf,Inf,,FALSE,Inf,Inf,206,FALSE,Pre-installation percentage index (mean = 100),log(percentage index / 100),FALSE
13,13 | Halton 010B,cyclist,Halton 005D | birchfield rd,Halton 005D,birchfield rd,Birchfield Rd near Victoria Ave,50270;50271;50272,3,Halton,64.805,16.81,47.995,1,6,5,Path/cycle facility;Road,Path/cycle facility;Road,FALSE,0,0,0,0,0,,,,,,Inf,Inf,Inf,,FALSE,Inf,Inf,207,FALSE,Pre-installation percentage index (mean = 100),log(percentage index / 100),FALSE
13,13 | Halton 010B,cyclist,Liverpool 061C | great charlotte st,Liverpool 061C,great charlotte st,Great Charlotte St near Ranelagh St,49965;49966;49967,3,Liverpool,64.805,15.028,49.777,1,6,5,Path/cycle facility;Road,Path/cycle facility;Road,FALSE,0,0,0,0,0,,,,,,Inf,Inf,Inf,,FALSE,Inf,Inf,208,FALSE,Pre-installation percentage index (mean = 100),log(percentage index / 100),FALSE
13,13 | Halton 010B,cyclist,Liverpool 061C | renshaw st,Liverpool 061C,renshaw st,Renshaw St near Benson St,53079;53080;53081;53082,4,Liverpool,64.805,15.028,49.777,1,6,5,Path/cycle facility;Road,Other / crossing;Path/cycle facility;Road,FALSE,0,0,0,0,0,,,,,,Inf,Inf,Inf,,FALSE,Inf,Inf,209,FALSE,Pre-installation percentage index (mean = 100),log(percentage index / 100),FALSE
13,13 | Halton 010B,cyclist,Sefton 025C | liverpool rd & islington rd (crossing),Sefton 025C,liverpool rd & islington rd (crossing),Liverpool Rd & Islington Rd (crossing),49912;49913,2,Sefton,64.805,13.812,50.993,1,7,6,Path/cycle facility;Road,Other / crossing,FALSE,8,0.0512820512820513,0,1,1,36.46875,259.4375,6.95079232693912,0.421476588351075,2.86805108202259,2.44657449367151,Inf,1.70170812226226,1,FALSE,Inf,Inf,210,FALSE,Pre-installation percentage index (mean = 100),log(percentage index / 100),FALSE
13,13 | Halton 010B,cyclist,Wirral 006A | reeds ln,Wirral 006A,reeds ln,Reeds Ln near Wirral Circular,50833;50834;50848,3,Wirral,64.805,12.143,52.662,1,7,6,Path/cycle facility;Road,Other / crossing;Path/cycle facility;Road,FALSE,0,0,0,0,0,,,,,,Inf,Inf,Inf,,FALSE,Inf,Inf,211,FALSE,Pre-installation percentage index (mean = 100),log(percentage index / 100),FALSE
13,13 | Halton 010B,cyclist,Sefton 012C | coastal rd,Sefton 012C,coastal rd,Coastal Rd near Pinfold Ln,49960;49961,2,Sefton,64.805,12.032,52.773,1,7,6,Path/cycle facility;Road,Road,FALSE,0,0,0,0,0,,,,,,Inf,Inf,Inf,,FALSE,Inf,Inf,212,FALSE,Pre-installation percentage index (mean = 100),log(percentage index / 100),FALSE
13,13 | Halton 010B,cyclist,Wirral 006D | cross ln,Wirral 006D,cross ln,Cross Ln,50325,1,Wirral,64.805,10.804,54.001,1,8,7,Path/cycle facility;Road,Road,FALSE,0,0,0,0,0,,,,,,Inf,Inf,Inf,,FALSE,Inf,Inf,213,FALSE,Pre-installation percentage index (mean = 100),log(percentage index / 100),FALSE
13,13 | Halton 010B,cyclist,Sefton 012B | coastal rd,Sefton 012B,coastal rd,Coastal Rd near Shore Rd,50630;50631;50632,3,Sefton,64.805,10.46,54.345,1,8,7,Path/cycle facility;Road,Other / crossing;Road,FALSE,0,0,0,0,0,,,,,,Inf,Inf,Inf,,FALSE,Inf,Inf,214,FALSE,Pre-installation percentage index (mean = 100),log(percentage index / 100),FALSE
13,13 | Halton 010B,cyclist,"Halton 009A | busway, n or chester rd (sb traffic)",Halton 009A,"busway, n or chester rd (sb traffic)","Busway, N or Chester Rd (SB traffic)",51875;51876,2,Halton,64.805,10.215,54.59,1,8,7,Path/cycle facility;Road,Path/cycle facility;Road,FALSE,0,0,0,0,0,,,,,,Inf,Inf,Inf,,FALSE,Inf,Inf,215,FALSE,Pre-installation percentage index (mean = 100),log(percentage index / 100),FALSE
13,13 | Halton 010B,cyclist,"Halton 009A | busway, s or chester rd (nb traffic)",Halton 009A,"busway, s or chester rd (nb traffic)","Busway, S or Chester Rd (NB traffic)",51878;51879,2,Halton,64.805,10.215,54.59,1,8,7,Path/cycle facility;Road,Path/cycle facility;Road,FALSE,0,0,0,0,0,,,,,,Inf,Inf,Inf,,FALSE,Inf,Inf,216,FALSE,Pre-installation percentage index (mean = 100),log(percentage index / 100),FALSE
13,13 | Halton 010B,cyclist,Halton 009A | chester rd,Halton 009A,chester rd,"Chester Rd near Red Brow Ln; Chester Rd, E of Busway (WB traffic); Chester Rd, W of Busway (EB traffic)",49524;49525;49526;51874;51877;52481;52482,7,Halton,64.805,10.215,54.59,1,8,7,Path/cycle facility;Road,Other / crossing;Path/cycle facility;Road,FALSE,0,0,0,0,0,,,,,,Inf,Inf,Inf,,FALSE,Inf,Inf,217,FALSE,Pre-installation percentage index (mean = 100),log(percentage index / 100),FALSE
13,13 | Halton 010B,cyclist,Halton 009A | northwich rd,Halton 009A,northwich rd,"Northwich Rd, E of Preston Brook (WB traffic); Northwich Rd, W of Preston Brook (EB traffic)",51351;51352;51353;51734,4,Halton,64.805,10.215,54.59,1,8,7,Path/cycle facility;Road,Other / crossing;Road,FALSE,0,0,0,0,0,,,,,,Inf,Inf,Inf,,FALSE,Inf,Inf,218,FALSE,Pre-installation percentage index (mean = 100),log(percentage index / 100),FALSE
13,13 | Halton 010B,cyclist,Halton 009A | preston brook,Halton 009A,preston brook,"Preston Brook, N of Northwich Rd; Preston Brook, S of Northwich Rd",51223;51224;51225;51230;51231;51232,6,Halton,64.805,10.215,54.59,1,8,7,Path/cycle facility;Road,Path/cycle facility;Road,FALSE,0,0,0,0,0,,,,,,Inf,Inf,Inf,,FALSE,Inf,Inf,219,FALSE,Pre-installation percentage index (mean = 100),log(percentage index / 100),FALSE
13,13 | Halton 010B,cyclist,Sefton 018E | northway,Sefton 018E,northway,Northway near Kenyon's Ln (NB traffic),51664;51665;51666,3,Sefton,64.805,9.973,54.832,1,8,7,Path/cycle facility;Road,Other / crossing;Path/cycle facility;Road,FALSE,0,0,0,0,0,,,,,,Inf,Inf,Inf,,FALSE,Inf,Inf,220,FALSE,Pre-installation percentage index (mean = 100),log(percentage index / 100),FALSE
13,13 | Halton 010B,cyclist,Sefton 008F | town ln kew,Sefton 008F,town ln kew,Town Ln Kew,50329;50330;50331,3,Sefton,64.805,9.503,55.302,1,8,7,Path/cycle facility;Road,Path/cycle facility;Road,FALSE,0,0,0,0,0,,,,,,Inf,Inf,Inf,,FALSE,Inf,Inf,221,FALSE,Pre-installation percentage index (mean = 100),log(percentage index / 100),FALSE
13,13 | Halton 010B,cyclist,Halton 001B | birchfield rd,Halton 001B,birchfield rd,Birchfield Rd near Upton Ln,50268;50269,2,Halton,64.805,5.375,59.43,1,10,9,Path/cycle facility;Road,Other / crossing;Road,FALSE,0,0,0,0,0,,,,,,Inf,Inf,Inf,,FALSE,Inf,Inf,222,FALSE,Pre-installation percentage index (mean = 100),log(percentage index / 100),FALSE
13,13 | Halton 010B,pedestrian,Halton 015B | busway,Halton 015B,busway,"Busway near Palacefields Ave; Busway, near Palacefields Ave",16369;22875,2,Halton,64.805,58.811,5.99400000000001,1,1,0,Path/cycle facility;Road,Other / crossing;Road,TRUE,154,0.987179487179487,0.966666666666667,0.996753246753247,0.948051948051948,57.8100649350649,31.9967532467533,0.561073232671764,0.792953650400586,0.0463838404628457,0.74656980993774,0.703874268151994,0.253617606534463,0.0857532117814777,TRUE,0.622317655570026,0.682257655570026,1,TRUE,Pre-installation percentage index (mean = 100),log(percentage index / 100),FALSE
13,13 | Halton 010B,pedestrian,Liverpool 037D | princes rd,Liverpool 037D,princes rd,Princes Rd near Upper Stanhope St,49940;49941;49945,3,Liverpool,64.805,54.618,10.187,1,1,0,Path/cycle facility;Road,Other / crossing;Path/cycle facility;Road,FALSE,2,0.0128205128205128,0,1,1,39.75,40,1.00613496932515,,,,Inf,0.133526890862672,,FALSE,,,2,FALSE,Pre-installation percentage index (mean = 100),log(percentage index / 100),FALSE
13,13 | Halton 010B,pedestrian,Liverpool 037A | catharine st,Liverpool 037A,catharine st,Catharine St near Back Canning St; Catharine St near Caledonia St (NB traffic); Catharine St near Caledonia St (SB traffic),49922;49923;49924;49926;49927;49928;49942;49943;49944;57105;57122,11,Liverpool,64.805,43.775,21.03,1,2,1,Path/cycle facility;Road,Other / crossing;Path/cycle facility;Road,FALSE,3,0.0192307692307692,0,1,0.541666666666667,42.1666666666667,756.577777777778,17.5500643500644,,,,Inf,0.451010724224026,,FALSE,,,3,FALSE,Pre-installation percentage index (mean = 100),log(percentage index / 100),FALSE
13,13 | Halton 010B,pedestrian,Halton 014A | wood ln,Halton 014A,wood ln,Wood Ln,49938;49939,2,Halton,64.805,27.06,37.745,1,3,2,Path/cycle facility;Road,Other / crossing,FALSE,2,0.0128205128205128,0,1,1,39.75,139.25,3.44171779141104,,,,Inf,0.0548454186226389,,FALSE,,,4,FALSE,Pre-installation percentage index (mean = 100),log(percentage index / 100),FALSE
13,13 | Halton 010B,pedestrian,Halton 016D | rocksavage expressway,Halton 016D,rocksavage expressway,Rocksavage Expressway near Clifton Rbt,49936;49937,2,Halton,64.805,12.138,52.667,1,7,6,Path/cycle facility;Road,Path/cycle facility;Road,FALSE,2,0.0128205128205128,0,1,1,39.75,11.5,0.306748466257669,,,,Inf,0.546677615820264,,FALSE,,,5,FALSE,Pre-installation percentage index (mean = 100),log(percentage index / 100),FALSE
13,13 | Halton 010B,pedestrian,Wirral 011E | fender ln,Wirral 011E,fender ln,Fender Ln,16377;16378;16397;51146;51147;51148,6,Wirral,64.805,72.478,7.67299999999999,1,1,0,Path/cycle facility;Road,Other / crossing;Path/cycle facility;Road,TRUE,151,0.967948717948718,0.935483870967742,0.996688741721854,1,57.658940397351,60.2262693156733,1.0437670524038,0.75060247925392,-0.0311726121506311,0.781775091404551,0.704281641007347,0.163719522028965,-0.322718623440817,FALSE,0.502788749472226,0.579518749472226,6,FALSE,Pre-installation percentage index (mean = 100),log(percentage index / 100),FALSE
13,13 | Halton 010B,pedestrian,Liverpool 022D | commercial rd,Liverpool 022D,commercial rd,Commercial Rd near Boundary St,16379;16380;16402;16403,4,Liverpool,64.805,72.513,7.708,1,1,0,Path/cycle facility;Road,Path/cycle facility;Road,TRUE,156,1,1,0.996794871794872,0.987179487179487,57.4407051282052,54.8894230769231,0.956344091918721,0.787372320739362,-0.0784313570619562,0.865803677801318,0.783286973748336,0.194426719437465,-0.310739814913471,FALSE,0.537496987437147,0.614576987437147,7,FALSE,Pre-installation percentage index (mean = 100),log(percentage index / 100),FALSE
13,13 | Halton 010B,pedestrian,Knowsley 003D | cherryfield dr,Knowsley 003D,cherryfield dr,Cherryfield Dr near Cherryfield Cres,16347;16348;16349,3,Knowsley,64.805,60.307,4.498,1,1,0,Path/cycle facility;Road,Path/cycle facility;Road,TRUE,156,1,1,0.996794871794872,1,57.4407051282052,73.8333333333333,1.28050017824334,0.787372320739362,-0.0910257978592741,0.878398118598636,0.730651840296684,0.154498905235109,-0.222118139228474,FALSE,0.577727088322312,0.622707088322312,8,FALSE,Pre-installation percentage index (mean = 100),log(percentage index / 100),FALSE
13,13 | Halton 010B,pedestrian,Halton 007C | dundalk rd,Halton 007C,dundalk rd,Dundalk Rd,46457;46458;46459,3,Halton,64.805,62.648,2.157,1,1,0,Path/cycle facility;Road,Path/cycle facility;Road,TRUE,156,1,1,0.996794871794872,1,57.4407051282052,96.8119658119658,1.67369585287155,0.787372320739362,0.196434266929018,0.590938053810344,0.728884319435071,0.227425931414493,-0.328151352058052,FALSE,0.603739642111226,0.625309642111226,9,FALSE,Pre-installation percentage index (mean = 100),log(percentage index / 100),FALSE
13,13 | Halton 010B,pedestrian,Liverpool 030A | quorn st,Liverpool 030A,quorn st,Quorn St near Brae St,49395,1,Liverpool,64.805,69.234,4.42899999999999,1,1,0,Path/cycle facility;Road,Road,TRUE,47,0.301282051282051,0,1,1,45.4734042553191,59.3404255319149,1.29838617374385,1.24301887522814,0.272765919365403,0.970252955862734,0.408103433294482,0.217843918266075,0.0911721383677367,FALSE,0.600123627592455,0.644413627592455,10,FALSE,Pre-installation percentage index (mean = 100),log(percentage index / 100),FALSE
13,13 | Halton 010B,pedestrian,Wirral 008C | birkenhead rd,Wirral 008C,birkenhead rd,Birkenhead Rd,49567;49568,2,Wirral,64.805,76.106,11.301,1,1,0,Path/cycle facility;Road,Path/cycle facility;Road,FALSE,35,0.224358974358974,0,1,1,53.45,82.2428571428572,1.52879443788535,0.754960743507471,0.166347170261292,0.588613573246179,0.222613648510129,0.440076075312824,0.157961162247236,FALSE,0.536013508316604,0.649023508316604,11,FALSE,Pre-installation percentage index (mean = 100),log(percentage index / 100),FALSE
13,13 | Halton 010B,pedestrian,Liverpool 022D | vauxhall rd,Liverpool 022D,vauxhall rd,Vauxhall Rd near Boundary St,46776;46777;46778;46779,4,Liverpool,64.805,72.513,7.708,1,1,0,Path/cycle facility;Road,Other / crossing;Path/cycle facility;Road,TRUE,155,0.993589743589744,0.967741935483871,0.996774193548387,1,57.6274193548387,70.0322580645161,1.21158766403478,0.792229544535145,-0.0637425472054995,0.855972091740645,0.757083348180942,0.163686268320352,-0.330403252682495,FALSE,0.574492836611455,0.651572836611455,12,FALSE,Pre-installation percentage index (mean = 100),log(percentage index / 100),FALSE
13,13 | Halton 010B,pedestrian,Liverpool 059F | western ave,Liverpool 059F,western ave,Western Ave near of Bray Rd,16361;16386;16387,3,Liverpool,64.805,58.134,6.67100000000001,1,1,0,Path/cycle facility;Road,Path/cycle facility;Road,TRUE,156,1,1,0.996794871794872,1,57.4407051282052,95.5876068376068,1.65274540452098,0.787372320739362,0.00583518745765968,0.781537133281702,0.680196945251649,0.181868292495477,-0.120826322781978,FALSE,0.612584726325675,0.679294726325676,13,FALSE,Pre-installation percentage index (mean = 100),log(percentage index / 100),FALSE
13,13 | Halton 010B,pedestrian,Sefton 037D | merton rd,Sefton 037D,merton rd,Merton Rd near Washington Parade,16353;16392,2,Sefton,64.805,66.265,1.45999999999999,1,1,0,Path/cycle facility;Road,Path/cycle facility;Road,TRUE,156,1,1,0.996794871794872,1,57.4407051282052,116.657051282051,2.0132722735624,0.787372320739362,0.0489945301951555,0.738377790544207,0.691707678925487,0.260467872192435,-0.227275544477058,FALSE,0.681799000033732,0.696399000033732,14,FALSE,Pre-installation percentage index (mean = 100),log(percentage index / 100),FALSE
13,13 | Halton 010B,pedestrian,Liverpool 031G | quorn st,Liverpool 031G,quorn st,Quorn St near Wedgewood St,49394,1,Liverpool,64.805,63.779,1.026,1,1,0,Path/cycle facility;Road,Road,TRUE,46,0.294871794871795,0,1,1,45.7119565217391,54.5,1.18813263525305,1.22105065241643,0.0101987683749672,1.21085188404146,0.476507319965987,0.340797528160916,-0.189133365767077,FALSE,0.6879787928161,0.6982387928161,15,FALSE,Pre-installation percentage index (mean = 100),log(percentage index / 100),FALSE
13,13 | Halton 010B,pedestrian,Sefton 004B | marine dr,Sefton 004B,marine dr,Marine Dr near Marshside Rd,49482;49483;49484,3,Sefton,64.805,51.794,13.011,1,1,0,Path/cycle facility;Road,Other / crossing;Path/cycle facility;Road,FALSE,37,0.237179487179487,0,1,1,52.1891891891892,37.6756756756757,0.727134146341463,0.661695790860228,-0.288224287684263,0.949920078544491,0.0676140687663296,0.887984230267805,0.41265339414864,FALSE,0.582270232059055,0.712380232059055,16,FALSE,Pre-installation percentage index (mean = 100),log(percentage index / 100),FALSE
13,13 | Halton 010B,pedestrian,Liverpool 024D | west derby rd,Liverpool 024D,west derby rd,"West Derby Rd - Eastbound, near Sheil Rd; West Derby Rd - Westbound, near Sheil Rd",15104;15106;15160;15161;15162,5,Liverpool,64.805,64.417,0.388000000000005,1,1,0,Path/cycle facility;Road,Path/cycle facility;Road,TRUE,156,1,1,0.996794871794872,0.985897435897436,57.4407051282052,117.658333333333,2.03040557216113,0.787372320739362,-0.0442177801012634,0.831590100840625,0.718232034973449,0.185628700234802,-0.286504554344361,FALSE,0.71177279815976,0.715652798159761,17,FALSE,Pre-installation percentage index (mean = 100),log(percentage index / 100),FALSE
13,13 | Halton 010B,pedestrian,Halton 014D | busway,Halton 014D,busway,Busway near Stockham Ln,22897;54966;54967,3,Halton,64.805,58.314,6.49100000000001,1,1,0,Path/cycle facility;Road,Other / crossing;Path/cycle facility,TRUE,155,0.993589743589744,0.96551724137931,0.996774193548387,1,57.5161290322581,34.4193548387097,0.60529217199559,0.777731443534329,-0.0162430711244414,0.79397451465877,0.758318860376087,0.253863371376406,-0.268647953247952,FALSE,0.655227676858156,0.720137676858156,18,FALSE,Pre-installation percentage index (mean = 100),log(percentage index / 100),FALSE
13,13 | Halton 010B,pedestrian,Wirral 027D | new chester rd,Wirral 027D,new chester rd,New Chester Rd near Bedford Rd; New Chester Rd near St Paul's Rd,16350;16351;16352;16356;16357;16358,6,Wirral,64.805,59.878,4.92700000000001,1,1,0,Path/cycle facility;Road,Path/cycle facility;Road,TRUE,156,1,1,0.996794871794872,0.996794871794872,57.4407051282052,112.91452991453,1.9492326395554,0.787372320739362,-0.0218179168841563,0.809190237623518,0.693689575041943,0.16777736381937,-0.168384355142676,FALSE,0.674882379395575,0.724152379395575,19,FALSE,Pre-installation percentage index (mean = 100),log(percentage index / 100),FALSE
13,13 | Halton 010B,pedestrian,Halton 014C | barnfield ave,Halton 014C,barnfield ave,Barnfield Ave,49476,1,Halton,64.805,49.288,15.517,1,1,0,Path/cycle facility;Road,Road,FALSE,38,0.243589743589744,0,1,1,50.5855263157895,103.184210526316,2.01964035199592,1.13573055394356,0.480520051759936,0.655210502183629,0.225700904412418,0.368673003031909,0.596178709856281,FALSE,0.584888584164996,0.740058584164997,20,FALSE,Pre-installation percentage index (mean = 100),log(percentage index / 100),FALSE
13,13 | Halton 010B,pedestrian,Wirral 036G | new chester rd,Wirral 036G,new chester rd,New Chester Rd near Pool Ln,49537;49538;49539;49540,4,Wirral,64.805,29.136,35.669,1,3,2,Path/cycle facility;Road,Path/cycle facility;Road,FALSE,36,0.230769230769231,0,1,1,52.8541666666667,46.8333333333333,0.888201160541586,0.666942651491895,0.264969417179175,0.40197323431272,0.0669575997972114,0.614255623193433,0.666130586319281,FALSE,0.332725979537498,0.789415979537498,21,FALSE,Pre-installation percentage index (mean = 100),log(percentage index / 100),FALSE
13,13 | Halton 010B,pedestrian,Knowsley 020C | higher rd,Knowsley 020C,higher rd,"Higher Rd, E of Old Hutte Ln; Higher Rd, W of Old Hutte Ln",49271;49272;49273;49274;49275;49399;49400,7,Knowsley,64.805,60.604,4.20100000000001,1,1,0,Path/cycle facility;Road,Other / crossing;Path/cycle facility;Road,TRUE,57,0.365384615384615,0,1,1,42.8947368421053,43.1704260651629,1.00628068973393,1.13803816742296,-0.391177340095819,1.52921550751878,0.709117651678613,0.242747812432747,-0.196866581489605,FALSE,0.751697930358425,0.793707930358425,22,FALSE,Pre-installation percentage index (mean = 100),log(percentage index / 100),FALSE
13,13 | Halton 010B,pedestrian,Wirral 016G | chester st,Wirral 016G,chester st,Chester St,46436;46437;46438,3,Wirral,64.805,71.864,7.059,1,1,0,Path/cycle facility;Road,Other / crossing;Road,TRUE,155,0.993589743589744,0.967741935483871,0.996774193548387,1,57.55,25.0688172043011,0.445240259680633,0.798163085456593,0.163360008319539,0.634803077137054,0.69842323123981,0.585749694416693,-0.286666544739514,FALSE,0.730464115752702,0.801054115752702,23,FALSE,Pre-installation percentage index (mean = 100),log(percentage index / 100),FALSE
13,13 | Halton 010B,pedestrian,Liverpool 022D | boundary st,Liverpool 022D,boundary st,Boundary St; Boundary St near Commercial Rd,46780;46781;46782;46786;46787;46789,6,Liverpool,64.805,72.513,7.708,1,1,0,Path/cycle facility;Road,Path/cycle facility;Road,TRUE,156,1,1,0.996794871794872,0.996794871794872,57.4407051282052,128.597222222222,2.21758484840175,0.787372320739362,0.00944605559469241,0.77792626514467,0.730399904239778,0.161604289126182,-0.340063330494595,FALSE,0.729653918364032,0.806733918364032,24,FALSE,Pre-installation percentage index (mean = 100),log(percentage index / 100),FALSE
13,13 | Halton 010B,pedestrian,Knowsley 020C | old hutte ln,Knowsley 020C,old hutte ln,Old Hutte Ln near Higher Rd,49276;49277;49278,3,Knowsley,64.805,60.604,4.20100000000001,1,1,0,Path/cycle facility;Road,Other / crossing;Path/cycle facility;Road,TRUE,55,0.352564102564103,0,1,1,42.6818181818182,19.1151515151515,0.460492542490461,1.15679151132891,0.0647434322210653,1.09204807910784,0.317640776404779,0.421679872787661,0.258346130342528,FALSE,0.767882929512,0.809892929512,25,FALSE,Pre-installation percentage index (mean = 100),log(percentage index / 100),FALSE
13,13 | Halton 010B,pedestrian,Halton 005C | kingsway,Halton 005C,kingsway,"Kingsway, S of Milton Rd",49503;49504;49505;49506;49507,5,Halton,64.805,40.149,24.656,1,2,1,Path/cycle facility;Road,Other / crossing;Path/cycle facility;Road,FALSE,36,0.230769230769231,0,1,1,52.1875,33.7388888888889,0.653140096618358,0.714292147466594,0.1606496331795,0.553642514287093,0.226222767788701,0.369073908703403,0.224299888574139,FALSE,0.51438321150093,0.81094321150093,26,FALSE,Pre-installation percentage index (mean = 100),log(percentage index / 100),FALSE
13,13 | Halton 010B,pedestrian,Knowsley 004A | kirkby row,Knowsley 004A,kirkby row,Kirkby Row near Valley Rd,23792;23793;23794,3,Knowsley,64.805,70.978,6.17299999999999,1,1,0,Path/cycle facility;Road,Path/cycle facility;Road,TRUE,155,0.993589743589744,0.96551724137931,0.996774193548387,1,57.4758064516129,155.767741935484,2.68089918631913,0.803106686324994,0.000228887294292285,0.802877799030702,0.700764063317178,0.119388091623788,-0.269976898597685,FALSE,0.777860379177192,0.839590379177192,27,FALSE,Pre-installation percentage index (mean = 100),log(percentage index / 100),FALSE
13,13 | Halton 010B,pedestrian,Liverpool 030A | wedgewood st,Liverpool 030A,wedgewood st,Wedgewood St near Quorn St,49396,1,Liverpool,64.805,69.234,4.42899999999999,1,1,0,Path/cycle facility;Road,Road,TRUE,47,0.301282051282051,0,1,1,45.9787234042553,141.553191489362,3.03442028985507,1.21491399012148,0.342570123854491,0.87234386626699,0.385292813297527,0.26205501274134,0.369770930424763,FALSE,0.802314954288429,0.846604954288429,28,FALSE,Pre-installation percentage index (mean = 100),log(percentage index / 100),FALSE
13,13 | Halton 010B,pedestrian,Knowsley 008F | stockbridge ln,Knowsley 008F,stockbridge ln,Stockbridge Ln near Waterpark Dr,23811;23812;23813,3,Knowsley,64.805,77.148,12.343,1,1,0,Path/cycle facility;Road,Path/cycle facility;Road,FALSE,154,0.987179487179487,0.96551724137931,0.996753246753247,1,57.7061688311689,123.569264069264,2.12191097714976,0.787657121580481,-0.0456057519320668,0.833262873512548,0.756412005466538,0.2268193997395,-0.244061379170269,FALSE,0.734908824690504,0.858338824690504,29,FALSE,Pre-installation percentage index (mean = 100),log(percentage index / 100),FALSE
13,13 | Halton 010B,pedestrian,St. Helens 024E | peasley cross ln,St. Helens 024E,peasley cross ln,Peasley Cross Ln near McManus Dr,22882;22883,2,St. Helens,64.805,40.867,23.938,1,2,1,Path/cycle facility;Road,Path/cycle facility;Road,FALSE,149,0.955128205128205,0.774193548387097,0.996644295302013,1,58.9295302013423,72.5369127516779,1.22705638613584,0.788836315876059,-0.0689742468362901,0.857810562712349,0.741422040280693,0.195316392772453,-0.180275584177687,FALSE,0.575383379731526,0.864763379731526,30,FALSE,Pre-installation percentage index (mean = 100),log(percentage index / 100),FALSE
13,13 | Halton 010B,pedestrian,Liverpool 003D | rice ln & hornby ln,Liverpool 003D,rice ln & hornby ln,Rice Ln & Hornby Ln,49519;49520;49521,3,Liverpool,64.805,43.297,21.508,1,2,1,Path/cycle facility;Road,Road,FALSE,32,0.205128205128205,0,1,1,52.3046875,25.5625,0.498314524402755,0.712779127447416,-0.0915004717771334,0.804279599224549,0.0742713086230811,0.453466837780918,0.135084540973722,FALSE,0.646463128818414,0.911543128818414,31,FALSE,Pre-installation percentage index (mean = 100),log(percentage index / 100),FALSE
13,13 | Halton 010B,pedestrian,Sefton 004H | king st,Sefton 004H,king st,King St near Wellington St,40740;40741;40742,3,Sefton,64.805,55.692,9.11300000000001,1,1,0,Path/cycle facility;Road,Path/cycle facility;Road,TRUE,156,1,1,0.996794871794872,1,57.4407051282052,168.897435897436,2.90717635122165,0.787372320739362,-0.109824912735817,0.897197233475179,0.703767438030573,0.242459274855417,-0.142595644946118,FALSE,0.823873229586819,0.915003229586819,32,FALSE,Pre-installation percentage index (mean = 100),log(percentage index / 100),FALSE
13,13 | Halton 010B,pedestrian,Liverpool 027A | prescot rd,Liverpool 027A,prescot rd,Prescot Rd near Barrymore Rd; Prescot Rd near Dunmore Rd,22890;22891;22892;22893,4,Liverpool,64.805,60.219,4.58600000000001,1,1,0,Path/cycle facility;Road,Path/cycle facility;Road,TRUE,156,1,1,0.996794871794872,1,57.4407051282052,182.565705128205,3.14105903967971,0.787372320739362,-0.164843728177138,0.9522160489165,0.731004949588356,0.172553868355479,-0.282379032196655,FALSE,0.873276553664114,0.919136553664114,33,FALSE,Pre-installation percentage index (mean = 100),log(percentage index / 100),FALSE
13,13 | Halton 010B,pedestrian,Halton 007A | waterfront rbt,Halton 007A,waterfront rbt,Waterfront Rbt near Grn Oaks Way,49530;49531;49532,3,Halton,64.805,58.639,6.166,1,1,0,Path/cycle facility;Road,Other / crossing;Path/cycle facility;Road,TRUE,35,0.224358974358974,0,1,0.980952380952381,52.6785714285714,316.619047619048,5.91705477933023,0.677965354402682,0.138289669473047,0.539675684929635,0.169444727046119,0.48247257661365,0.790939769182585,FALSE,0.861047226101714,0.922707226101714,34,FALSE,Pre-installation percentage index (mean = 100),log(percentage index / 100),FALSE
13,13 | Halton 010B,pedestrian,Halton 015B | crown gate,Halton 015B,crown gate,Crown Gate,16363,1,Halton,64.805,58.811,5.99400000000001,1,1,0,Path/cycle facility;Road,Road,TRUE,156,1,1,0.996794871794872,1,57.4407051282052,112.762820512821,1.94663668522225,0.787372320739362,-0.53311571165404,1.3204880323934,0.915454807398327,0.173905295544462,-0.34424953990385,FALSE,0.865019641521053,0.924959641521053,35,FALSE,Pre-installation percentage index (mean = 100),log(percentage index / 100),FALSE
13,13 | Halton 010B,pedestrian,Halton 014B | murdishaw ave,Halton 014B,murdishaw ave,Murdishaw Ave near Rose Close,47782;47783,2,Halton,64.805,44.323,20.482,1,1,0,Path/cycle facility;Road,Path/cycle facility;Road,FALSE,119,0.762820512820513,0.32258064516129,0.995798319327731,1,34.4873949579832,82.6218487394958,2.356381719157,0.699238035268097,-0.19849963385997,0.897737669128067,0.2940505306007,0.369093922311959,-0.00666684612929981,FALSE,0.723898808185171,0.928718808185171,36,FALSE,Pre-installation percentage index (mean = 100),log(percentage index / 100),FALSE
13,13 | Halton 010B,pedestrian,Sefton 021F | edge ln,Sefton 021F,edge ln,Edge Ln near Pleasant Hill Close,46624;46625,2,Sefton,64.805,34.007,30.798,1,2,1,Path/cycle facility;Road,Path/cycle facility;Road,FALSE,155,0.993589743589744,0.967741935483871,0.996774193548387,1,57.6193548387097,99.9935483870968,1.72287034998899,0.784427397842022,0.205629256635317,0.578798141206704,0.687817985817351,0.183814004167336,-0.160823449224989,FALSE,0.582019096586909,0.939999096586909,37,FALSE,Pre-installation percentage index (mean = 100),log(percentage index / 100),FALSE
13,13 | Halton 010B,pedestrian,Liverpool 023B | breck rd,Liverpool 023B,breck rd,Breck Rd near Spindle Close,22872;22873;22874,3,Liverpool,64.805,46.712,18.093,1,1,0,Path/cycle facility;Road,Other / crossing;Path/cycle facility,FALSE,156,1,1,0.996794871794872,1,57.4407051282052,142.957264957265,2.46330472299156,0.787372320739362,-0.0997688468833985,0.887141167622761,0.734206100113605,0.252333069620442,-0.147065801183606,FALSE,0.779177804941703,0.960107804941703,38,FALSE,Pre-installation percentage index (mean = 100),log(percentage index / 100),FALSE
13,13 | Halton 010B,pedestrian,St. Helens 022F | clock face rd,St. Helens 022F,clock face rd,Clock Face Rd; Clock Face Rd near Chester Ln; Clock Face Rd near Four Acre Ln,16354;16355;16396;47639;47641;47642;47825;52939,8,St. Helens,64.805,17.475,47.33,1,6,5,Path/cycle facility;Road,Other / crossing;Path/cycle facility;Road,FALSE,156,1,1,0.996794871794872,0.948717948717949,57.4407051282052,54.7298076923077,0.95361285545836,0.787372320739362,0.862389310686484,0.0750169899471223,0.574112861393593,0.147958884758993,0.213958688339132,FALSE,0.243629936097219,0.966929936097219,39,FALSE,Pre-installation percentage index (mean = 100),log(percentage index / 100),FALSE
13,13 | Halton 010B,pedestrian,Halton 011C | runcorn spur rd,Halton 011C,runcorn spur rd,Runcorn Spur Rd,46461,1,Halton,64.805,43.653,21.152,1,2,1,Path/cycle facility;Road,Path/cycle facility,FALSE,153,0.980769230769231,0.935483870967742,0.996732026143791,1,58.1781045751634,111.241830065359,1.89667835546843,0.755340484852995,-0.100962468080934,0.856302952933929,0.744518501351821,0.247859719068648,-0.358078052623786,FALSE,0.719955195958257,0.981475195958257,40,FALSE,Pre-installation percentage index (mean = 100),log(percentage index / 100),FALSE
13,13 | Halton 010B,pedestrian,Halton 012F | devonshire pl,Halton 012F,devonshire pl,Devonshire Pl,48386;48387;48388;48389,4,Halton,64.805,36.719,28.086,1,2,1,Path/cycle facility;Road,Other / crossing;Path/cycle facility,FALSE,141,0.903846153846154,0,0.99645390070922,1,60.2765957446809,93.1187943262411,1.53596643518519,0.782943291540599,0.0219516480164805,0.760991643524119,0.706326122159069,0.280075832800584,-0.112277083997067,FALSE,0.654481358982962,0.985341358982962,41,FALSE,Pre-installation percentage index (mean = 100),log(percentage index / 100),FALSE
13,13 | Halton 010B,pedestrian,Sefton 004D | hall st,Sefton 004D,hall st,Hall St near East St,40737;40738;40739,3,Sefton,64.805,33.442,31.363,1,2,1,Path/cycle facility;Road,Other / crossing;Path/cycle facility;Road,FALSE,133,0.852564102564103,0.206896551724138,0.996240601503759,1,56.6447368421053,79.2706766917293,1.3925066031891,0.681714581456279,-0.0863010776460494,0.768015659102328,0.737590410909378,0.193873215667956,-0.217710357681172,FALSE,0.627226921935298,0.990856921935299,42,FALSE,Pre-installation percentage index (mean = 100),log(percentage index / 100),FALSE
13,13 | Halton 010B,pedestrian,Liverpool 042C | fir ln,Liverpool 042C,fir ln,Fir Ln near Prince Alfred Rd,23780;23781,2,Liverpool,64.805,34.15,30.655,1,2,1,Path/cycle facility;Road,Path/cycle facility;Road,FALSE,156,1,1,0.996794871794872,1,57.4407051282052,93.8333333333333,1.62272739737297,0.787372320739362,0.00276650045921979,0.784605820280142,0.765780786576088,0.195697373140012,-0.215961042403254,FALSE,0.63586620402176,0.99241620402176,43,FALSE,Pre-installation percentage index (mean = 100),log(percentage index / 100),FALSE
13,13 | Halton 010B,pedestrian,Sefton 004I | talbot st,Sefton 004I,talbot st,Talbot St near Portland St,16370;16371;16372,3,Sefton,64.805,55.692,9.11300000000001,1,1,0,Path/cycle facility;Road,Other / crossing;Road,TRUE,139,0.891025641025641,0.551724137931035,0.996402877697842,1,59.8039568345324,224.095923261391,3.70199465593911,0.936531583019957,-0.050506321577363,0.98703790459732,0.696244088659163,0.181396521383348,0.0705113837837986,FALSE,0.917800705985327,1.00893070598533,44,FALSE,Pre-installation percentage index (mean = 100),log(percentage index / 100),FALSE
13,13 | Halton 010B,pedestrian,Liverpool 011C | utting ave east,Liverpool 011C,utting ave east,Utting Ave East near Parthenon Dr,22889,1,Liverpool,64.805,57.15,7.65500000000001,1,1,0,Path/cycle facility;Road,Road,TRUE,156,1,1,0.996794871794872,1,57.4407051282052,24.8910256410256,0.4430306852771,0.787372320739362,-0.743019091558464,1.53039141229783,0.758551313368939,0.136404766098741,-0.402634202588023,FALSE,0.932607142330573,1.00915714233057,45,FALSE,Pre-installation percentage index (mean = 100),log(percentage index / 100),FALSE
13,13 | Halton 010B,pedestrian,Liverpool 042C | prince alfred rd,Liverpool 042C,prince alfred rd,Prince Alfred Rd near Fir Ln,22877;22878;22879,3,Liverpool,64.805,34.15,30.655,1,2,1,Path/cycle facility;Road,Path/cycle facility;Road,FALSE,156,1,1,0.996794871794872,1,57.4407051282052,126.856837606838,2.1878044990448,0.787372320739362,0.200905009676605,0.586467311062757,0.716536525698236,0.182220250585745,-0.103664964408031,FALSE,0.653542469552653,1.01009246955265,46,FALSE,Pre-installation percentage index (mean = 100),log(percentage index / 100),FALSE
13,13 | Halton 010B,pedestrian,Halton 012F | queensway,Halton 012F,queensway,Queensway near New Rbt,40834;40835,2,Halton,64.805,36.719,28.086,1,2,1,Path/cycle facility;Road,Path/cycle facility;Road,FALSE,114,0.730769230769231,0,0.995614035087719,1,60.5175438596491,75.0964912280702,1.23698845002139,0.988996518684609,-0.00489977624519414,0.993896294929803,0.784695935592458,0.362456265016961,-0.118711476482595,FALSE,0.681014798591496,1.0118747985915,47,FALSE,Pre-installation percentage index (mean = 100),log(percentage index / 100),FALSE
13,13 | Halton 010B,pedestrian,St. Helens 022F | marshalls cross rd,St. Helens 022F,marshalls cross rd,Marshalls Cross Rd near Chester Ln; Marshalls Cross Rd near Mill Ln,47636;47719;47720,3,St. Helens,64.805,17.475,47.33,1,6,5,Path/cycle facility;Road,Other / crossing;Path/cycle facility;Road,FALSE,156,1,1,0.996794871794872,0.891025641025641,57.4407051282052,47.9861111111111,0.838219029076516,0.787372320739362,0.680054052177311,0.107318268562052,0.675495981885782,0.125540561306506,0.28119519681114,FALSE,0.304594513937227,1.02789451393723,48,FALSE,Pre-installation percentage index (mean = 100),log(percentage index / 100),FALSE
13,13 | Halton 010B,pedestrian,Sefton 004D | hawkshead st,Sefton 004D,hawkshead st,Hawkshead St near Kestrel Ct,40734;40735;40736,3,Sefton,64.805,33.442,31.363,1,2,1,Path/cycle facility;Road,Path/cycle facility;Road,FALSE,133,0.852564102564103,0.206896551724138,0.996240601503759,1,56.6447368421053,66.796992481203,1.1761176508951,0.681714581456279,-0.32723557278353,1.00895015423981,0.797167656876565,0.204223597851664,-0.471726427016733,FALSE,0.67514667595768,1.03877667595768,49,FALSE,Pre-installation percentage index (mean = 100),log(percentage index / 100),FALSE
13,13 | Halton 010B,pedestrian,Wirral 009B | fender ln,Wirral 009B,fender ln,Fender Ln near Hoylake Rd,16367;16368;16390;16391;52615,5,Wirral,64.805,25.557,39.248,1,4,3,Path/cycle facility;Road,Path/cycle facility;Road,FALSE,156,1,1,0.996794871794872,1,57.4407051282052,38.1666666666667,0.670194970795514,0.787372320739362,0.308797747512299,0.478574573227063,0.683111638875238,0.167826056852856,-0.292490971202646,FALSE,0.522513912620347,1.06499391262035,50,FALSE,Pre-installation percentage index (mean = 100),log(percentage index / 100),FALSE
13,13 | Halton 010B,pedestrian,Wirral 016C | europa boulevard - norhtbound,Wirral 016C,europa boulevard - norhtbound,Europa Boulevard - Norhtbound,45426;45435;45436,3,Wirral,64.805,75.862,11.057,1,1,0,Path/cycle facility;Road,Other / crossing;Path/cycle facility;Road,FALSE,150,0.961538461538461,0.903225806451613,0.996666666666667,1,57.11,289.828888888889,5.00479932694698,0.752843653239344,-0.0361642051122047,0.789007858351548,0.714188251204104,0.136244460103989,-0.168169465101963,FALSE,0.960578655850653,1.07114865585065,51,FALSE,Pre-installation percentage index (mean = 100),log(percentage index / 100),FALSE
13,13 | Halton 010B,pedestrian,Sefton 004G | hoghton st,Sefton 004G,hoghton st,Hoghton St near Hoghton Grove; Hoghton St near Queen's Rd,43340;43342;43343;43493;43494;43495,6,Sefton,64.805,45.56,19.245,1,1,0,Path/cycle facility;Road,Path/cycle facility;Road,FALSE,156,1,1,0.996794871794872,0.980769230769231,57.4407051282052,222.116452991453,3.81782616246652,0.787372320739362,-0.0487451569315328,0.836117477670895,0.692429568491387,0.130614263755908,-0.157954500611104,FALSE,0.879077799570292,1.07152779957029,52,FALSE,Pre-installation percentage index (mean = 100),log(percentage index / 100),FALSE
13,13 | Halton 010B,pedestrian,Halton 013C | runcorn spur rd,Halton 013C,runcorn spur rd,Runcorn Spur Rd,46460;46462,2,Halton,64.805,52.546,12.259,1,1,0,Path/cycle facility;Road,Path/cycle facility;Road,FALSE,153,0.980769230769231,0.935483870967742,0.996732026143791,1,58.1781045751634,13.9542483660131,0.252699008752796,0.755340484852995,-0.197354609207367,0.952695094060362,0.773692579688183,0.20778328941352,-0.251656215187426,FALSE,0.95587383968483,1.07846383968483,53,FALSE,Pre-installation percentage index (mean = 100),log(percentage index / 100),FALSE
13,13 | Halton 010B,pedestrian,Wirral 016F | argyle st,Wirral 016F,argyle st,Argyle St near Bridge St,46429;46430;46431,3,Wirral,64.805,71.864,7.059,1,1,0,Path/cycle facility;Road,Path/cycle facility;Road,TRUE,139,0.891025641025641,0.838709677419355,1,1,57.1294964028777,173.374100719424,2.99975247524753,0.820257621204866,-0.259120932057925,1.07937855326279,0.81429956955498,0.86888395506115,-0.47137003189604,FALSE,1.00980211810415,1.08039211810415,54,FALSE,Pre-installation percentage index (mean = 100),log(percentage index / 100),FALSE
13,13 | Halton 010B,pedestrian,Halton 014D | murdishaw centre,Halton 014D,murdishaw centre,Murdishaw Centre,23806,1,Halton,64.805,58.314,6.49100000000001,1,1,0,Path/cycle facility;Road,Road,TRUE,112,0.717948717948718,0,0.995535714285714,1,61.1584821428571,156.517857142857,2.53413294071175,1.05185606984899,-0.309019729140779,1.36087579898977,0.831862784369704,0.286618999509899,-0.478027817445071,FALSE,1.02633742969923,1.09124742969923,55,FALSE,Pre-installation percentage index (mean = 100),log(percentage index / 100),FALSE
13,13 | Halton 010B,pedestrian,Halton 012F | bridge st,Halton 012F,bridge st,Bridge St near Bold St,48853;48854;48855,3,Halton,64.805,36.719,28.086,1,2,1,Path/cycle facility;Road,Other / crossing;Road,FALSE,88,0.564102564102564,0,1,1,69.4517045454546,139.397727272727,1.99282229122142,0.825878575822185,-0.0383819007396552,0.86426047656184,0.77958858980795,0.254968892950193,-0.00247103200798733,FALSE,0.776387262627685,1.10724726262768,56,FALSE,Pre-installation percentage index (mean = 100),log(percentage index / 100),FALSE
13,13 | Halton 010B,pedestrian,Sefton 003B | marshside rd,Sefton 003B,marshside rd,Marshside Rd near Fylde Rd,22884;22885;22886,3,Sefton,64.805,40.465,24.34,1,2,1,Path/cycle facility;Road,Path/cycle facility;Road,FALSE,156,1,1,0.996794871794872,1,57.4407051282052,162.910256410256,2.80472756190528,0.787372320739362,-0.139833655275036,0.927205976014398,0.793134799157157,0.253015842308844,-0.382843668015464,FALSE,0.863566583790868,1.15696658379087,57,FALSE,Pre-installation percentage index (mean = 100),log(percentage index / 100),FALSE
13,13 | Halton 010B,pedestrian,Halton 006B | hale rd,Halton 006B,hale rd,Hale Rd near Berry Rd,49533;49534,2,Halton,64.805,38.588,26.217,1,2,1,Path/cycle facility;Road,Other / crossing;Path/cycle facility,FALSE,35,0.224358974358974,0,1,1,53.0071428571429,126.1,2.35339240841159,0.662344728243082,-0.267610937705443,0.929955665948525,0.412477980343686,0.505024707650084,-0.379846223965003,FALSE,0.849011016573361,1.16118101657336,58,FALSE,Pre-installation percentage index (mean = 100),log(percentage index / 100),FALSE
13,13 | Halton 010B,pedestrian,Wirral 016C | conway st,Wirral 016C,conway st,"Conway St - Eastbound, near Europa Boulevard; Conway St - Westbound , near Europa Boulevard",45425;45427;45428;45429;45434;45437,6,Wirral,64.805,75.862,11.057,1,1,0,Path/cycle facility;Road,Other / crossing;Path/cycle facility;Road,FALSE,150,0.961538461538461,0.933333333333333,0.996666666666667,0.962222222222222,55.9433333333333,338.133888888889,5.95563815879334,0.780256039926058,-0.0761453447110559,0.856401384637114,0.703607988670054,0.269713967820544,-0.399021868699712,FALSE,1.06397566820125,1.17454566820125,59,FALSE,Pre-installation percentage index (mean = 100),log(percentage index / 100),FALSE
13,13 | Halton 010B,pedestrian,Sefton 008E | warwick st,Sefton 008E,warwick st,Warwick St near Warwick Close,45846;45847;45848,3,Sefton,64.805,23.844,40.961,1,4,3,Path/cycle facility;Road,Path/cycle facility;Road,FALSE,149,0.955128205128205,0.75,0.996644295302013,1,58.8204697986577,85.930648769575,1.45319234473022,0.789280353243674,-0.0106257780512004,0.799906131294875,0.77021799382071,0.274528638715981,-0.0870143888163739,FALSE,0.61721463536367,1.17682463536367,60,FALSE,Pre-installation percentage index (mean = 100),log(percentage index / 100),FALSE
13,13 | Halton 010B,pedestrian,Wirral 005A | egremont promenade,Wirral 005A,egremont promenade,Egremont Promenade,49587;49588;49589,3,Wirral,64.805,63.141,1.66400000000001,1,1,0,Path/cycle facility;Road,Path/cycle facility,TRUE,30,0.192307692307692,0,1,1,54.0916666666667,374.3,6.81228255937075,0.799183321519073,-0.261501927312484,1.06068524883156,0.30094636539506,0.824807629218497,0.126186897659015,FALSE,1.1612254463043,1.1778654463043,61,FALSE,Pre-installation percentage index (mean = 100),log(percentage index / 100),FALSE
13,13 | Halton 010B,pedestrian,Sefton 025C | liverpool rd,Sefton 025C,liverpool rd,Liverpool Rd near Islington; Liverpool Rd near Islington (crossing); Liverpool Rd near York Rd,49014;49016;49295;49296,4,Sefton,64.805,13.812,50.993,1,7,6,Path/cycle facility;Road,Other / crossing;Road,FALSE,93,0.596153846153846,0,1,0.771505376344086,78.3064516129033,80.6926523297491,1.03008835559171,-0.278121910600058,0.351587479614258,0.629709390214316,0.410091231574473,0.182778612575209,0.740926654473079,FALSE,0.374141202760893,1.18407120276089,62,FALSE,Pre-installation percentage index (mean = 100),log(percentage index / 100),FALSE
13,13 | Halton 010B,pedestrian,Liverpool 037A | upper parliament st,Liverpool 037A,upper parliament st,Upper Parliament St near Hope St,49542,1,Liverpool,64.805,43.775,21.03,1,2,1,Path/cycle facility;Road,Road,FALSE,31,0.198717948717949,0,1,1,53.0887096774194,44.2903225806452,0.837334128522439,0.745279007056528,2.91822713888135,2.17294813182482,0.738927897277752,0.302520474226322,0.383702623655964,FALSE,0.926228127151121,1.18652812715112,63,FALSE,Pre-installation percentage index (mean = 100),log(percentage index / 100),FALSE
13,13 | Halton 010B,pedestrian,Sefton 038A | stuart rd,Sefton 038A,stuart rd,Stuart Rd,45858;45859;45860;45861,4,Sefton,64.805,29.871,34.934,1,3,2,Path/cycle facility;Road,Path/cycle facility;Road,FALSE,154,0.987179487179487,0.935483870967742,0.996753246753247,1,57.5032467532468,84.5714285714286,1.46267828403352,0.793384756151828,-0.322979513471373,1.1163642696232,0.836654004126503,0.198332188895013,-0.561687400101318,FALSE,0.740533755777779,1.18987375577778,64,FALSE,Pre-installation percentage index (mean = 100),log(percentage index / 100),FALSE
13,13 | Halton 010B,pedestrian,Knowsley 017B | whitefield ln,Knowsley 017B,whitefield ln,Whitefield Ln near Cronton Rd,46869;46870;46871,3,Knowsley,64.805,14.604,50.201,1,6,5,Path/cycle facility;Road,Other / crossing;Path/cycle facility;Road,FALSE,155,0.993589743589744,0.967741935483871,0.996774193548387,0.997849462365591,57.6306451612903,58.1817204301075,1.00939909952042,0.78962965084542,0.0325355186243158,0.757094132221104,0.529475764942475,0.400431177407072,-0.197554797066961,FALSE,0.459761023827272,1.21177102382727,65,FALSE,Pre-installation percentage index (mean = 100),log(percentage index / 100),FALSE
13,13 | Halton 010B,pedestrian,Halton 014A | barnfield ave,Halton 014A,barnfield ave,Barnfield Ave,49477;49478,2,Halton,64.805,27.06,37.745,1,3,2,Path/cycle facility;Road,Road,FALSE,38,0.243589743589744,0,1,1,50.5855263157895,43.5921052631579,0.864430557326872,1.13573055394356,-0.14534863774998,1.28107919169354,0.440895257671205,0.420121120166506,-0.549819358571992,FALSE,0.736968701371167,1.21441870137117,66,FALSE,Pre-installation percentage index (mean = 100),log(percentage index / 100),FALSE
13,13 | Halton 010B,pedestrian,Liverpool 030A | holt rd,Liverpool 030A,holt rd,Holt Rd near Edge Ln,49388;49389;49390,3,Liverpool,64.805,69.234,4.42899999999999,1,1,0,Path/cycle facility;Road,Path/cycle facility;Road,TRUE,42,0.269230769230769,0,1,1,45.9107142857143,506.81746031746,10.8251913885717,1.24683100182968,0.297758648406442,0.949072353423242,0.324108823858898,0.320122474915507,0.640940022385298,FALSE,1.17110934611002,1.21539934611002,67,FALSE,Pre-installation percentage index (mean = 100),log(percentage index / 100),FALSE
13,13 | Halton 010B,pedestrian,Sefton 011D | liverpool rd,Sefton 011D,liverpool rd,Liverpool Rd near Saint Thomas More Dr,22871;26532;40723;40724,4,Sefton,64.805,15.515,49.29,1,6,5,Path/cycle facility;Road,Other / crossing;Path/cycle facility;Road,FALSE,156,1,1,0.996794871794872,1,57.4407051282052,57.6346153846154,1.0033180683906,0.787372320739362,0.0334378228200717,0.75393449791929,0.709669322512219,0.241515411105701,-0.202282021309359,FALSE,0.475951261358518,1.21885126135852,68,FALSE,Pre-installation percentage index (mean = 100),log(percentage index / 100),FALSE
13,13 | Halton 010B,pedestrian,Halton 014E | southern expressway,Halton 014E,southern expressway,Southern Expressway near Southern Expressway Rbt,45849;45850,2,Halton,64.805,20.149,44.656,1,5,4,Path/cycle facility;Road,Path/cycle facility;Road,FALSE,134,0.858974358974359,0.838709677419355,1,1,56.5149253731343,36.0149253731343,0.643570779810562,0.776126452413448,0.200021605855101,0.576104846558347,0.641864785883583,0.416017485519546,-0.125292768983914,FALSE,0.57386297226467,1.22042297226467,69,FALSE,Pre-installation percentage index (mean = 100),log(percentage index / 100),FALSE
13,13 | Halton 010B,pedestrian,Wirral 034B | arrowe park rd,Wirral 034B,arrowe park rd,Arrowe Park Rd,23796;23797;23798,3,Wirral,64.805,18.837,45.968,1,5,4,Path/cycle facility;Road,Path/cycle facility,FALSE,153,0.980769230769231,0.935483870967742,0.996732026143791,1,57.6519607843137,29.4313725490196,0.51884663602173,0.767429418776232,0.204198978692962,0.56323044008327,0.648715568609779,0.248755159740557,0.352874387859306,FALSE,0.561333626080686,1.22101362608069,70,FALSE,Pre-installation percentage index (mean = 100),log(percentage index / 100),FALSE
13,13 | Halton 010B,pedestrian,Liverpool 010G | utting ave east,Liverpool 010G,utting ave east,Utting Ave East near Lorenzo Dr,23795,1,Liverpool,64.805,58.76,6.04500000000001,1,1,0,Path/cycle facility;Road,Road,TRUE,154,0.987179487179487,0.931034482758621,0.996753246753247,1,57.5194805194805,4.55844155844156,0.0949844651575677,0.780419543163671,0.0416663710695457,0.738753172094125,0.720357740731158,0.176156439652996,-0.156301453681683,FALSE,1.17246984729178,1.23291984729178,71,FALSE,Pre-installation percentage index (mean = 100),log(percentage index / 100),FALSE
13,13 | Halton 010B,pedestrian,Sefton 029B | ashbourne ave,Sefton 029B,ashbourne ave,Ashbourne Ave near Elton Ave,45854,1,Sefton,64.805,40.265,24.54,1,2,1,Path/cycle facility;Road,Path/cycle facility,FALSE,150,0.961538461538461,0.793103448275862,0.996666666666667,1,58.3333333333333,230.54,3.9023595505618,0.911965159161363,-0.0595047748073089,0.971469933968672,0.744096399102126,0.173591390946871,-0.246438190157252,FALSE,0.954598707545038,1.24999870754504,72,FALSE,Pre-installation percentage index (mean = 100),log(percentage index / 100),FALSE
13,13 | Halton 010B,pedestrian,Sefton 026B | maghull ln,Sefton 026B,maghull ln,Maghull Ln near Maghull Ln Interchange,40745;40746,2,Sefton,64.805,26.451,38.354,1,4,3,Path/cycle facility;Road,Other / crossing;Path/cycle facility,FALSE,154,0.987179487179487,0.966666666666667,0.996753246753247,1,57.7321428571429,25.7662337662338,0.455733989330827,0.798887191322033,0.113986568070357,0.684900623251676,0.738630004713163,0.412130094929194,-0.212389724611145,FALSE,0.719626967604755,1.25316696760476,73,FALSE,Pre-installation percentage index (mean = 100),log(percentage index / 100),FALSE
13,13 | Halton 010B,pedestrian,Liverpool 046A | beaconsfield rd,Liverpool 046A,beaconsfield rd,Beaconsfield Rd near Hillcroft Rd,46627;46628;46629,3,Liverpool,64.805,13.427,51.378,1,7,6,Path/cycle facility;Road,Path/cycle facility;Road,FALSE,156,1,1,0.996794871794872,1,57.4407051282052,53.9209401709402,0.939772031334265,0.787372320739362,0.141001307029569,0.646371013709793,0.68969837661279,0.274129358895182,0.00129294857679236,FALSE,0.445611712088486,1.25939171208849,74,FALSE,Pre-installation percentage index (mean = 100),log(percentage index / 100),FALSE
13,13 | Halton 010B,pedestrian,Halton 012F | leiria way,Halton 012F,leiria way,Leiria Way,47337;47338,2,Halton,64.805,36.719,28.086,1,2,1,Path/cycle facility;Road,Other / crossing;Path/cycle facility,FALSE,155,0.993589743589744,0.96551724137931,0.996774193548387,0.664516129032258,57.5370967741936,193.01935483871,3.31446835477916,0.784807725864617,-0.267628176241418,1.05243590210604,0.774331799232385,0.237240045170375,-0.152536194447402,FALSE,0.935099683855332,1.26595968385533,75,FALSE,Pre-installation percentage index (mean = 100),log(percentage index / 100),FALSE
13,13 | Halton 010B,pedestrian,Halton 006B | cycle ln,Halton 006B,cycle ln,Cycle Ln near Liverpool Rd / Prescott Rd,16366,1,Halton,64.805,38.588,26.217,1,2,1,Path/cycle facility;Road,Path/cycle facility,FALSE,156,1,1,0.996794871794872,1,57.4407051282052,191.730769230769,3.29788575972797,0.787372320739362,-0.380463321961296,1.16783564270066,0.762050631779134,0.195097659386909,-0.342925492937185,FALSE,0.956316083957571,1.26848608395757,76,FALSE,Pre-installation percentage index (mean = 100),log(percentage index / 100),FALSE
13,13 | Halton 010B,pedestrian,Wirral 031C | new chester rd,Wirral 031C,new chester rd,New Chester Rd near Sefton Rd,16381;16382;16383,3,Wirral,64.805,44.541,20.264,1,1,0,Path/cycle facility;Road,Other / crossing;Road,FALSE,155,0.993589743589744,0.966666666666667,0.996774193548387,1,57.6209677419355,423.531182795699,7.24196817535654,0.788096426604802,-0.0142859988581917,0.802382425462994,0.692988992366937,0.130154293866348,-0.254858202893829,FALSE,1.07381102938854,1.27645102938854,77,FALSE,Pre-installation percentage index (mean = 100),log(percentage index / 100),FALSE
13,13 | Halton 010B,pedestrian,Halton 009B | daresbury expressway,Halton 009B,daresbury expressway,Daresbury Expressway,49523,1,Halton,64.805,10.525,54.28,1,8,7,Path/cycle facility;Road,Road,FALSE,30,0.192307692307692,0,1,1,56.7666666666667,94.0666666666667,1.64570109636469,0.691260458223831,0.600130860188292,0.0911295980355391,0.0783006876524838,0.606913863806082,0.446969169753113,FALSE,0.394271569374868,1.28707156937487,78,FALSE,Pre-installation percentage index (mean = 100),log(percentage index / 100),FALSE
13,13 | Halton 010B,pedestrian,Wirral 016G | argyle st,Wirral 016G,argyle st,Argyle St; Argyle St near Hamilton Sq,46424;46425;46426;46427;46428,5,Wirral,64.805,71.864,7.059,1,1,0,Path/cycle facility;Road,Path/cycle facility;Road,TRUE,154,0.987179487179487,0.935483870967742,0.996753246753247,0.794805194805195,57.7126623376623,257.996103896104,4.41124782260071,0.801059160722961,2.85154717226166,2.0504880115387,0.85928583725856,0.154899287853231,0.398050300769511,FALSE,1.21937558445654,1.28996558445654,79,FALSE,Pre-installation percentage index (mean = 100),log(percentage index / 100),FALSE
13,13 | Halton 010B,pedestrian,Wirral 016G | conway st eastbound,Wirral 016G,conway st eastbound,"Conway St Eastbound, near Argyle St",45431;45441;45442,3,Wirral,64.805,71.864,7.059,1,1,0,Path/cycle facility;Road,Other / crossing;Path/cycle facility;Road,TRUE,153,0.980769230769231,0.935483870967742,0.996732026143791,1,58.0277777777778,586.152505446623,9.94705420991927,0.785768089277499,-0.0981011167258076,0.883869206003307,0.707731243032382,0.312118994259356,-0.32280884178235,FALSE,1.21954001172694,1.29013001172694,80,FALSE,Pre-installation percentage index (mean = 100),log(percentage index / 100),FALSE
13,13 | Halton 010B,pedestrian,Wirral 016C | europa boulevard - southbound,Wirral 016C,europa boulevard - southbound,Europa Boulevard - Southbound,45430;45438;45439,3,Wirral,64.805,75.862,11.057,1,1,0,Path/cycle facility;Road,Other / crossing;Path/cycle facility;Road,FALSE,153,0.980769230769231,0.75,0.996732026143791,1,56.5196078431373,444.986928104575,7.75365036077495,0.726111355911981,-0.159749445836195,0.885860801748176,0.790114909780131,0.475907928449608,-0.320878662580328,FALSE,1.18724090268033,1.29781090268033,81,FALSE,Pre-installation percentage index (mean = 100),log(percentage index / 100),FALSE
13,13 | Halton 010B,pedestrian,Liverpool 057D | saint mary's rd,Liverpool 057D,saint mary's rd,Saint Mary's Rd near Sidwell St,16375;16376;16395,3,Liverpool,64.805,45.859,18.946,1,1,0,Path/cycle facility;Road,Path/cycle facility;Road,FALSE,156,1,1,0.996794871794872,0.974358974358974,57.4407051282052,563.938034188034,9.66685862103637,0.787372320739362,0.0794045689334521,0.70796775180591,0.660201659141271,0.116110867479334,-0.128576978829924,FALSE,1.11523386882339,1.30469386882339,82,FALSE,Pre-installation percentage index (mean = 100),log(percentage index / 100),FALSE
13,13 | Halton 010B,pedestrian,Wirral 016G | conway st,Wirral 016G,conway st,"Conway St - Westbound, near Argyle St",45432;45433;45440,3,Wirral,64.805,71.864,7.059,1,1,0,Path/cycle facility;Road,Other / crossing;Path/cycle facility;Road,TRUE,146,0.935897435897436,0.903225806451613,0.996575342465753,1,55.3065068493151,690.997716894977,12.2898356800373,0.752230448574914,-0.0531786799025914,0.805409128477506,0.711662573307269,0.184280186083176,-0.137079322881318,FALSE,1.23666758441811,1.30725758441811,83,FALSE,Pre-installation percentage index (mean = 100),log(percentage index / 100),FALSE
13,13 | Halton 010B,pedestrian,Halton 008D | ditton rd,Halton 008D,ditton rd,"Ditton Rd, W of St. Michael's Rd",49555;49556;49557,3,Halton,64.805,26.19,38.615,1,4,3,Path/cycle facility;Road,Path/cycle facility;Road,FALSE,34,0.217948717948718,0,1,1,53.5294117647059,24.4901960784314,0.467457749011147,0.719404271893166,-0.122789092806923,0.842193364700089,0.34427345792901,0.41803440134134,-0.340257606718483,FALSE,0.772468690904672,1.30861869090467,84,FALSE,Pre-installation percentage index (mean = 100),log(percentage index / 100),FALSE
13,13 | Halton 010B,pedestrian,St. Helens 020E | mill ln,St. Helens 020E,mill ln,Mill Ln; Mill Ln near Marshalls Cross Rd,47637;47640;47823;47824;52938,5,St. Helens,64.805,22.036,42.769,1,4,3,Path/cycle facility;Road,Other / crossing;Path/cycle facility;Road,FALSE,156,1,1,0.996794871794872,0.988461538461539,57.4407051282052,22.4403846153846,0.401096882112595,0.787372320739362,0.0966388138396452,0.690733506899717,0.713608186175363,0.171693959987066,-0.315956942124476,FALSE,0.738652454711272,1.31634245471127,85,FALSE,Pre-installation percentage index (mean = 100),log(percentage index / 100),FALSE
13,13 | Halton 010B,pedestrian,Sefton 003D | park cres,Sefton 003D,park cres,Park Cres,40720;40721;40722,3,Sefton,64.805,18.584,46.221,1,5,4,Path/cycle facility;Road,Path/cycle facility;Road,FALSE,149,0.955128205128205,0.827586206896552,0.996644295302013,1,58.4110738255034,119.89932885906,2.03496286254907,0.838593048200414,0.0571020015248933,0.781491046675521,0.683736036253795,0.318442342657803,0.219503300039991,FALSE,0.666189208625002,1.328399208625,86,FALSE,Pre-installation percentage index (mean = 100),log(percentage index / 100),FALSE
13,13 | Halton 010B,pedestrian,Wirral 016G | hamilton st,Wirral 016G,hamilton st,Hamilton St near Chester St; Hamilton St near Hamilton Sq; Hamilton St near Shore Rd,46432;46433;46434;46435;47770,5,Wirral,64.805,71.864,7.059,1,1,0,Path/cycle facility;Road,Other / crossing;Road,TRUE,156,1,1,0.996794871794872,0.945512820512821,57.4407051282052,3.03044871794872,0.0689664628294074,0.787372320739362,0.101873160942031,0.685499159797331,0.677766051597167,0.192177154630633,-0.308447808302743,FALSE,1.26179508067444,1.33238508067444,87,FALSE,Pre-installation percentage index (mean = 100),log(percentage index / 100),FALSE
13,13 | Halton 010B,pedestrian,Liverpool 058D | highbank dr,Liverpool 058D,highbank dr,Highbank Dr near Haxted Gdns,49546;49547;49548;49549;49566,5,Liverpool,64.805,31.969,32.836,1,3,2,Path/cycle facility;Road,Path/cycle facility;Road,FALSE,34,0.217948717948718,0,1,1,52.8235294117647,28.3764705882353,0.545792349726776,0.728305196608028,2.65023021398017,1.92192501737214,0.306448403190551,0.326499521394358,0.362565789497308,FALSE,0.908921878502369,1.33728187850237,88,FALSE,Pre-installation percentage index (mean = 100),log(percentage index / 100),FALSE
13,13 | Halton 010B,pedestrian,St. Helens 020F | clock face rd,St. Helens 020F,clock face rd,Clock Face Rd near Gartons Ln,22898;22899;22900,3,St. Helens,64.805,25.825,38.98,1,4,3,Path/cycle facility;Road,Path/cycle facility;Road,FALSE,156,1,1,0.996794871794872,1,57.4407051282052,164.938034188034,2.83942559940037,0.787372320739362,-0.0449005327846356,0.832272853523998,0.735661371993269,0.154262303180934,-0.294581474544623,FALSE,0.813325655357907,1.35312565535791,89,FALSE,Pre-installation percentage index (mean = 100),log(percentage index / 100),FALSE
13,13 | Halton 010B,pedestrian,St. Helens 022F | chester ln,St. Helens 022F,chester ln,Chester Ln; Chester Ln near Four Acre Ln; Chester Ln near Marshalls Cross Rd,16672;16673;16676;47643;47725;47826;47827,7,St. Helens,64.805,17.475,47.33,1,6,5,Path/cycle facility;Road,Other / crossing;Path/cycle facility;Road,FALSE,156,1,1,0.996794871794872,0.973443223443223,57.4407051282052,124.837301587302,2.1532474892499,0.787372320739362,0.175195324546435,0.612176996192927,0.665586968653795,0.128564495413654,-0.101808453651591,FALSE,0.640459668900595,1.36375966890059,90,FALSE,Pre-installation percentage index (mean = 100),log(percentage index / 100),FALSE
13,13 | Halton 010B,pedestrian,Liverpool 060C | london rd,Liverpool 060C,london rd,"London Rd - Eastbound, near Norton St; London Rd - Westbound, near Norton St",23807;23808,2,Liverpool,64.805,24.01,40.795,1,4,3,Path/cycle facility;Road,Road,FALSE,156,1,1,0.996794871794872,0.996794871794872,57.4407051282052,117.88141025641,2.03422272191296,0.787372320739362,-0.326157555628311,1.11352987636767,0.759423157830641,0.226516270609726,-0.487770400951185,FALSE,0.814729905143329,1.37267990514333,91,FALSE,Pre-installation percentage index (mean = 100),log(percentage index / 100),FALSE
13,13 | Halton 010B,pedestrian,St. Helens 022A | warrington rd,St. Helens 022A,warrington rd,Warrington Rd near Clock Face Rd,22894;22895;22896,3,St. Helens,64.805,40.354,24.451,1,2,1,Path/cycle facility;Road,Other / crossing;Path/cycle facility,FALSE,156,1,1,0.996794871794872,1,57.4407051282052,6.84615384615385,0.134258370581622,0.787372320739362,0.122809952312771,0.664562368426591,0.718005494368371,0.508380345646378,-0.245878880894593,FALSE,1.08772462909541,1.38223462909541,92,FALSE,Pre-installation percentage index (mean = 100),log(percentage index / 100),FALSE
13,13 | Halton 010B,pedestrian,Halton 001C | lunts heath rd,Halton 001C,lunts heath rd,Lunts Heath Rd near Finsbury Park,49558;49559;49562;49563,4,Halton,64.805,9.208,55.597,1,8,7,Path/cycle facility;Road,Path/cycle facility;Road,FALSE,28,0.17948717948718,0,1,0.964285714285714,57.0178571428572,98.3303571428571,1.71206525084641,0.679942521842132,0.224017817448005,0.455924704394126,0.153425991823992,0.589833710754343,0.702577634926266,FALSE,0.487513454599112,1.39348345459911,93,FALSE,Pre-installation percentage index (mean = 100),log(percentage index / 100),FALSE
13,13 | Halton 010B,pedestrian,Sefton 022D | islington,Sefton 022D,islington,"Islington near Little Crosby Rd; Islington, W of Coronation Rd (EB traffic); Islington, W of Coronation Rd (WB traffic)",49036;49305;49358,3,Sefton,64.805,15.042,49.763,1,6,5,Path/cycle facility;Road,Road,FALSE,89,0.57051282051282,0,1,0.737827715355805,80.1292134831461,54.2996254681648,0.681624079588209,-0.110668242602336,-0.699153924284228,0.588485681681892,0.818650633213068,0.242897579650149,-0.153599662954227,FALSE,0.650067337347105,1.39769733734711,94,FALSE,Pre-installation percentage index (mean = 100),log(percentage index / 100),FALSE
13,13 | Halton 010B,pedestrian,Halton 009A | busway,Halton 009A,busway,"Busway, N of Chester Rd",47780;47781,2,Halton,64.805,10.215,54.59,1,8,7,Path/cycle facility;Road,Path/cycle facility;Road,FALSE,145,0.92948717948718,0.870967741935484,0.996551724137931,1,59.9068965517241,68.6620689655173,1.14374681537678,0.761667770712623,0.132142361411863,0.62952540930076,0.746374462487116,0.352079791960438,-0.27539356121316,FALSE,0.519846113832049,1.41574611383205,95,FALSE,Pre-installation percentage index (mean = 100),log(percentage index / 100),FALSE
13,13 | Halton 010B,pedestrian,Halton 001A | mill ln,Halton 001A,mill ln,Mill Ln near Rivenmill Close,49494;49495;49496,3,Halton,64.805,7.615,57.19,1,9,8,Path/cycle facility;Road,Path/cycle facility;Road,FALSE,38,0.243589743589744,0,1,1,52.0131578947369,54.5614035087719,1.04806817241665,0.675353677607927,-0.102559627576513,0.77791330518444,0.191403416011083,0.692925893335463,0.483849447766837,FALSE,0.455571757015424,1.42747175701542,96,FALSE,Pre-installation percentage index (mean = 100),log(percentage index / 100),FALSE
13,13 | Halton 010B,pedestrian,Halton 008C | town ln,Halton 008C,town ln,"Town Ln, W of Curlender Way",49535;49536,2,Halton,64.805,14.792,50.013,1,6,5,Path/cycle facility;Road,Path/cycle facility;Road,FALSE,28,0.17948717948718,0,1,1,56.6339285714286,23.6071428571429,0.426955848179706,0.611123996834899,-0.130788295715595,0.741912292550493,0.15026552148077,0.778472608500566,0.444967406688467,FALSE,0.695229739984786,1.44535973998479,97,FALSE,Pre-installation percentage index (mean = 100),log(percentage index / 100),FALSE
13,13 | Halton 010B,pedestrian,Sefton 027A | park ln,Sefton 027A,park ln,Park Ln near Deltic Way,45855;45856;45857,3,Sefton,64.805,22.016,42.789,1,4,3,Path/cycle facility;Road,Path/cycle facility;Road,FALSE,155,0.993589743589744,0.967741935483871,1,1,57.6177419354839,220.176344086022,3.77319795650698,0.792263224671694,-0.0525128623287136,0.844776087000408,0.686961086268107,0.12539251546813,-0.290438762388941,FALSE,0.890479654699507,1.46836965469951,98,FALSE,Pre-installation percentage index (mean = 100),log(percentage index / 100),FALSE
13,13 | Halton 010B,pedestrian,Liverpool 058C | western ave,Liverpool 058C,western ave,Western Ave near of Bray Rd,16362,1,Liverpool,64.805,54.692,10.113,1,1,0,Path/cycle facility;Road,Road,FALSE,156,1,1,0.996794871794872,1,57.4407051282052,2.16666666666667,0.0541859763621905,0.787372320739362,-0.197403403139744,0.984775723879106,0.600192029277279,0.199460703647982,-0.0630931229897587,FALSE,1.36724791871531,1.46837791871531,99,FALSE,Pre-installation percentage index (mean = 100),log(percentage index / 100),FALSE
13,13 | Halton 010B,pedestrian,Sefton 009A | dover rd,Sefton 009A,dover rd,Dover Rd near Conyers Ave,40743;40744,2,Sefton,64.805,8.868,55.937,1,8,7,Path/cycle facility;Road,Path/cycle facility;Road,FALSE,156,1,1,0.996794871794872,1,57.4407051282052,90.1762820512821,1.56015027284943,0.787372320739362,0.0496133938812359,0.737758926858126,0.686101486792037,0.221791381383982,-0.0360073732304287,FALSE,0.581034804556165,1.49040480455616,100,FALSE,Pre-installation percentage index (mean = 100),log(percentage index / 100),FALSE
13,13 | Halton 010B,pedestrian,Sefton 009F | waterloo rd,Sefton 009F,waterloo rd,Waterloo Rd near Cromer Rd; Waterloo Rd near Grnbank Dr,22870;40725;40726,3,Sefton,64.805,7.398,57.407,1,9,8,Path/cycle facility;Road,Other / crossing;Path/cycle facility;Road,FALSE,156,1,1,0.996794871794872,1,57.4407051282052,66.8397435897436,1.16083033975923,0.787372320739362,0.034227753739488,0.753144566999874,0.717706770226094,0.233657643675946,-0.186110742565145,FALSE,0.51870525858525,1.49277525858525,101,FALSE,Pre-installation percentage index (mean = 100),log(percentage index / 100),FALSE
13,13 | Halton 010B,pedestrian,Halton 016D | clifton rd,Halton 016D,clifton rd,Clifton Rd near Rocksavage Way,49527;49528;49529,3,Halton,64.805,12.138,52.667,1,7,6,Path/cycle facility;Road,Other / crossing;Road,FALSE,35,0.224358974358974,0,1,1,52.8785714285714,124.619047619048,2.33152149896151,0.697961829360713,0.00999459919723935,0.687967230163474,0.200436096760887,0.536079426159081,0.20304774417251,FALSE,0.688120563866607,1.51479056386661,102,FALSE,Pre-installation percentage index (mean = 100),log(percentage index / 100),FALSE
13,13 | Halton 010B,pedestrian,Knowsley 002B | kirkby row,Knowsley 002B,kirkby row,Kirkby Row near Whitefield Dr,23789;23790;23791,3,Knowsley,64.805,33.737,31.068,1,2,1,Path/cycle facility;Road,Path/cycle facility;Road,FALSE,150,0.961538461538461,0.931034482758621,0.996666666666667,1,58.24,460.311111111111,7.78715582564333,0.794593320577886,-0.164379629195923,0.958972949773809,0.748297132958984,0.157597430632951,-0.30325310303069,FALSE,1.15676844307129,1.51744844307129,103,FALSE,Pre-installation percentage index (mean = 100),log(percentage index / 100),FALSE
13,13 | Halton 010B,pedestrian,Halton 009A | keckwick ln,Halton 009A,keckwick ln,Keckwick Ln,47777;47778;47779,3,Halton,64.805,10.215,54.59,1,8,7,Path/cycle facility;Road,Path/cycle facility;Road,FALSE,154,0.987179487179487,0.967741935483871,0.996753246753247,1,53.3198051948052,35.6471861471861,0.674656067262385,0.781343454660029,0.0194319661673355,0.761911488492693,0.651185591977442,0.450036357364126,-0.429176989918529,FALSE,0.629118266159828,1.52501826615983,104,FALSE,Pre-installation percentage index (mean = 100),log(percentage index / 100),FALSE
13,13 | Halton 010B,pedestrian,Sefton 004A | queen's rd,Sefton 004A,queen's rd,Queen's Rd near Hawkshead St,43346;43347,2,Sefton,64.805,40.356,24.449,1,2,1,Path/cycle facility;Road,Road,FALSE,156,1,1,0.996794871794872,1,57.4407051282052,4.79166666666667,0.0991032988729536,0.787372320739362,-0.286038455191911,1.07341077593127,0.753611440274624,0.270599643558529,-0.273598338084032,FALSE,1.26713280157499,1.56162280157499,105,FALSE,Pre-installation percentage index (mean = 100),log(percentage index / 100),FALSE
13,13 | Halton 010B,pedestrian,Liverpool 035G | upper parliament st,Liverpool 035G,upper parliament st,Upper Parliament St near Tunnel Rd,22876;23038;23039,3,Liverpool,64.805,58.2923711892797,6.51262881072027,1,1,0,Path/cycle facility;Road,Other / crossing;Path/cycle facility,TRUE,155,0.993589743589744,0.967741935483871,1,1,57.6177419354839,1336.90322580645,22.8242027350521,0.792263224671694,-0.125183549500821,0.917446774172515,0.808197250228821,0.293709237795128,-0.405185273242565,FALSE,1.50117045966197,1.56629674776917,106,FALSE,Pre-installation percentage index (mean = 100),log(percentage index / 100),FALSE
13,13 | Halton 010B,pedestrian,Sefton 022D | church rd,Sefton 022D,church rd,Church Rd near Islington,49365;49366,2,Sefton,64.805,15.042,49.763,1,6,5,Path/cycle facility;Road,Other / crossing;Road,FALSE,52,0.333333333333333,0,1,1,44.9567307692308,178.567307692308,3.90731248038498,0.989118256271923,0.348339951109984,0.640778305161939,0.308824778658498,0.412363238861255,0.10965330053172,FALSE,0.844418796937632,1.59204879693763,107,FALSE,Pre-installation percentage index (mean = 100),log(percentage index / 100),FALSE
13,13 | Halton 010B,pedestrian,"St. Helens 024E | linkway east, sw of cannington",St. Helens 024E,"linkway east, sw of cannington","Linkway East, SW of Cannington",45851;45852;45853,3,St. Helens,64.805,40.867,23.938,1,2,1,Path/cycle facility;Road,Path/cycle facility;Road,FALSE,113,0.724358974358974,0,0.995575221238938,1,60.8495575221239,7.29793510324484,0.134163208852006,1.02188511244615,-0.367420944785775,1.38930605723192,0.792276887483414,0.277837378656741,-0.125125850321811,FALSE,1.31269097801924,1.60207097801924,108,FALSE,Pre-installation percentage index (mean = 100),log(percentage index / 100),FALSE
13,13 | Halton 010B,pedestrian,Sefton 002C | preston new rd,Sefton 002C,preston new rd,Preston New Rd near Mallee Cres; Preston New Rd near Rathmore Cres,40730;40731;40732;40733,4,Sefton,64.805,7.648,57.157,1,9,8,Path/cycle facility;Road,Path/cycle facility;Road,FALSE,156,1,1,0.996794871794872,0.990384615384615,57.4407051282052,98.088141025641,1.69553294759646,0.787372320739362,0.00997346582113458,0.777398854918228,0.72714852009331,0.165883157690303,-0.215000729511737,FALSE,0.636587453720682,1.60815745372068,109,FALSE,Pre-installation percentage index (mean = 100),log(percentage index / 100),FALSE
13,13 | Halton 010B,pedestrian,Wirral 036D | bromborough rd,Wirral 036D,bromborough rd,Bromborough Rd near Quarry Rd East,49607;49608,2,Wirral,64.805,18.113,46.692,1,5,4,Path/cycle facility;Road,Path/cycle facility;Road,FALSE,34,0.217948717948718,0,1,1,53.6764705882353,363.970588235294,6.6750941366326,0.76288003549732,0.243227085018033,0.519652950479287,0.253087527958129,0.269827650538769,0.214707195854823,FALSE,0.944660344898359,1.61158034489836,110,FALSE,Pre-installation percentage index (mean = 100),log(percentage index / 100),FALSE
13,13 | Halton 010B,pedestrian,Halton 005B | birchfield rd,Halton 005B,birchfield rd,Birchfield Rd,49497;49501;49502,3,Halton,64.805,23.704,41.101,1,4,3,Path/cycle facility;Road,Path/cycle facility;Road,FALSE,34,0.217948717948718,0,1,1,52.514705882353,393.362745098039,7.36924063387377,0.717613516207629,0.0885132044192884,0.629100311788341,0.316311949198775,0.384991293425174,-0.0442827388166013,FALSE,1.05176183495566,1.61277183495566,111,FALSE,Pre-installation percentage index (mean = 100),log(percentage index / 100),FALSE
13,13 | Halton 010B,pedestrian,"Wirral 039A | new chester rd, nw of caldbeck rd",Wirral 039A,"new chester rd, nw of caldbeck rd","New Chester Rd, NW of Caldbeck Rd",49491;49492;49493,3,Wirral,64.805,13.129,51.676,1,7,6,Path/cycle facility;Road,Other / crossing;Path/cycle facility;Road,FALSE,37,0.237179487179487,0,1,1,51.8783783783784,255.126126126126,4.84368344833461,0.677316417019828,0.105759892759825,0.571556524260002,0.198856216583857,0.461782711828391,0.903371904064313,FALSE,0.799945123097146,1.61670512309715,112,FALSE,Pre-installation percentage index (mean = 100),log(percentage index / 100),FALSE
13,13 | Halton 010B,pedestrian,Wirral 006A | pasture rd,Wirral 006A,pasture rd,Pasture Rd near Tarran Way North,49489;49490,2,Wirral,64.805,12.143,52.662,1,7,6,Path/cycle facility;Road,Other / crossing;Path/cycle facility,FALSE,36,0.230769230769231,0,1,1,52.3680555555556,187.902777777778,3.53962264150943,0.669615082850077,0.00589117763587912,0.663723905214198,0.0896069770239217,0.626269964985744,0.228264889256439,FALSE,0.791320454648803,1.6179404546488,113,FALSE,Pre-installation percentage index (mean = 100),log(percentage index / 100),FALSE
13,13 | Halton 010B,pedestrian,Wirral 003B | harrison dr,Wirral 003B,harrison dr,Harrison Dr,23802;23803;23804,3,Wirral,64.805,9.32,55.485,1,8,7,Path/cycle facility;Road,Path/cycle facility;Road,FALSE,140,0.897435897435897,0.8,0.996428571428572,1,57.9357142857143,126.828571428571,2.16894921827657,0.727763658509456,0.00680732772851774,0.720956330780938,0.749638237088283,0.322301394877073,-0.129055639188269,FALSE,0.722882055795889,1.62773205579589,114,FALSE,Pre-installation percentage index (mean = 100),log(percentage index / 100),FALSE
13,13 | Halton 010B,pedestrian,Halton 009C | pitts heath ln,Halton 009C,pitts heath ln,Pitts Heath Ln near Sunniside Ln,47774;47775;47776,3,Halton,64.805,8.835,55.97,1,8,7,Path/cycle facility;Road,Road,FALSE,156,1,1,0.996794871794872,1,57.4407051282052,26.8589743589744,0.476704966133765,0.787372320739362,-0.172051824697173,0.959424145436535,0.760652973904976,0.285048417583773,-0.136630510692727,FALSE,0.756572030105542,1.66627203010554,115,FALSE,Pre-installation percentage index (mean = 100),log(percentage index / 100),FALSE
13,13 | Halton 010B,pedestrian,Liverpool 028D | judges dr,Liverpool 028D,judges dr,Judges Dr,49543;49544;49545,3,Liverpool,64.805,48.364,16.441,1,1,0,Path/cycle facility;Road,Path/cycle facility;Road,FALSE,36,0.230769230769231,0,1,1,53.6736111111111,206.435185185185,3.79406410093569,0.647333356895242,4.00907975655681,3.36174639966157,0.422476317033342,0.517682605505646,0.497411743259316,FALSE,1.51545181802251,1.67986181802251,116,FALSE,Pre-installation percentage index (mean = 100),log(percentage index / 100),FALSE
13,13 | Halton 010B,pedestrian,Sefton 009F | trafalgar rd,Sefton 009F,trafalgar rd,Trafalgar Rd near Churchfields,40727;40728;40729,3,Sefton,64.805,7.398,57.407,1,9,8,Path/cycle facility;Road,Path/cycle facility;Road,FALSE,155,0.993589743589744,0.967741935483871,0.996774193548387,1,57.6290322580645,115.791397849462,1.99204034846401,0.788186533139299,-0.184956487887143,0.973143021026442,0.781609812239953,0.19955668834117,-0.121867420844461,FALSE,0.74059265925515,1.71466265925515,117,FALSE,Pre-installation percentage index (mean = 100),log(percentage index / 100),FALSE
13,13 | Halton 010B,pedestrian,Sefton 012C | liverpool rd,Sefton 012C,liverpool rd,Liverpool Rd near Coastal Rd,49485;49486;49487;49488,4,Sefton,64.805,12.032,52.773,1,7,6,Path/cycle facility;Road,Path/cycle facility;Road,FALSE,35,0.224358974358974,0,1,1,52.3142857142857,9.19285714285714,0.191184351554126,0.731271402955328,0.040781721267506,0.690489681687822,0.109212003823209,0.822836235259232,0.544008741192711,FALSE,0.907484759390404,1.7352147593904,118,FALSE,Pre-installation percentage index (mean = 100),log(percentage index / 100),FALSE
13,13 | Halton 010B,pedestrian,Liverpool 047D | woolton rd,Liverpool 047D,woolton rd,Woolton Rd near Hope Park,22868;22869,2,Liverpool,64.805,7.072,57.733,1,9,8,Path/cycle facility;Road,Other / crossing;Path/cycle facility,FALSE,156,1,1,0.996794871794872,1,57.4407051282052,114.230769230769,1.97175528560068,0.787372320739362,-0.16857956790015,0.955951888639512,0.837133132781883,0.172043707687427,-0.408772966229438,FALSE,0.768333768705327,1.74566376870533,119,FALSE,Pre-installation percentage index (mean = 100),log(percentage index / 100),FALSE
13,13 | Halton 010B,pedestrian,Liverpool 002E | rice ln,Liverpool 002E,rice ln,Rice Ln near Longmoor Ln,49498;49499;49500,3,Liverpool,64.805,40.978,23.827,1,2,1,Path/cycle facility;Road,Path/cycle facility;Road,FALSE,34,0.217948717948718,0,1,1,52.2426470588235,1558.58823529412,29.2920867283524,0.702597000130796,0.00581591039293435,0.696781089737861,0.241423264608571,0.399829821184843,-0.0579529433271147,FALSE,1.4705559865144,1.7588259865144,120,FALSE,Pre-installation percentage index (mean = 100),log(percentage index / 100),FALSE
13,13 | Halton 010B,pedestrian,Liverpool 060B | london rd,Liverpool 060B,london rd,London Rd near Pembroke Pl,49391,1,Liverpool,64.805,30.549,34.256,1,3,2,Path/cycle facility;Road,Path/cycle facility,FALSE,49,0.314102564102564,0,1,1,45.6122448979592,682.428571428572,14.661996497373,1.21748092818309,0.142013036167417,1.07546789201567,0.339981084701324,0.266069994758284,0.343176593235295,FALSE,1.31902506406432,1.76158506406432,121,FALSE,Pre-installation percentage index (mean = 100),log(percentage index / 100),FALSE
13,13 | Halton 010B,pedestrian,Wirral 013B | meols parade,Wirral 013B,meols parade,Meols Parade,45760;45761;45762;45763,4,Wirral,64.805,5.71,59.095,1,10,9,Path/cycle facility;Road,Other / crossing;Path/cycle facility;Road,FALSE,152,0.974358974358974,0.903225806451613,0.99671052631579,1,58.28125,126.728618421053,2.15462086951697,0.778676895343646,-0.0507249370707048,0.82940183241435,0.758224437435035,0.375297912393514,-0.276100014182874,FALSE,0.760704806129773,1.80165480612977,122,FALSE,Pre-installation percentage index (mean = 100),log(percentage index / 100),FALSE
13,13 | Halton 010B,pedestrian,Sefton 025C | islington,Sefton 025C,islington,"Islington, W of Liverpool Rd",49299;49300;49301;49302;49303,5,Sefton,64.805,13.812,50.993,1,7,6,Path/cycle facility;Road,Other / crossing;Road,FALSE,57,0.365384615384615,0,1,1,42.8947368421053,240.526315789474,5.50239808153477,1.13803816742296,0.0984265655898342,1.03961160183313,0.311583915163878,0.41685324179187,0.497503189027544,FALSE,1.00744066160909,1.81737066160909,123,FALSE,Pre-installation percentage index (mean = 100),log(percentage index / 100),FALSE
13,13 | Halton 010B,pedestrian,Halton 001B | wilmere ln north,Halton 001B,wilmere ln north,Wilmere Ln North,47785;47786;47787,3,Halton,64.805,5.375,59.43,1,10,9,Path/cycle facility;Road,Path/cycle facility;Road,FALSE,154,0.987179487179487,0.966666666666667,0.996753246753247,1,58.0292207792208,12.6493506493507,0.231230405368242,0.770394286646528,0.46950419643276,0.300890090213768,0.655288168681799,0.397550168035175,0.116511522937845,FALSE,0.776156242686294,1.82045624268629,124,FALSE,Pre-installation percentage index (mean = 100),log(percentage index / 100),FALSE
13,13 | Halton 010B,pedestrian,Sefton 004I | chapel st,Sefton 004I,chapel st,Chapel St,16360,1,Sefton,64.805,55.692,9.11300000000001,1,1,0,Path/cycle facility;Road,Road,TRUE,148,0.948717948717949,0.75,0.996621621621622,1,58.4560810810811,7457.89189189189,125.452127961816,0.750171685467036,-0.103534170820824,0.85370585628786,0.635290609220795,0.236172221101095,0.37385884285819,FALSE,1.89152621581273,1.98265621581273,125,FALSE,Pre-installation percentage index (mean = 100),log(percentage index / 100),FALSE
13,13 | Halton 010B,pedestrian,Liverpool 031B | london rd,Liverpool 031B,london rd,London Rd near Pembroke Pl,49392;49393,2,Liverpool,64.805,23.833,40.972,1,4,3,Path/cycle facility;Road,Path/cycle facility;Road,FALSE,49,0.314102564102564,0,1,1,45.6122448979592,1480.01020408163,31.7729859894921,1.21748092818309,0.39387709689344,0.823603831289647,0.285595091553716,0.233881507161939,0.660827145329152,FALSE,1.44220521358325,2.00192521358325,126,FALSE,Pre-installation percentage index (mean = 100),log(percentage index / 100),FALSE
13,13 | Halton 010B,pedestrian,"St. Helens 022F | chester ln, sw of mill ln",St. Helens 022F,"chester ln, sw of mill ln","Chester Ln, SW of Mill Ln",47638;52940,2,St. Helens,64.805,17.475,47.33,1,6,5,Path/cycle facility;Road,Path/cycle facility;Road,FALSE,156,1,1,0.996794871794872,1,57.4407051282052,2.24358974358974,0.0555022348973044,0.787372320739362,0.00432467796073243,0.78304764277863,0.677121100961705,0.207121473014275,0.0474100004273877,FALSE,1.31471713174212,2.03801713174212,127,FALSE,Pre-installation percentage index (mean = 100),log(percentage index / 100),FALSE
13,13 | Halton 010B,pedestrian,Sefton 025C | liverpool rd left turn to islington,Sefton 025C,liverpool rd left turn to islington,Liverpool Rd left turn to Islington,49294,1,Sefton,64.805,13.812,50.993,1,7,6,Path/cycle facility;Road,Road,FALSE,55,0.352564102564103,0,1,1,43.0863636363637,4.21818181818182,0.118362717805959,1.13506515615949,-0.18168850416297,1.31675366032246,0.307861222885674,0.599219466688351,0.112873647563171,FALSE,1.26196748329627,2.07189748329627,128,FALSE,Pre-installation percentage index (mean = 100),log(percentage index / 100),FALSE
13,13 | Halton 010B,pedestrian,Liverpool 047C | woolton rd,Liverpool 047C,woolton rd,Woolton Rd near Hope Park,22867,1,Liverpool,64.805,3.939,60.866,1,10,9,Path/cycle facility;Road,Path/cycle facility,FALSE,156,1,1,0.996794871794872,1,57.4407051282052,375.089743589744,6.43540735459456,0.787372320739362,0.00919226946134475,0.778180051278017,0.738983406380871,0.186455998986484,-0.257280501556679,FALSE,1.0454201431638,2.1040801431638,129,FALSE,Pre-installation percentage index (mean = 100),log(percentage index / 100),FALSE
13,13 | Halton 010B,pedestrian,Sefton 025C | coronation rd,Sefton 025C,coronation rd,Coronation Rd near Harrington Rd; Coronation Rd near Islington (crossing); Coronation Rd near Islington (NB traffic); Coronation Rd near Islington (SB traffic),49017;49362;49364;49398;52773;52774,6,Sefton,64.805,13.812,50.993,1,7,6,Path/cycle facility;Road,Other / crossing;Road,FALSE,89,0.57051282051282,0,1,0.682584269662921,78.0224719101123,110.407303370787,1.40981800085312,-0.0132422059355577,2.83143006061646,2.84467226655202,1.45181213463539,0.213518528718797,-0.190470366774875,FALSE,1.33231271420058,2.14224271420058,130,FALSE,Pre-installation percentage index (mean = 100),log(percentage index / 100),FALSE
13,13 | Halton 010B,pedestrian,Liverpool 061C | liver st,Liverpool 061C,liver st,Liver St near Park Ln,16364;16365;16388;16389,4,Liverpool,64.805,15.028,49.777,1,6,5,Path/cycle facility;Road,Path/cycle facility;Road,FALSE,156,1,1,0.996794871794872,0.980769230769231,57.4407051282052,1368.46153846154,23.4333507006334,0.787372320739362,-0.128935779610023,0.916308100349385,0.667118803797731,0.270911134036428,-0.149998828712172,FALSE,1.45164113955847,2.19941113955847,131,FALSE,Pre-installation percentage index (mean = 100),log(percentage index / 100),FALSE
13,13 | Halton 010B,pedestrian,St. Helens 020E | marshalls cross rd,St. Helens 020E,marshalls cross rd,Marshalls Cross Rd near Mill Ln,52937,1,St. Helens,64.805,22.036,42.769,1,4,3,Path/cycle facility;Road,Path/cycle facility,FALSE,155,0.993589743589744,0.967741935483871,0.996774193548387,1,57.7241935483871,0,0.0170287566261089,0.793384756151828,0,0.793384756151828,0.652445566834413,0.230428883208563,,FALSE,1.6758284364259,2.2535184364259,132,FALSE,Pre-installation percentage index (mean = 100),log(percentage index / 100),FALSE
13,13 | Halton 010B,pedestrian,Liverpool 060G | leece st,Liverpool 060G,leece st,"Leece St - Eastbound, near Roscoe St; Leece St near Roscoe St",22880;22881;22887;22888,4,Liverpool,64.805,24.323,40.482,1,4,3,Path/cycle facility;Road,Path/cycle facility;Road,FALSE,154,0.987179487179487,0.935483870967742,0.996753246753247,0.954545454545455,57.5211038961039,3613.1801948052,61.7585786013482,0.766418669097702,-0.300233078984085,1.06665174808179,0.751877042935617,0.229248408675514,-0.366912754364027,FALSE,1.81960155078769,2.37442155078769,133,FALSE,Pre-installation percentage index (mean = 100),log(percentage index / 100),FALSE
13,13 | Halton 010B,pedestrian,Liverpool 037H | upper parliament st,Liverpool 037H,upper parliament st,Upper Parliament St near Hope St; Upper Parliament St near St James Pl,49541;50784;50785;50786,4,Liverpool,64.805,51.962,12.843,1,1,0,Path/cycle facility;Road,Other / crossing;Path/cycle facility;Road,FALSE,31,0.198717948717949,0,1,1,53.0887096774194,847.58064516129,15.6886834650365,0.745279007056528,5.01364150742151,4.26836250036498,0.806373123426466,0.402534871757658,0.359385607787329,FALSE,2.24862617495234,2.37705617495234,134,FALSE,Pre-installation percentage index (mean = 100),log(percentage index / 100),FALSE
13,13 | Halton 010B,pedestrian,Liverpool 060C | st john's ln,Liverpool 060C,st john's ln,St John's Ln,46784;46785,2,Liverpool,64.805,24.01,40.795,1,4,3,Path/cycle facility;Road,Path/cycle facility;Road,FALSE,155,0.993589743589744,0.966666666666667,0.996774193548387,1,57.6516129032258,4435.51612903225,75.6418435815641,0.78815220915168,5.87898724494967,5.090835035798,1.99790638355843,0.243328156025603,0.452690725762432,FALSE,3.05130513347634,3.60925513347634,135,FALSE,Pre-installation percentage index (mean = 100),log(percentage index / 100),FALSE
13,13 | Halton 010B,pedestrian,Sefton 025C | great crosby bypass,Sefton 025C,great crosby bypass,"Great Crosby Bypass near Moor Ln; Great Crosby Bypass, E of Liverpool Rd (EB traffic); Great Crosby Bypass, E of Liverpool Rd (WB traffic)",49015;49297;49304;49360;49361;49397,6,Sefton,64.805,13.812,50.993,1,7,6,Path/cycle facility;Road,Other / crossing;Road,FALSE,88,0.564102564102564,0,1,0.668560606060606,80.7017045454546,206.920454545455,2.54487290935012,-0.318161356967397,6.94856196929206,7.26672332625946,3.19215288761019,0.171749256882057,-0.412699193841709,FALSE,2.9821473090617,3.7920773090617,136,FALSE,Pre-installation percentage index (mean = 100),log(percentage index / 100),FALSE
13,13 | Halton 010B,pedestrian,Liverpool 023C | shaw st,Liverpool 023C,shaw st,Shaw St near William Henry St,52815;52816;52817;52818,4,Liverpool,64.805,65.01,0.204999999999998,1,1,0,Path/cycle facility;Road,Path/cycle facility;Road,TRUE,0,0,0,0,0,,,,,,Inf,Inf,Inf,,FALSE,Inf,Inf,137,FALSE,Pre-installation percentage index (mean = 100),log(percentage index / 100),FALSE
13,13 | Halton 010B,pedestrian,St. Helens 014C | peasley cross ln,St. Helens 014C,peasley cross ln,Peasley Cross Ln near Parr St,54619;54620;54621;54622,4,St. Helens,64.805,65.045,0.239999999999995,1,1,0,Path/cycle facility;Road,Path/cycle facility;Road,TRUE,0,0,0,0,0,,,,,,Inf,Inf,Inf,,FALSE,Inf,Inf,138,FALSE,Pre-installation percentage index (mean = 100),log(percentage index / 100),FALSE
13,13 | Halton 010B,pedestrian,St. Helens 014C | waterside,St. Helens 014C,waterside,Waterside near Standish St,51846;51847,2,St. Helens,64.805,65.045,0.239999999999995,1,1,0,Path/cycle facility;Road,Path/cycle facility;Road,TRUE,0,0,0,0,0,,,,,,Inf,Inf,Inf,,FALSE,Inf,Inf,139,FALSE,Pre-installation percentage index (mean = 100),log(percentage index / 100),FALSE
13,13 | Halton 010B,pedestrian,Liverpool 039D | lodge ln,Liverpool 039D,lodge ln,Lodge Ln near Tunnel Rd,49964,1,Liverpool,64.805,65.143,0.337999999999994,1,1,0,Path/cycle facility;Road,Path/cycle facility,TRUE,0,0,0,0,0,,,,,,Inf,Inf,Inf,,FALSE,Inf,Inf,140,FALSE,Pre-installation percentage index (mean = 100),log(percentage index / 100),FALSE
13,13 | Halton 010B,pedestrian,Wirral 010G | beaufort rd,Wirral 010G,beaufort rd,Beaufort Rd near Ilchester Rd,50825;50828;50829;50830,4,Wirral,64.805,63.355,1.45000000000001,1,1,0,Path/cycle facility;Road,Other / crossing;Path/cycle facility;Road,TRUE,0,0,0,0,0,,,,,,Inf,Inf,Inf,,FALSE,Inf,Inf,141,FALSE,Pre-installation percentage index (mean = 100),log(percentage index / 100),FALSE
13,13 | Halton 010B,pedestrian,Liverpool 038C | wellington rd,Liverpool 038C,wellington rd,Wellington Rd,53536;53537;53538;53668,4,Liverpool,64.805,63.285,1.52000000000001,1,1,0,Path/cycle facility;Road,Other / crossing;Path/cycle facility;Road,TRUE,0,0,0,0,0,,,,,,Inf,Inf,Inf,,FALSE,Inf,Inf,142,FALSE,Pre-installation percentage index (mean = 100),log(percentage index / 100),FALSE
13,13 | Halton 010B,pedestrian,Wirral 009A | wirral circular,Wirral 009A,wirral circular,Wirral Circular near Scoresby Rd,50835,1,Wirral,64.805,67.045,2.24,1,1,0,Path/cycle facility;Road,Path/cycle facility,TRUE,0,0,0,0,0,,,,,,Inf,Inf,Inf,,FALSE,Inf,Inf,143,FALSE,Pre-installation percentage index (mean = 100),log(percentage index / 100),FALSE
13,13 | Halton 010B,pedestrian,Sefton 038B | cambridge rd,Sefton 038B,cambridge rd,Cambridge Rd near Sidney Rd,50018;50019;50020,3,Sefton,64.805,61.295,3.51000000000001,1,1,0,Path/cycle facility;Road,Path/cycle facility;Road,TRUE,0,0,0,0,0,,,,,,Inf,Inf,Inf,,FALSE,Inf,Inf,144,FALSE,Pre-installation percentage index (mean = 100),log(percentage index / 100),FALSE
13,13 | Halton 010B,pedestrian,Liverpool 044A | st james pl,Liverpool 044A,st james pl,St James Pl near Hill St,50705;50710,2,Liverpool,64.805,68.396,3.59099999999999,1,1,0,Path/cycle facility;Road,Other / crossing;Road,TRUE,0,0,0,0,0,,,,,,Inf,Inf,Inf,,FALSE,Inf,Inf,145,FALSE,Pre-installation percentage index (mean = 100),log(percentage index / 100),FALSE
13,13 | Halton 010B,pedestrian,Liverpool 030A | ling st,Liverpool 030A,ling st,Ling St near Holt Rd,49969,1,Liverpool,64.805,69.234,4.42899999999999,1,1,0,Path/cycle facility;Road,Road,TRUE,0,0,0,0,0,,,,,,Inf,Inf,Inf,,FALSE,Inf,Inf,146,FALSE,Pre-installation percentage index (mean = 100),log(percentage index / 100),FALSE
13,13 | Halton 010B,pedestrian,Halton 007D | victoria rd,Halton 007D,victoria rd,Victoria Rd near Ashley Way West,51662;51663;51679,3,Halton,64.805,60.023,4.782,1,1,0,Path/cycle facility;Road,Path/cycle facility;Road,TRUE,0,0,0,0,0,,,,,,Inf,Inf,Inf,,FALSE,Inf,Inf,147,FALSE,Pre-installation percentage index (mean = 100),log(percentage index / 100),FALSE
13,13 | Halton 010B,pedestrian,Halton 007D | waterloo rd,Halton 007D,waterloo rd,Waterloo Rd near West Bank St,50313;50314;50315,3,Halton,64.805,60.023,4.782,1,1,0,Path/cycle facility;Road,Path/cycle facility;Road,TRUE,0,0,0,0,0,,,,,,Inf,Inf,Inf,,FALSE,Inf,Inf,148,FALSE,Pre-installation percentage index (mean = 100),log(percentage index / 100),FALSE
13,13 | Halton 010B,pedestrian,St. Helens 017A | fleet ln,St. Helens 017A,fleet ln,Fleet Ln near Broad Ln,51827,1,St. Helens,64.805,59.972,4.83300000000001,1,1,0,Path/cycle facility;Road,Path/cycle facility,TRUE,0,0,0,0,0,,,,,,Inf,Inf,Inf,,FALSE,Inf,Inf,149,FALSE,Pre-installation percentage index (mean = 100),log(percentage index / 100),FALSE
13,13 | Halton 010B,pedestrian,St. Helens 017A | newton rd,St. Helens 017A,newton rd,Newton Rd near Waring Ave,51810;51811;51813,3,St. Helens,64.805,59.972,4.83300000000001,1,1,0,Path/cycle facility;Road,Path/cycle facility;Road,TRUE,0,0,0,0,0,,,,,,Inf,Inf,Inf,,FALSE,Inf,Inf,150,FALSE,Pre-installation percentage index (mean = 100),log(percentage index / 100),FALSE
13,13 | Halton 010B,pedestrian,Liverpool 039B | lodge ln,Liverpool 039B,lodge ln,Lodge Ln near Tunnel Rd,49962;49963,2,Liverpool,64.805,70.045,5.24,1,1,0,Path/cycle facility;Road,Path/cycle facility;Road,TRUE,0,0,0,0,0,,,,,,Inf,Inf,Inf,,FALSE,Inf,Inf,151,FALSE,Pre-installation percentage index (mean = 100),log(percentage index / 100),FALSE
13,13 | Halton 010B,pedestrian,St. Helens 012E | windle st,St. Helens 012E,windle st,Windle St near North Rd,55118;55119;55120,3,St. Helens,64.805,59.045,5.76000000000001,1,1,0,Path/cycle facility;Road,Path/cycle facility;Road,TRUE,0,0,0,0,0,,,,,,Inf,Inf,Inf,,FALSE,Inf,Inf,152,FALSE,Pre-installation percentage index (mean = 100),log(percentage index / 100),FALSE
13,13 | Halton 010B,pedestrian,Halton 007A | gerrard st,Halton 007A,gerrard st,Gerrard St near Widnes Rd,50273;50274;50275;50396,4,Halton,64.805,58.639,6.166,1,1,0,Path/cycle facility;Road,Other / crossing;Road,TRUE,0,0,0,0,0,,,,,,Inf,Inf,Inf,,FALSE,Inf,Inf,153,FALSE,Pre-installation percentage index (mean = 100),log(percentage index / 100),FALSE
13,13 | Halton 010B,pedestrian,Wirral 016F | hamilton st,Wirral 016F,hamilton st,Hamilton St near Hamilton Sq,47771,1,Wirral,64.805,71.864,7.059,1,1,0,Path/cycle facility;Road,Road,TRUE,0,0,0,0,0,,,,,,Inf,Inf,Inf,,FALSE,Inf,Inf,154,FALSE,Pre-installation percentage index (mean = 100),log(percentage index / 100),FALSE
13,13 | Halton 010B,pedestrian,Sefton 004I | london st,Sefton 004I,london st,London St near Hawesside St,46621;46622;46623,3,Sefton,64.805,55.692,9.11300000000001,1,1,0,Path/cycle facility;Road,Path/cycle facility;Road,TRUE,0,0,0,0,0,,,,,,Inf,Inf,Inf,,FALSE,Inf,Inf,155,FALSE,Pre-installation percentage index (mean = 100),log(percentage index / 100),FALSE
13,13 | Halton 010B,pedestrian,Sefton 036C | chesnut grove,Sefton 036C,chesnut grove,Chesnut Grove,50017,1,Sefton,64.805,74.774,9.96899999999999,1,1,0,Path/cycle facility;Road,Path/cycle facility,TRUE,0,0,0,0,0,,,,,,Inf,Inf,Inf,,FALSE,Inf,Inf,156,FALSE,Pre-installation percentage index (mean = 100),log(percentage index / 100),FALSE
13,13 | Halton 010B,pedestrian,Liverpool 037D | upper parliament st,Liverpool 037D,upper parliament st,Upper Parliament St near Princes Rd,49929;49930;49931;49932,4,Liverpool,64.805,54.618,10.187,1,1,0,Path/cycle facility;Road,Other / crossing;Path/cycle facility;Road,FALSE,1,0.00641025641025641,0,1,1,,,,,,Inf,Inf,Inf,,FALSE,Inf,Inf,157,FALSE,Pre-installation percentage index (mean = 100),log(percentage index / 100),FALSE
13,13 | Halton 010B,pedestrian,Liverpool 026A | broad green rd,Liverpool 026A,broad green rd,"Broad Green Rd near Queens Dr; Broad Green Rd, W of Queens Dr (right turn); Broad Green Rd, W of Queens Dr (straight)",53268;54536;54537,3,Liverpool,64.805,53.323,11.482,1,1,0,Path/cycle facility;Road,Road,FALSE,0,0,0,0,0,,,,,,Inf,Inf,Inf,,FALSE,Inf,Inf,158,FALSE,Pre-installation percentage index (mean = 100),log(percentage index / 100),FALSE
13,13 | Halton 010B,pedestrian,Liverpool 026A | east prescot rd walkway,Liverpool 026A,east prescot rd walkway,East Prescot Rd walkway,50817,1,Liverpool,64.805,53.323,11.482,1,1,0,Path/cycle facility;Road,Path/cycle facility,FALSE,0,0,0,0,0,,,,,,Inf,Inf,Inf,,FALSE,Inf,Inf,159,FALSE,Pre-installation percentage index (mean = 100),log(percentage index / 100),FALSE
13,13 | Halton 010B,pedestrian,Liverpool 026A | queens dr,Liverpool 026A,queens dr,Queens Dr near Broadgreen Hospital (SB traffic),53271;53272,2,Liverpool,64.805,53.323,11.482,1,1,0,Path/cycle facility;Road,Other / crossing;Road,FALSE,0,0,0,0,0,,,,,,Inf,Inf,Inf,,FALSE,Inf,Inf,160,FALSE,Pre-installation percentage index (mean = 100),log(percentage index / 100),FALSE
13,13 | Halton 010B,pedestrian,Sefton 037B | chesnut grove,Sefton 037B,chesnut grove,Chesnut Grove,50015;50016,2,Sefton,64.805,77.125,12.32,1,1,0,Path/cycle facility;Road,Path/cycle facility;Road,FALSE,0,0,0,0,0,,,,,,Inf,Inf,Inf,,FALSE,Inf,Inf,161,FALSE,Pre-installation percentage index (mean = 100),log(percentage index / 100),FALSE
13,13 | Halton 010B,pedestrian,Liverpool 037H | great george st,Liverpool 037H,great george st,Great George St near Duncan St; Great George St near Upper Parliament St,50776;50778;50779;50850;50851;51468;51469,7,Liverpool,64.805,51.962,12.843,1,1,0,Path/cycle facility;Road,Other / crossing;Path/cycle facility;Road,FALSE,0,0,0,0,0,,,,,,Inf,Inf,Inf,,FALSE,Inf,Inf,162,FALSE,Pre-installation percentage index (mean = 100),log(percentage index / 100),FALSE
13,13 | Halton 010B,pedestrian,Liverpool 037H | mill st,Liverpool 037H,mill st,Mill St near Upper Harrington St,52638;52639;52640,3,Liverpool,64.805,51.962,12.843,1,1,0,Path/cycle facility;Road,Path/cycle facility;Road,FALSE,0,0,0,0,0,,,,,,Inf,Inf,Inf,,FALSE,Inf,Inf,163,FALSE,Pre-installation percentage index (mean = 100),log(percentage index / 100),FALSE
13,13 | Halton 010B,pedestrian,Liverpool 037H | parliament st,Liverpool 037H,parliament st,"Parliament St, W of St James Pl",50766;50767;50768;50769,4,Liverpool,64.805,51.962,12.843,1,1,0,Path/cycle facility;Road,Path/cycle facility;Road,FALSE,0,0,0,0,0,,,,,,Inf,Inf,Inf,,FALSE,Inf,Inf,164,FALSE,Pre-installation percentage index (mean = 100),log(percentage index / 100),FALSE
13,13 | Halton 010B,pedestrian,Liverpool 037H | parliament st crossing,Liverpool 037H,parliament st crossing,Parliament St crossing,53089;53090,2,Liverpool,64.805,51.962,12.843,1,1,0,Path/cycle facility;Road,Other / crossing,FALSE,0,0,0,0,0,,,,,,Inf,Inf,Inf,,FALSE,Inf,Inf,165,FALSE,Pre-installation percentage index (mean = 100),log(percentage index / 100),FALSE
13,13 | Halton 010B,pedestrian,Liverpool 037H | parliament st walkway,Liverpool 037H,parliament st walkway,Parliament St walkway,50808,1,Liverpool,64.805,51.962,12.843,1,1,0,Path/cycle facility;Road,Path/cycle facility,FALSE,0,0,0,0,0,,,,,,Inf,Inf,Inf,,FALSE,Inf,Inf,166,FALSE,Pre-installation percentage index (mean = 100),log(percentage index / 100),FALSE
13,13 | Halton 010B,pedestrian,Liverpool 037H | st james place,Liverpool 037H,st james place,"St James Place, S of Upper Parliament St",50759;50760;50761,3,Liverpool,64.805,51.962,12.843,1,1,0,Path/cycle facility;Road,Road,FALSE,0,0,0,0,0,,,,,,Inf,Inf,Inf,,FALSE,Inf,Inf,167,FALSE,Pre-installation percentage index (mean = 100),log(percentage index / 100),FALSE
13,13 | Halton 010B,pedestrian,Liverpool 037H | st james st,Liverpool 037H,st james st,St James St near Great George St; St James St near New Bird St,50781;50782;50783;50809,4,Liverpool,64.805,51.962,12.843,1,1,0,Path/cycle facility;Road,Path/cycle facility;Road,FALSE,0,0,0,0,0,,,,,,Inf,Inf,Inf,,FALSE,Inf,Inf,168,FALSE,Pre-installation percentage index (mean = 100),log(percentage index / 100),FALSE
13,13 | Halton 010B,pedestrian,Liverpool 037H | stanhope st,Liverpool 037H,stanhope st,Stanhope St,50701,1,Liverpool,64.805,51.962,12.843,1,1,0,Path/cycle facility;Road,Road,FALSE,0,0,0,0,0,,,,,,Inf,Inf,Inf,,FALSE,Inf,Inf,169,FALSE,Pre-installation percentage index (mean = 100),log(percentage index / 100),FALSE
13,13 | Halton 010B,pedestrian,Liverpool 037H | upper parliament st & st james pl junction,Liverpool 037H,upper parliament st & st james pl junction,Upper Parliament St & St James Pl junction,53230;53231;53232,3,Liverpool,64.805,51.962,12.843,1,1,0,Path/cycle facility;Road,Road,FALSE,0,0,0,0,0,,,,,,Inf,Inf,Inf,,FALSE,Inf,Inf,170,FALSE,Pre-installation percentage index (mean = 100),log(percentage index / 100),FALSE
13,13 | Halton 010B,pedestrian,Liverpool 037H | upper parliament st crossing,Liverpool 037H,upper parliament st crossing,Upper Parliament St crossing,53071,1,Liverpool,64.805,51.962,12.843,1,1,0,Path/cycle facility;Road,Other / crossing,FALSE,0,0,0,0,0,,,,,,Inf,Inf,Inf,,FALSE,Inf,Inf,171,FALSE,Pre-installation percentage index (mean = 100),log(percentage index / 100),FALSE
13,13 | Halton 010B,pedestrian,Liverpool 037H | upper stanhope st,Liverpool 037H,upper stanhope st,Upper Stanhope St,50816,1,Liverpool,64.805,51.962,12.843,1,1,0,Path/cycle facility;Road,Road,FALSE,0,0,0,0,0,,,,,,Inf,Inf,Inf,,FALSE,Inf,Inf,172,FALSE,Pre-installation percentage index (mean = 100),log(percentage index / 100),FALSE
13,13 | Halton 010B,pedestrian,St. Helens 024D | elton head rd,St. Helens 024D,elton head rd,Elton Head Rd near Sherdley Rd,54020;54021;54022;59134,4,St. Helens,64.805,51.363,13.442,1,1,0,Path/cycle facility;Road,Path/cycle facility;Road,FALSE,0,0,0,0,0,,,,,,Inf,Inf,Inf,,FALSE,Inf,Inf,173,FALSE,Pre-installation percentage index (mean = 100),log(percentage index / 100),FALSE
13,13 | Halton 010B,pedestrian,Liverpool 023D | hunter st,Liverpool 023D,hunter st,Hunter St,49968;54847,2,Liverpool,64.805,48.627,16.178,1,1,0,Path/cycle facility;Road,Path/cycle facility;Road,FALSE,0,0,0,0,0,,,,,,Inf,Inf,Inf,,FALSE,Inf,Inf,174,FALSE,Pre-installation percentage index (mean = 100),log(percentage index / 100),FALSE
13,13 | Halton 010B,pedestrian,Halton 014B | murdishaw woods,Halton 014B,murdishaw woods,Murdishaw Woods,50811;50812,2,Halton,64.805,44.323,20.482,1,1,0,Path/cycle facility;Road,Path/cycle facility,FALSE,0,0,0,0,0,,,,,,Inf,Inf,Inf,,FALSE,Inf,Inf,175,FALSE,Pre-installation percentage index (mean = 100),log(percentage index / 100),FALSE
13,13 | Halton 010B,pedestrian,Knowsley 015A | olivia way,Knowsley 015A,olivia way,Olivia Way near West View,50104;50105,2,Knowsley,64.805,43.54,21.265,1,2,1,Path/cycle facility;Road,Path/cycle facility;Road,FALSE,0,0,0,0,0,,,,,,Inf,Inf,Inf,,FALSE,Inf,Inf,176,FALSE,Pre-installation percentage index (mean = 100),log(percentage index / 100),FALSE
13,13 | Halton 010B,pedestrian,Halton 007B | grn oaks way,Halton 007B,grn oaks way,Grn Oaks Way,16359;16401,2,Halton,64.805,42.077,22.728,1,2,1,Path/cycle facility;Road,Other / crossing;Road,FALSE,0,0,0,0,0,,,,,,Inf,Inf,Inf,,FALSE,Inf,Inf,177,FALSE,Pre-installation percentage index (mean = 100),log(percentage index / 100),FALSE
13,13 | Halton 010B,pedestrian,St. Helens 024E | james roby way,St. Helens 024E,james roby way,James Roby Way,51792;51793,2,St. Helens,64.805,40.867,23.938,1,2,1,Path/cycle facility;Road,Path/cycle facility,FALSE,0,0,0,0,0,,,,,,Inf,Inf,Inf,,FALSE,Inf,Inf,178,FALSE,Pre-installation percentage index (mean = 100),log(percentage index / 100),FALSE
13,13 | Halton 010B,pedestrian,St. Helens 024E | marshalls cross rd (nb traffic),St. Helens 024E,marshalls cross rd (nb traffic),Marshalls Cross Rd (NB traffic),51788;51789,2,St. Helens,64.805,40.867,23.938,1,2,1,Path/cycle facility;Road,Road,FALSE,0,0,0,0,0,,,,,,Inf,Inf,Inf,,FALSE,Inf,Inf,179,FALSE,Pre-installation percentage index (mean = 100),log(percentage index / 100),FALSE
13,13 | Halton 010B,pedestrian,St. Helens 022A | jubits ln,St. Helens 022A,jubits ln,Jubits Ln near Union Bank Ln,54016;54017;54018;54019,4,St. Helens,64.805,40.354,24.451,1,2,1,Path/cycle facility;Road,Path/cycle facility;Road,FALSE,0,0,0,0,0,,,,,,Inf,Inf,Inf,,FALSE,Inf,Inf,180,FALSE,Pre-installation percentage index (mean = 100),log(percentage index / 100),FALSE
13,13 | Halton 010B,pedestrian,St. Helens 022A | jubits ln & bell ln,St. Helens 022A,jubits ln & bell ln,Jubits Ln & Bell Ln,53995;53996;53997,3,St. Helens,64.805,40.354,24.451,1,2,1,Path/cycle facility;Road,Path/cycle facility;Road,FALSE,0,0,0,0,0,,,,,,Inf,Inf,Inf,,FALSE,Inf,Inf,181,FALSE,Pre-installation percentage index (mean = 100),log(percentage index / 100),FALSE
13,13 | Halton 010B,pedestrian,St. Helens 022E | jubits ln & bell ln,St. Helens 022E,jubits ln & bell ln,Jubits Ln & Bell Ln,53994,1,St. Helens,64.805,39.965,24.84,1,2,1,Path/cycle facility;Road,Road,FALSE,0,0,0,0,0,,,,,,Inf,Inf,Inf,,FALSE,Inf,Inf,182,FALSE,Pre-installation percentage index (mean = 100),log(percentage index / 100),FALSE
13,13 | Halton 010B,pedestrian,Sefton 038C | hillhead rd,Sefton 038C,hillhead rd,Hillhead Rd near Sidney Rd,50021;50022;50023,3,Sefton,64.805,37.74,27.065,1,2,1,Path/cycle facility;Road,Path/cycle facility;Road,FALSE,0,0,0,0,0,,,,,,Inf,Inf,Inf,,FALSE,Inf,Inf,183,FALSE,Pre-installation percentage index (mean = 100),log(percentage index / 100),FALSE
13,13 | Halton 010B,pedestrian,Liverpool 040E | besford rd,Liverpool 040E,besford rd,Besford Rd near Oakwood Close,50822;50823;50824,3,Liverpool,64.805,37.396,27.409,1,2,1,Path/cycle facility;Road,Other / crossing;Path/cycle facility;Road,FALSE,0,0,0,0,0,,,,,,Inf,Inf,Inf,,FALSE,Inf,Inf,184,FALSE,Pre-installation percentage index (mean = 100),log(percentage index / 100),FALSE
13,13 | Halton 010B,pedestrian,St. Helens 017D | fleet ln,St. Helens 017D,fleet ln,Fleet Ln near Broad Ln,51826,1,St. Helens,64.805,36.843,27.962,1,2,1,Path/cycle facility;Road,Path/cycle facility,FALSE,0,0,0,0,0,,,,,,Inf,Inf,Inf,,FALSE,Inf,Inf,185,FALSE,Pre-installation percentage index (mean = 100),log(percentage index / 100),FALSE
13,13 | Halton 010B,pedestrian,Knowsley 007D | carr ln,Knowsley 007D,carr ln,Carr Ln,55100;55101;55102,3,Knowsley,64.805,36.256,28.549,1,2,1,Path/cycle facility;Road,Path/cycle facility;Road,FALSE,0,0,0,0,0,,,,,,Inf,Inf,Inf,,FALSE,Inf,Inf,186,FALSE,Pre-installation percentage index (mean = 100),log(percentage index / 100),FALSE
13,13 | Halton 010B,pedestrian,Liverpool 038D | lawrence rd,Liverpool 038D,lawrence rd,Lawrence Rd near Cretan Rd,50814;50815,2,Liverpool,64.805,35.357,29.448,1,2,1,Path/cycle facility;Road,Path/cycle facility;Road,FALSE,0,0,0,0,0,,,,,,Inf,Inf,Inf,,FALSE,Inf,Inf,187,FALSE,Pre-installation percentage index (mean = 100),log(percentage index / 100),FALSE
13,13 | Halton 010B,pedestrian,Liverpool 034A | bowring park rd,Liverpool 034A,bowring park rd,"Bowring Park Rd, E of Queens Dr (left turn); Bowring Park Rd, E of Queens Dr (right turn); Bowring Park Rd, E of Queens Dr (straight)",54534;54535;54838,3,Liverpool,64.805,34.117,30.688,1,2,1,Path/cycle facility;Road,Road,FALSE,0,0,0,0,0,,,,,,Inf,Inf,Inf,,FALSE,Inf,Inf,188,FALSE,Pre-installation percentage index (mean = 100),log(percentage index / 100),FALSE
13,13 | Halton 010B,pedestrian,Liverpool 034A | queens dr,Liverpool 034A,queens dr,"Queens Dr, N of M62 (right turn)",54583,1,Liverpool,64.805,34.117,30.688,1,2,1,Path/cycle facility;Road,Road,FALSE,0,0,0,0,0,,,,,,Inf,Inf,Inf,,FALSE,Inf,Inf,189,FALSE,Pre-installation percentage index (mean = 100),log(percentage index / 100),FALSE
13,13 | Halton 010B,pedestrian,St. Helens 007B | bishops rd,St. Helens 007B,bishops rd,Bishops Rd near Wynne Rd,55115;55116;55117;59154;59155,5,St. Helens,64.805,33.517,31.288,1,2,1,Path/cycle facility;Road,Other / crossing;Path/cycle facility;Road,FALSE,0,0,0,0,0,,,,,,Inf,Inf,Inf,,FALSE,Inf,Inf,190,FALSE,Pre-installation percentage index (mean = 100),log(percentage index / 100),FALSE
13,13 | Halton 010B,pedestrian,St. Helens 007B | wynne rd,St. Helens 007B,wynne rd,Wynne Rd near Wolseley Rd,55112;55113;55114,3,St. Helens,64.805,33.517,31.288,1,2,1,Path/cycle facility;Road,Path/cycle facility;Road,FALSE,0,0,0,0,0,,,,,,Inf,Inf,Inf,,FALSE,Inf,Inf,191,FALSE,Pre-installation percentage index (mean = 100),log(percentage index / 100),FALSE
13,13 | Halton 010B,pedestrian,St. Helens 005A | penny ln,St. Helens 005A,penny ln,Penny Ln near Old Boston,49949;49950,2,St. Helens,64.805,33.028,31.777,1,3,2,Path/cycle facility;Road,Road,FALSE,1,0.00641025641025641,0,1,1,,,,,,Inf,Inf,Inf,,FALSE,Inf,Inf,192,FALSE,Pre-installation percentage index (mean = 100),log(percentage index / 100),FALSE
13,13 | Halton 010B,pedestrian,Knowsley 013A | carrs ter,Knowsley 013A,carrs ter,Carrs Ter,50106,1,Knowsley,64.805,31.951,32.854,1,3,2,Path/cycle facility;Road,Path/cycle facility,FALSE,0,0,0,0,0,,,,,,Inf,Inf,Inf,,FALSE,Inf,Inf,193,FALSE,Pre-installation percentage index (mean = 100),log(percentage index / 100),FALSE
13,13 | Halton 010B,pedestrian,Wirral 001D | king's parade,Wirral 001D,king's parade,King's Parade,51858,1,Wirral,64.805,31.687,33.118,1,3,2,Path/cycle facility;Road,Other / crossing,FALSE,0,0,0,0,0,,,,,,Inf,Inf,Inf,,FALSE,Inf,Inf,194,FALSE,Pre-installation percentage index (mean = 100),log(percentage index / 100),FALSE
13,13 | Halton 010B,pedestrian,Liverpool 032A | edge ln dr (wb traffic),Liverpool 032A,edge ln dr (wb traffic),Edge Ln Dr (WB traffic),53509;53510,2,Liverpool,64.805,31.451,33.354,1,3,2,Path/cycle facility;Road,Other / crossing;Road,FALSE,0,0,0,0,0,,,,,,Inf,Inf,Inf,,FALSE,Inf,Inf,195,FALSE,Pre-installation percentage index (mean = 100),log(percentage index / 100),FALSE
13,13 | Halton 010B,pedestrian,Liverpool 034E | queens dr,Liverpool 034E,queens dr,"Queens Dr, N of M62 (SB traffic)",54545;55270,2,Liverpool,64.805,28.84,35.965,1,3,2,Path/cycle facility;Road,Road,FALSE,0,0,0,0,0,,,,,,Inf,Inf,Inf,,FALSE,Inf,Inf,196,FALSE,Pre-installation percentage index (mean = 100),log(percentage index / 100),FALSE
13,13 | Halton 010B,pedestrian,St. Helens 004F | ravenhead greenway,St. Helens 004F,ravenhead greenway,Ravenhead Greenway,51819,1,St. Helens,64.805,27.133,37.672,1,3,2,Path/cycle facility;Road,Path/cycle facility,FALSE,0,0,0,0,0,,,,,,Inf,Inf,Inf,,FALSE,Inf,Inf,197,FALSE,Pre-installation percentage index (mean = 100),log(percentage index / 100),FALSE
13,13 | Halton 010B,pedestrian,Sefton 033A | school ln,Sefton 033A,school ln,School Ln near Moss Ln,50028;50029;50030,3,Sefton,64.805,25.806,38.999,1,4,3,Path/cycle facility;Road,Path/cycle facility;Road,FALSE,0,0,0,0,0,,,,,,Inf,Inf,Inf,,FALSE,Inf,Inf,198,FALSE,Pre-installation percentage index (mean = 100),log(percentage index / 100),FALSE
13,13 | Halton 010B,pedestrian,Sefton 033A | school ln & oxford ave,Sefton 033A,school ln & oxford ave,School Ln & Oxford Ave,50024;50025;50026;50027,4,Sefton,64.805,25.806,38.999,1,4,3,Path/cycle facility;Road,Path/cycle facility;Road,FALSE,0,0,0,0,0,,,,,,Inf,Inf,Inf,,FALSE,Inf,Inf,199,FALSE,Pre-installation percentage index (mean = 100),log(percentage index / 100),FALSE
13,13 | Halton 010B,pedestrian,Wirral 019B | upton rd,Wirral 019B,upton rd,Upton Rd near Westwood Rd,41136;41137,2,Wirral,64.805,21.574,43.231,1,4,3,Path/cycle facility;Road,Path/cycle facility;Road,FALSE,0,0,0,0,0,,,,,,Inf,Inf,Inf,,FALSE,Inf,Inf,200,FALSE,Pre-installation percentage index (mean = 100),log(percentage index / 100),FALSE
13,13 | Halton 010B,pedestrian,Sefton 009C | marine dr,Sefton 009C,marine dr,Marine Dr,49957;49958;49959,3,Sefton,64.805,21.479,43.326,1,5,4,Path/cycle facility;Road,Path/cycle facility;Road,FALSE,0,0,0,0,0,,,,,,Inf,Inf,Inf,,FALSE,Inf,Inf,201,FALSE,Pre-installation percentage index (mean = 100),log(percentage index / 100),FALSE
13,13 | Halton 010B,pedestrian,Liverpool 034B | m62 (eb traffic),Liverpool 034B,m62 (eb traffic),M62 (EB traffic),52396;54839,2,Liverpool,64.805,19.675,45.13,1,5,4,Path/cycle facility;Road,Other / crossing;Road,FALSE,0,0,0,0,0,,,,,,Inf,Inf,Inf,,FALSE,Inf,Inf,202,FALSE,Pre-installation percentage index (mean = 100),log(percentage index / 100),FALSE
13,13 | Halton 010B,pedestrian,Liverpool 034B | m62 (wb traffic),Liverpool 034B,m62 (wb traffic),M62 (WB traffic),53269;53270,2,Liverpool,64.805,19.675,45.13,1,5,4,Path/cycle facility;Road,Other / crossing;Road,FALSE,0,0,0,0,0,,,,,,Inf,Inf,Inf,,FALSE,Inf,Inf,203,FALSE,Pre-installation percentage index (mean = 100),log(percentage index / 100),FALSE
13,13 | Halton 010B,pedestrian,Liverpool 034B | queens dr,Liverpool 034B,queens dr,Queens Dr near Glendevon Rd (SB traffic),53277;53278,2,Liverpool,64.805,19.675,45.13,1,5,4,Path/cycle facility;Road,Road,FALSE,0,0,0,0,0,,,,,,Inf,Inf,Inf,,FALSE,Inf,Inf,204,FALSE,Pre-installation percentage index (mean = 100),log(percentage index / 100),FALSE
13,13 | Halton 010B,pedestrian,Sefton 008C | moels park,Sefton 008C,moels park,Moels Park,50810,1,Sefton,64.805,18.946,45.859,1,5,4,Path/cycle facility;Road,Path/cycle facility,FALSE,0,0,0,0,0,,,,,,Inf,Inf,Inf,,FALSE,Inf,Inf,205,FALSE,Pre-installation percentage index (mean = 100),log(percentage index / 100),FALSE
13,13 | Halton 010B,pedestrian,Sefton 019D | grange park,Sefton 019D,grange park,Grange Park,50010;50011;50012,3,Sefton,64.805,18.397,46.408,1,5,4,Path/cycle facility;Road,Path/cycle facility;Road,FALSE,0,0,0,0,0,,,,,,Inf,Inf,Inf,,FALSE,Inf,Inf,206,FALSE,Pre-installation percentage index (mean = 100),log(percentage index / 100),FALSE
13,13 | Halton 010B,pedestrian,Halton 005D | birchfield rd,Halton 005D,birchfield rd,Birchfield Rd near Victoria Ave,50270;50271;50272,3,Halton,64.805,16.81,47.995,1,6,5,Path/cycle facility;Road,Path/cycle facility;Road,FALSE,0,0,0,0,0,,,,,,Inf,Inf,Inf,,FALSE,Inf,Inf,207,FALSE,Pre-installation percentage index (mean = 100),log(percentage index / 100),FALSE
13,13 | Halton 010B,pedestrian,Liverpool 061C | great charlotte st,Liverpool 061C,great charlotte st,Great Charlotte St near Ranelagh St,49965;49966;49967,3,Liverpool,64.805,15.028,49.777,1,6,5,Path/cycle facility;Road,Path/cycle facility;Road,FALSE,0,0,0,0,0,,,,,,Inf,Inf,Inf,,FALSE,Inf,Inf,208,FALSE,Pre-installation percentage index (mean = 100),log(percentage index / 100),FALSE
13,13 | Halton 010B,pedestrian,Liverpool 061C | renshaw st,Liverpool 061C,renshaw st,Renshaw St near Benson St,53079;53080;53081;53082,4,Liverpool,64.805,15.028,49.777,1,6,5,Path/cycle facility;Road,Other / crossing;Path/cycle facility;Road,FALSE,0,0,0,0,0,,,,,,Inf,Inf,Inf,,FALSE,Inf,Inf,209,FALSE,Pre-installation percentage index (mean = 100),log(percentage index / 100),FALSE
13,13 | Halton 010B,pedestrian,Sefton 025C | liverpool rd & islington rd (crossing),Sefton 025C,liverpool rd & islington rd (crossing),Liverpool Rd & Islington Rd (crossing),49912;49913,2,Sefton,64.805,13.812,50.993,1,7,6,Path/cycle facility;Road,Other / crossing,FALSE,8,0.0512820512820513,0,1,1,35.28125,699.125,19.297157622739,0.432094965263838,0.074664197253814,0.357430768010024,Inf,0.360009177666228,1,FALSE,Inf,Inf,210,FALSE,Pre-installation percentage index (mean = 100),log(percentage index / 100),FALSE
13,13 | Halton 010B,pedestrian,Wirral 006A | reeds ln,Wirral 006A,reeds ln,Reeds Ln near Wirral Circular,50833;50834;50848,3,Wirral,64.805,12.143,52.662,1,7,6,Path/cycle facility;Road,Other / crossing;Path/cycle facility;Road,FALSE,0,0,0,0,0,,,,,,Inf,Inf,Inf,,FALSE,Inf,Inf,211,FALSE,Pre-installation percentage index (mean = 100),log(percentage index / 100),FALSE
13,13 | Halton 010B,pedestrian,Sefton 012C | coastal rd,Sefton 012C,coastal rd,Coastal Rd near Pinfold Ln,49960;49961,2,Sefton,64.805,12.032,52.773,1,7,6,Path/cycle facility;Road,Road,FALSE,0,0,0,0,0,,,,,,Inf,Inf,Inf,,FALSE,Inf,Inf,212,FALSE,Pre-installation percentage index (mean = 100),log(percentage index / 100),FALSE
13,13 | Halton 010B,pedestrian,Wirral 006D | cross ln,Wirral 006D,cross ln,Cross Ln,50325,1,Wirral,64.805,10.804,54.001,1,8,7,Path/cycle facility;Road,Road,FALSE,0,0,0,0,0,,,,,,Inf,Inf,Inf,,FALSE,Inf,Inf,213,FALSE,Pre-installation percentage index (mean = 100),log(percentage index / 100),FALSE
13,13 | Halton 010B,pedestrian,Sefton 012B | coastal rd,Sefton 012B,coastal rd,Coastal Rd near Shore Rd,50630;50631;50632,3,Sefton,64.805,10.46,54.345,1,8,7,Path/cycle facility;Road,Other / crossing;Road,FALSE,0,0,0,0,0,,,,,,Inf,Inf,Inf,,FALSE,Inf,Inf,214,FALSE,Pre-installation percentage index (mean = 100),log(percentage index / 100),FALSE
13,13 | Halton 010B,pedestrian,"Halton 009A | busway, n or chester rd (sb traffic)",Halton 009A,"busway, n or chester rd (sb traffic)","Busway, N or Chester Rd (SB traffic)",51875;51876,2,Halton,64.805,10.215,54.59,1,8,7,Path/cycle facility;Road,Path/cycle facility;Road,FALSE,0,0,0,0,0,,,,,,Inf,Inf,Inf,,FALSE,Inf,Inf,215,FALSE,Pre-installation percentage index (mean = 100),log(percentage index / 100),FALSE
13,13 | Halton 010B,pedestrian,"Halton 009A | busway, s or chester rd (nb traffic)",Halton 009A,"busway, s or chester rd (nb traffic)","Busway, S or Chester Rd (NB traffic)",51878;51879,2,Halton,64.805,10.215,54.59,1,8,7,Path/cycle facility;Road,Path/cycle facility;Road,FALSE,0,0,0,0,0,,,,,,Inf,Inf,Inf,,FALSE,Inf,Inf,216,FALSE,Pre-installation percentage index (mean = 100),log(percentage index / 100),FALSE
13,13 | Halton 010B,pedestrian,Halton 009A | chester rd,Halton 009A,chester rd,"Chester Rd near Red Brow Ln; Chester Rd, E of Busway (WB traffic); Chester Rd, W of Busway (EB traffic)",49524;49525;49526;51874;51877;52481;52482,7,Halton,64.805,10.215,54.59,1,8,7,Path/cycle facility;Road,Other / crossing;Path/cycle facility;Road,FALSE,0,0,0,0,0,,,,,,Inf,Inf,Inf,,FALSE,Inf,Inf,217,FALSE,Pre-installation percentage index (mean = 100),log(percentage index / 100),FALSE
13,13 | Halton 010B,pedestrian,Halton 009A | northwich rd,Halton 009A,northwich rd,"Northwich Rd, E of Preston Brook (WB traffic); Northwich Rd, W of Preston Brook (EB traffic)",51351;51352;51353;51734,4,Halton,64.805,10.215,54.59,1,8,7,Path/cycle facility;Road,Other / crossing;Road,FALSE,0,0,0,0,0,,,,,,Inf,Inf,Inf,,FALSE,Inf,Inf,218,FALSE,Pre-installation percentage index (mean = 100),log(percentage index / 100),FALSE
13,13 | Halton 010B,pedestrian,Halton 009A | preston brook,Halton 009A,preston brook,"Preston Brook, N of Northwich Rd; Preston Brook, S of Northwich Rd",51223;51224;51225;51230;51231;51232,6,Halton,64.805,10.215,54.59,1,8,7,Path/cycle facility;Road,Path/cycle facility;Road,FALSE,0,0,0,0,0,,,,,,Inf,Inf,Inf,,FALSE,Inf,Inf,219,FALSE,Pre-installation percentage index (mean = 100),log(percentage index / 100),FALSE
13,13 | Halton 010B,pedestrian,Sefton 018E | northway,Sefton 018E,northway,Northway near Kenyon's Ln (NB traffic),51664;51665;51666,3,Sefton,64.805,9.973,54.832,1,8,7,Path/cycle facility;Road,Other / crossing;Path/cycle facility;Road,FALSE,0,0,0,0,0,,,,,,Inf,Inf,Inf,,FALSE,Inf,Inf,220,FALSE,Pre-installation percentage index (mean = 100),log(percentage index / 100),FALSE
13,13 | Halton 010B,pedestrian,Sefton 008F | town ln kew,Sefton 008F,town ln kew,Town Ln Kew,50329;50330;50331,3,Sefton,64.805,9.503,55.302,1,8,7,Path/cycle facility;Road,Path/cycle facility;Road,FALSE,0,0,0,0,0,,,,,,Inf,Inf,Inf,,FALSE,Inf,Inf,221,FALSE,Pre-installation percentage index (mean = 100),log(percentage index / 100),FALSE
13,13 | Halton 010B,pedestrian,Halton 001B | birchfield rd,Halton 001B,birchfield rd,Birchfield Rd near Upton Ln,50268;50269,2,Halton,64.805,5.375,59.43,1,10,9,Path/cycle facility;Road,Other / crossing;Road,FALSE,0,0,0,0,0,,,,,,Inf,Inf,Inf,,FALSE,Inf,Inf,222,FALSE,Pre-installation percentage index (mean = 100),log(percentage index / 100),FALSE
